experiment,method,input_type,matching,experiment_label,university,program,degree,relevant_roles,n_program_skills,n_job_skills,n_overlap,full_coverage_pct,n_gap,n_surplus,role_coverage_pct,role_n_overlap,role_n_job_skills,role_n_gap,role_n_surplus,core_role_coverage_pct,core_n_job_skills,core_n_overlap,core_n_gap,n_foundational,n_surplus_clean,weighted_core_coverage_pct
TFIDF_names_exact,TFIDF,names,exact,TF-IDF on names (exact),American University of Armenia,Computer Science,Bachelor,"Software Engineering, Hardware / Embedded, IT Support / Admin / ERP, DevOps / Cloud, Data / ML / AI, Security, QA / Testing, Technical Management, UX / Product Design",48,2513,32,1.27,2481,16,1.27,32.0,2513.0,2481.0,16.0,3.3,394.0,13.0,381.0,9,26.0,14.58
TFIDF_names_exact,TFIDF,names,exact,TF-IDF on names (exact),American University of Armenia,Computer and Information Science,Master,"Software Engineering, Hardware / Embedded, IT Support / Admin / ERP, DevOps / Cloud, Data / ML / AI, Security, QA / Testing, Technical Management, UX / Product Design",56,2513,42,1.67,2471,14,1.67,42.0,2513.0,2471.0,14.0,4.06,394.0,16.0,378.0,5,35.0,14.81
TFIDF_names_exact,TFIDF,names,exact,TF-IDF on names (exact),American University of Armenia,Data Science,Bachelor,Data / ML / AI,34,2513,29,1.15,2484,5,4.3,25.0,582.0,557.0,9.0,25.0,16.0,4.0,12.0,4,26.0,50.84
TFIDF_names_exact,TFIDF,names,exact,TF-IDF on names (exact),American University of Armenia,Engineering Sciences,Bachelor,unmapped,29,2513,13,0.52,2500,16,,,,,,,,,,0,,
TFIDF_names_exact,TFIDF,names,exact,TF-IDF on names (exact),American University of Armenia,Environmental and Sustainability Sciences,Bachelor,unmapped,16,2513,9,0.36,2504,7,,,,,,,,,,0,,
TFIDF_names_exact,TFIDF,names,exact,TF-IDF on names (exact),American University of Armenia,General Education,General,unmapped,19,2513,16,0.64,2497,3,,,,,,,,,,0,,
TFIDF_names_exact,TFIDF,names,exact,TF-IDF on names (exact),American University of Armenia,Industrial Engineering and Systems Management,Master,"IT Support / Admin / ERP, Technical Management",36,2513,19,0.76,2494,17,1.69,10.0,591.0,581.0,26.0,6.25,48.0,3.0,45.0,0,33.0,10.0
TFIDF_names_exact,TFIDF,names,exact,TF-IDF on names (exact),Armenian State Pedagogical University,Informatics,Bachelor,"Software Engineering, IT Support / Admin / ERP",72,2513,33,1.31,2480,39,1.79,27.0,1510.0,1483.0,45.0,6.67,45.0,3.0,42.0,15,54.0,6.13
TFIDF_names_exact,TFIDF,names,exact,TF-IDF on names (exact),Armenian State Pedagogical University,Informatics,Master,"IT Support / Admin / ERP, Software Engineering",21,2513,12,0.48,2501,9,0.73,11.0,1510.0,1499.0,10.0,4.44,45.0,2.0,43.0,2,17.0,4.41
TFIDF_names_exact,TFIDF,names,exact,TF-IDF on names (exact),Armenian State University of Economics,Applied Statistics and Data Science,Master,Data / ML / AI,29,2513,9,0.36,2504,20,1.55,9.0,582.0,573.0,20.0,12.5,16.0,2.0,14.0,2,25.0,12.29
TFIDF_names_exact,TFIDF,names,exact,TF-IDF on names (exact),Armenian State University of Economics,Information Systems,Bachelor,"IT Support / Admin / ERP, Software Engineering",83,2513,57,2.27,2456,26,2.78,42.0,1510.0,1468.0,41.0,6.67,45.0,3.0,42.0,3,77.0,9.07
TFIDF_names_exact,TFIDF,names,exact,TF-IDF on names (exact),Armenian State University of Economics,Information Technology in Business,Master,"IT Support / Admin / ERP, Technical Management, Software Engineering",35,2513,21,0.84,2492,14,1.08,18.0,1669.0,1651.0,17.0,5.26,57.0,3.0,54.0,2,30.0,3.52
TFIDF_names_exact,TFIDF,names,exact,TF-IDF on names (exact),National Polytechnic University of Armenia,Computer Engineering,Bachelor,"Hardware / Embedded, Software Engineering",24,2513,17,0.68,2496,7,1.09,15.0,1371.0,1356.0,9.0,6.94,72.0,5.0,67.0,0,19.0,13.42
TFIDF_names_exact,TFIDF,names,exact,TF-IDF on names (exact),National Polytechnic University of Armenia,Computer Engineering,Master,"Hardware / Embedded, Software Engineering",18,2513,11,0.44,2502,7,0.73,10.0,1371.0,1361.0,8.0,4.17,72.0,3.0,69.0,0,15.0,8.72
TFIDF_names_exact,TFIDF,names,exact,TF-IDF on names (exact),National Polytechnic University of Armenia,Informatics (Computer Science),Bachelor,"Software Engineering, Hardware / Embedded, IT Support / Admin / ERP, DevOps / Cloud, Data / ML / AI, Security, QA / Testing, Technical Management, UX / Product Design",36,2513,19,0.76,2494,17,0.76,19.0,2513.0,2494.0,17.0,1.78,394.0,7.0,387.0,4,25.0,4.63
TFIDF_names_exact,TFIDF,names,exact,TF-IDF on names (exact),National Polytechnic University of Armenia,Informatics (Computer Science),Master,"Software Engineering, Hardware / Embedded, IT Support / Admin / ERP, DevOps / Cloud, Data / ML / AI, Security, QA / Testing, Technical Management, UX / Product Design",27,2513,12,0.48,2501,15,0.48,12.0,2513.0,2501.0,15.0,1.02,394.0,4.0,390.0,7,16.0,3.01
TFIDF_names_exact,TFIDF,names,exact,TF-IDF on names (exact),National Polytechnic University of Armenia,Information Security,Bachelor,Security,27,2513,20,0.8,2493,7,5.45,6.0,110.0,104.0,21.0,5.45,110.0,6.0,104.0,2,19.0,13.5
TFIDF_names_exact,TFIDF,names,exact,TF-IDF on names (exact),National Polytechnic University of Armenia,Information Systems,Bachelor,"IT Support / Admin / ERP, Software Engineering",26,2513,22,0.88,2491,4,1.32,20.0,1510.0,1490.0,6.0,6.67,45.0,3.0,42.0,0,23.0,8.33
TFIDF_names_exact,TFIDF,names,exact,TF-IDF on names (exact),National Polytechnic University of Armenia,Information Systems,Master,"IT Support / Admin / ERP, Software Engineering",25,2513,18,0.72,2495,7,0.93,14.0,1510.0,1496.0,11.0,6.67,45.0,3.0,42.0,3,19.0,14.71
TFIDF_names_exact,TFIDF,names,exact,TF-IDF on names (exact),National Polytechnic University of Armenia,Information Technologies,Bachelor,"Software Engineering, Hardware / Embedded, IT Support / Admin / ERP, DevOps / Cloud, Data / ML / AI, Security, QA / Testing, Technical Management, UX / Product Design",22,2513,18,0.72,2495,4,0.72,18.0,2513.0,2495.0,4.0,2.79,394.0,11.0,383.0,3,8.0,12.08
TFIDF_names_exact,TFIDF,names,exact,TF-IDF on names (exact),National Polytechnic University of Armenia,Software Engineering,Bachelor,"Software Engineering, QA / Testing",44,2513,30,1.19,2483,14,1.9,28.0,1470.0,1442.0,16.0,17.14,35.0,6.0,29.0,4,34.0,34.34
TFIDF_names_exact,TFIDF,names,exact,TF-IDF on names (exact),National Polytechnic University of Armenia,Software Engineering,Master,"Software Engineering, QA / Testing",51,2513,35,1.39,2478,16,1.97,29.0,1470.0,1441.0,22.0,17.14,35.0,6.0,29.0,3,42.0,31.82
TFIDF_names_exact,TFIDF,names,exact,TF-IDF on names (exact),National University of Architecture and Construction of Armenia,Geographic Information Systems,Master,"Data / ML / AI, IT Support / Admin / ERP",21,2513,8,0.32,2505,13,0.7,6.0,856.0,850.0,15.0,2.0,50.0,1.0,49.0,0,20.0,19.43
TFIDF_names_exact,TFIDF,names,exact,TF-IDF on names (exact),National University of Architecture and Construction of Armenia,Informatics (Computer Science),Bachelor,"Software Engineering, Hardware / Embedded, IT Support / Admin / ERP, DevOps / Cloud, Data / ML / AI, Security, QA / Testing, Technical Management, UX / Product Design",58,2513,29,1.15,2484,29,1.15,29.0,2513.0,2484.0,29.0,2.54,394.0,10.0,384.0,3,45.0,10.79
TFIDF_names_exact,TFIDF,names,exact,TF-IDF on names (exact),National University of Architecture and Construction of Armenia,Informatics (Computer Science),Master,"Software Engineering, Hardware / Embedded, IT Support / Admin / ERP, DevOps / Cloud, Data / ML / AI, Security, QA / Testing, Technical Management, UX / Product Design",35,2513,23,0.92,2490,12,0.92,23.0,2513.0,2490.0,12.0,2.28,394.0,9.0,385.0,2,24.0,11.94
TFIDF_names_exact,TFIDF,names,exact,TF-IDF on names (exact),National University of Architecture and Construction of Armenia,Information Systems,Bachelor,"IT Support / Admin / ERP, Software Engineering",45,2513,24,0.96,2489,21,1.32,20.0,1510.0,1490.0,25.0,4.44,45.0,2.0,43.0,2,41.0,5.15
TFIDF_names_exact,TFIDF,names,exact,TF-IDF on names (exact),National University of Architecture and Construction of Armenia,Project Management (in Information Technologies),Master,"Technical Management, IT Support / Admin / ERP",30,2513,18,0.72,2495,12,1.18,7.0,591.0,584.0,23.0,2.08,48.0,1.0,47.0,0,29.0,4.78
TFIDF_names_exact,TFIDF,names,exact,TF-IDF on names (exact),Russian-Armenian University,Applied Mathematics and Informatics,Bachelor,"Software Engineering, Hardware / Embedded, IT Support / Admin / ERP, DevOps / Cloud, Data / ML / AI, Security, QA / Testing, Technical Management, UX / Product Design",44,2513,22,0.88,2491,22,0.88,22.0,2513.0,2491.0,22.0,1.27,394.0,5.0,389.0,11,28.0,6.02
TFIDF_names_exact,TFIDF,names,exact,TF-IDF on names (exact),Université Française en Arménie,Computer Science,Bachelor,"Software Engineering, Hardware / Embedded, IT Support / Admin / ERP, DevOps / Cloud, Data / ML / AI, Security, QA / Testing, Technical Management, UX / Product Design",54,2513,34,1.35,2479,20,1.35,34.0,2513.0,2479.0,20.0,3.05,394.0,12.0,382.0,9,33.0,10.88
TFIDF_names_exact,TFIDF,names,exact,TF-IDF on names (exact),Université Française en Arménie,MS in Computer Science - Artificial Intelligence: Foundations and Applications,Master,"Data / ML / AI, Software Engineering",29,2513,24,0.96,2489,5,1.33,22.0,1651.0,1629.0,7.0,11.54,26.0,3.0,23.0,3,23.0,22.86
TFIDF_names_exact,TFIDF,names,exact,TF-IDF on names (exact),Yerevan State University,Applied Statistics and Data Science,Bachelor,Data / ML / AI,69,2513,27,1.07,2486,42,3.26,19.0,582.0,563.0,50.0,18.75,16.0,3.0,13.0,7,59.0,46.93
TFIDF_names_exact,TFIDF,names,exact,TF-IDF on names (exact),Yerevan State University,Applied Statistics and Data Science,Master,Data / ML / AI,41,2513,18,0.72,2495,23,2.23,13.0,582.0,569.0,28.0,18.75,16.0,3.0,13.0,4,34.0,46.93
TFIDF_names_exact,TFIDF,names,exact,TF-IDF on names (exact),Yerevan State University,Blockchain and Digital Currencies,Master,unmapped,19,2513,10,0.4,2503,9,,,,,,,,,,0,,
TFIDF_names_exact,TFIDF,names,exact,TF-IDF on names (exact),Yerevan State University,Data Processing in Physics and Artificial Intelligence,Bachelor,Data / ML / AI,98,2513,33,1.31,2480,65,3.44,20.0,582.0,562.0,78.0,12.5,16.0,2.0,14.0,6,90.0,11.73
TFIDF_names_exact,TFIDF,names,exact,TF-IDF on names (exact),Yerevan State University,Data Science in Business,Master,Data / ML / AI,33,2513,24,0.96,2489,9,3.61,21.0,582.0,561.0,12.0,18.75,16.0,3.0,13.0,1,29.0,46.93
TFIDF_names_exact,TFIDF,names,exact,TF-IDF on names (exact),Yerevan State University,Discrete Mathematics and Theoretical Informatics,Master,"Data / ML / AI, Software Engineering",40,2513,22,0.88,2491,18,1.21,20.0,1651.0,1631.0,20.0,11.54,26.0,3.0,23.0,6,31.0,10.0
TFIDF_names_exact,TFIDF,names,exact,TF-IDF on names (exact),Yerevan State University,Informatics and Applied Mathematics,Bachelor,"Software Engineering, Hardware / Embedded, IT Support / Admin / ERP, DevOps / Cloud, Data / ML / AI, Security, QA / Testing, Technical Management, UX / Product Design",88,2513,27,1.07,2486,61,1.07,27.0,2513.0,2486.0,61.0,1.78,394.0,7.0,387.0,15,66.0,7.04
TFIDF_names_exact,TFIDF,names,exact,TF-IDF on names (exact),Yerevan State University,Informatics and Applied Mathematics (Part time),Bachelor,"Software Engineering, Hardware / Embedded, IT Support / Admin / ERP, DevOps / Cloud, Data / ML / AI, Security, QA / Testing, Technical Management, UX / Product Design",90,2513,27,1.07,2486,63,1.07,27.0,2513.0,2486.0,63.0,1.78,394.0,7.0,387.0,15,68.0,7.04
TFIDF_names_exact,TFIDF,names,exact,TF-IDF on names (exact),Yerevan State University,Information Security,Bachelor,Security,77,2513,31,1.23,2482,46,3.64,4.0,110.0,106.0,73.0,3.64,110.0,4.0,106.0,14,59.0,11.66
TFIDF_names_exact,TFIDF,names,exact,TF-IDF on names (exact),Yerevan State University,Information Systems Development,Master,"IT Support / Admin / ERP, Software Engineering",46,2513,30,1.19,2483,16,1.66,25.0,1510.0,1485.0,21.0,15.56,45.0,7.0,38.0,3,36.0,27.45
TFIDF_names_exact,TFIDF,names,exact,TF-IDF on names (exact),Yerevan State University,Information Systems Management,Master,"IT Support / Admin / ERP, Technical Management",39,2513,24,0.96,2489,15,2.03,12.0,591.0,579.0,27.0,8.33,48.0,4.0,44.0,3,32.0,10.0
TFIDF_names_exact,TFIDF,names,exact,TF-IDF on names (exact),Yerevan State University,"Mathematical and Software Development of Computing Machines, Complexes, Systems and Networks",Master,"Software Engineering, DevOps / Cloud",41,2513,26,1.03,2487,15,1.14,17.0,1497.0,1480.0,24.0,6.0,50.0,3.0,47.0,5,33.0,8.39
TFIDF_names_exact,TFIDF,names,exact,TF-IDF on names (exact),Yerevan State University,Numerical Analysis and Mathematical Modelling,Master,"Data / ML / AI, Software Engineering",38,2513,18,0.72,2495,20,0.97,16.0,1651.0,1635.0,22.0,11.54,26.0,3.0,23.0,6,29.0,8.81
TFIDF_names_exact,TFIDF,names,exact,TF-IDF on names (exact),Yerevan State University,Radiophysics and Computer Technology,Bachelor,Hardware / Embedded,98,2513,34,1.35,2479,64,5.96,9.0,151.0,142.0,89.0,8.06,62.0,5.0,57.0,2,91.0,10.94
KeyBERT_names_exact,KeyBERT,names,exact,KeyBERT on names (exact),American University of Armenia,Computer Science,Bachelor,"Software Engineering, Hardware / Embedded, IT Support / Admin / ERP, DevOps / Cloud, Data / ML / AI, Security, QA / Testing, Technical Management, UX / Product Design",38,3641,10,0.27,3631,28,0.27,10.0,3641.0,3631.0,28.0,0.98,410.0,4.0,406.0,6,28.0,3.36
KeyBERT_names_exact,KeyBERT,names,exact,KeyBERT on names (exact),American University of Armenia,Computer and Information Science,Master,"Software Engineering, Hardware / Embedded, IT Support / Admin / ERP, DevOps / Cloud, Data / ML / AI, Security, QA / Testing, Technical Management, UX / Product Design",58,3641,13,0.36,3628,45,0.36,13.0,3641.0,3628.0,45.0,1.46,410.0,6.0,404.0,7,45.0,4.77
KeyBERT_names_exact,KeyBERT,names,exact,KeyBERT on names (exact),American University of Armenia,Data Science,Bachelor,Data / ML / AI,55,3641,10,0.27,3631,45,1.18,9.0,764.0,755.0,46.0,25.0,12.0,3.0,9.0,4,48.0,21.36
KeyBERT_names_exact,KeyBERT,names,exact,KeyBERT on names (exact),American University of Armenia,Engineering Sciences,Bachelor,unmapped,36,3641,5,0.14,3636,31,,,,,,,,,,0,,
KeyBERT_names_exact,KeyBERT,names,exact,KeyBERT on names (exact),American University of Armenia,Environmental and Sustainability Sciences,Bachelor,unmapped,54,3641,3,0.08,3638,51,,,,,,,,,,0,,
KeyBERT_names_exact,KeyBERT,names,exact,KeyBERT on names (exact),American University of Armenia,General Education,General,unmapped,36,3641,5,0.14,3636,31,,,,,,,,,,0,,
KeyBERT_names_exact,KeyBERT,names,exact,KeyBERT on names (exact),American University of Armenia,Industrial Engineering and Systems Management,Master,"IT Support / Admin / ERP, Technical Management",64,3641,14,0.38,3627,50,0.44,3.0,684.0,681.0,61.0,0.0,25.0,0.0,25.0,0,64.0,0.0
KeyBERT_names_exact,KeyBERT,names,exact,KeyBERT on names (exact),Armenian State Pedagogical University,Informatics,Bachelor,"Software Engineering, IT Support / Admin / ERP",71,3641,22,0.6,3619,49,0.92,17.0,1853.0,1836.0,54.0,4.17,24.0,1.0,23.0,15,55.0,8.62
KeyBERT_names_exact,KeyBERT,names,exact,KeyBERT on names (exact),Armenian State Pedagogical University,Informatics,Master,"IT Support / Admin / ERP, Software Engineering",24,3641,11,0.3,3630,13,0.49,9.0,1853.0,1844.0,15.0,4.17,24.0,1.0,23.0,2,21.0,8.62
KeyBERT_names_exact,KeyBERT,names,exact,KeyBERT on names (exact),Armenian State University of Economics,Applied Statistics and Data Science,Master,Data / ML / AI,29,3641,8,0.22,3633,21,1.05,8.0,764.0,756.0,21.0,41.67,12.0,5.0,7.0,2,22.0,50.49
KeyBERT_names_exact,KeyBERT,names,exact,KeyBERT on names (exact),Armenian State University of Economics,Information Systems,Bachelor,"IT Support / Admin / ERP, Software Engineering",70,3641,48,1.32,3593,22,1.94,36.0,1853.0,1817.0,34.0,4.17,24.0,1.0,23.0,3,66.0,2.59
KeyBERT_names_exact,KeyBERT,names,exact,KeyBERT on names (exact),Armenian State University of Economics,Information Technology in Business,Master,"IT Support / Admin / ERP, Technical Management, Software Engineering",30,3641,17,0.47,3624,13,0.62,13.0,2087.0,2074.0,17.0,6.45,31.0,2.0,29.0,2,26.0,4.38
KeyBERT_names_exact,KeyBERT,names,exact,KeyBERT on names (exact),National Polytechnic University of Armenia,Computer Engineering,Bachelor,"Hardware / Embedded, Software Engineering",74,3641,10,0.27,3631,64,0.4,7.0,1742.0,1735.0,67.0,0.0,48.0,0.0,48.0,0,74.0,0.0
KeyBERT_names_exact,KeyBERT,names,exact,KeyBERT on names (exact),National Polytechnic University of Armenia,Computer Engineering,Master,"Hardware / Embedded, Software Engineering",57,3641,8,0.22,3633,49,0.23,4.0,1742.0,1738.0,53.0,0.0,48.0,0.0,48.0,0,57.0,0.0
KeyBERT_names_exact,KeyBERT,names,exact,KeyBERT on names (exact),National Polytechnic University of Armenia,Informatics (Computer Science),Bachelor,"Software Engineering, Hardware / Embedded, IT Support / Admin / ERP, DevOps / Cloud, Data / ML / AI, Security, QA / Testing, Technical Management, UX / Product Design",36,3641,3,0.08,3638,33,0.08,3.0,3641.0,3638.0,33.0,0.24,410.0,1.0,409.0,5,30.0,0.94
KeyBERT_names_exact,KeyBERT,names,exact,KeyBERT on names (exact),National Polytechnic University of Armenia,Informatics (Computer Science),Master,"Software Engineering, Hardware / Embedded, IT Support / Admin / ERP, DevOps / Cloud, Data / ML / AI, Security, QA / Testing, Technical Management, UX / Product Design",54,3641,1,0.03,3640,53,0.03,1.0,3641.0,3640.0,53.0,0.0,410.0,0.0,410.0,12,42.0,0.0
KeyBERT_names_exact,KeyBERT,names,exact,KeyBERT on names (exact),National Polytechnic University of Armenia,Information Security,Bachelor,Security,51,3641,14,0.38,3627,37,1.31,2.0,153.0,151.0,49.0,1.31,153.0,2.0,151.0,3,46.0,1.19
KeyBERT_names_exact,KeyBERT,names,exact,KeyBERT on names (exact),National Polytechnic University of Armenia,Information Systems,Bachelor,"IT Support / Admin / ERP, Software Engineering",72,3641,17,0.47,3624,55,0.76,14.0,1853.0,1839.0,58.0,0.0,24.0,0.0,24.0,1,71.0,0.0
KeyBERT_names_exact,KeyBERT,names,exact,KeyBERT on names (exact),National Polytechnic University of Armenia,Information Systems,Master,"IT Support / Admin / ERP, Software Engineering",60,3641,10,0.27,3631,50,0.43,8.0,1853.0,1845.0,52.0,4.17,24.0,1.0,23.0,5,54.0,6.03
KeyBERT_names_exact,KeyBERT,names,exact,KeyBERT on names (exact),National Polytechnic University of Armenia,Information Technologies,Bachelor,"Software Engineering, Hardware / Embedded, IT Support / Admin / ERP, DevOps / Cloud, Data / ML / AI, Security, QA / Testing, Technical Management, UX / Product Design",39,3641,14,0.38,3627,25,0.38,14.0,3641.0,3627.0,25.0,1.22,410.0,5.0,405.0,5,29.0,2.68
KeyBERT_names_exact,KeyBERT,names,exact,KeyBERT on names (exact),National Polytechnic University of Armenia,Software Engineering,Bachelor,"Software Engineering, QA / Testing",74,3641,22,0.6,3619,52,1.06,19.0,1788.0,1769.0,55.0,2.5,40.0,1.0,39.0,7,66.0,7.32
KeyBERT_names_exact,KeyBERT,names,exact,KeyBERT on names (exact),National Polytechnic University of Armenia,Software Engineering,Master,"Software Engineering, QA / Testing",95,3641,25,0.69,3616,70,1.01,18.0,1788.0,1770.0,77.0,10.0,40.0,4.0,36.0,7,84.0,18.43
KeyBERT_names_exact,KeyBERT,names,exact,KeyBERT on names (exact),National University of Architecture and Construction of Armenia,Geographic Information Systems,Master,"Data / ML / AI, IT Support / Admin / ERP",31,3641,0,0.0,3641,31,0.0,0.0,1105.0,1105.0,31.0,0.0,28.0,0.0,28.0,0,31.0,0.0
KeyBERT_names_exact,KeyBERT,names,exact,KeyBERT on names (exact),National University of Architecture and Construction of Armenia,Informatics (Computer Science),Bachelor,"Software Engineering, Hardware / Embedded, IT Support / Admin / ERP, DevOps / Cloud, Data / ML / AI, Security, QA / Testing, Technical Management, UX / Product Design",62,3641,15,0.41,3626,47,0.41,15.0,3641.0,3626.0,47.0,1.46,410.0,6.0,404.0,3,53.0,4.23
KeyBERT_names_exact,KeyBERT,names,exact,KeyBERT on names (exact),National University of Architecture and Construction of Armenia,Informatics (Computer Science),Master,"Software Engineering, Hardware / Embedded, IT Support / Admin / ERP, DevOps / Cloud, Data / ML / AI, Security, QA / Testing, Technical Management, UX / Product Design",53,3641,12,0.33,3629,41,0.33,12.0,3641.0,3629.0,41.0,1.22,410.0,5.0,405.0,4,44.0,2.01
KeyBERT_names_exact,KeyBERT,names,exact,KeyBERT on names (exact),National University of Architecture and Construction of Armenia,Information Systems,Bachelor,"IT Support / Admin / ERP, Software Engineering",65,3641,9,0.25,3632,56,0.38,7.0,1853.0,1846.0,58.0,0.0,24.0,0.0,24.0,2,63.0,0.0
KeyBERT_names_exact,KeyBERT,names,exact,KeyBERT on names (exact),National University of Architecture and Construction of Armenia,Project Management (in Information Technologies),Master,"Technical Management, IT Support / Admin / ERP",52,3641,17,0.47,3624,35,0.73,5.0,684.0,679.0,47.0,0.0,25.0,0.0,25.0,1,51.0,0.0
KeyBERT_names_exact,KeyBERT,names,exact,KeyBERT on names (exact),Russian-Armenian University,Applied Mathematics and Informatics,Bachelor,"Software Engineering, Hardware / Embedded, IT Support / Admin / ERP, DevOps / Cloud, Data / ML / AI, Security, QA / Testing, Technical Management, UX / Product Design",58,3641,5,0.14,3636,53,0.14,5.0,3641.0,3636.0,53.0,0.24,410.0,1.0,409.0,19,38.0,0.6
KeyBERT_names_exact,KeyBERT,names,exact,KeyBERT on names (exact),Université Française en Arménie,Computer Science,Bachelor,"Software Engineering, Hardware / Embedded, IT Support / Admin / ERP, DevOps / Cloud, Data / ML / AI, Security, QA / Testing, Technical Management, UX / Product Design",90,3641,13,0.36,3628,77,0.36,13.0,3641.0,3628.0,77.0,1.71,410.0,7.0,403.0,11,72.0,7.25
KeyBERT_names_exact,KeyBERT,names,exact,KeyBERT on names (exact),Université Française en Arménie,MS in Computer Science - Artificial Intelligence: Foundations and Applications,Master,"Data / ML / AI, Software Engineering",41,3641,10,0.27,3631,31,0.37,8.0,2177.0,2169.0,33.0,5.26,19.0,1.0,18.0,2,38.0,2.37
KeyBERT_names_exact,KeyBERT,names,exact,KeyBERT on names (exact),Yerevan State University,Applied Statistics and Data Science,Bachelor,Data / ML / AI,58,3641,6,0.16,3635,52,0.52,4.0,764.0,760.0,54.0,8.33,12.0,1.0,11.0,6,51.0,15.53
KeyBERT_names_exact,KeyBERT,names,exact,KeyBERT on names (exact),Yerevan State University,Applied Statistics and Data Science,Master,Data / ML / AI,38,3641,6,0.16,3635,32,0.52,4.0,764.0,760.0,34.0,16.67,12.0,2.0,10.0,4,32.0,22.33
KeyBERT_names_exact,KeyBERT,names,exact,KeyBERT on names (exact),Yerevan State University,Blockchain and Digital Currencies,Master,unmapped,36,3641,6,0.16,3635,30,,,,,,,,,,0,,
KeyBERT_names_exact,KeyBERT,names,exact,KeyBERT on names (exact),Yerevan State University,Data Processing in Physics and Artificial Intelligence,Bachelor,Data / ML / AI,125,3641,11,0.3,3630,114,0.52,4.0,764.0,760.0,121.0,0.0,12.0,0.0,12.0,10,115.0,0.0
KeyBERT_names_exact,KeyBERT,names,exact,KeyBERT on names (exact),Yerevan State University,Data Science in Business,Master,Data / ML / AI,51,3641,18,0.49,3623,33,1.7,13.0,764.0,751.0,38.0,66.67,12.0,8.0,4.0,2,41.0,75.73
KeyBERT_names_exact,KeyBERT,names,exact,KeyBERT on names (exact),Yerevan State University,Discrete Mathematics and Theoretical Informatics,Master,"Data / ML / AI, Software Engineering",61,3641,13,0.36,3628,48,0.41,9.0,2177.0,2168.0,52.0,10.53,19.0,2.0,17.0,7,52.0,8.81
KeyBERT_names_exact,KeyBERT,names,exact,KeyBERT on names (exact),Yerevan State University,Informatics and Applied Mathematics,Bachelor,"Software Engineering, Hardware / Embedded, IT Support / Admin / ERP, DevOps / Cloud, Data / ML / AI, Security, QA / Testing, Technical Management, UX / Product Design",79,3641,3,0.08,3638,76,0.08,3.0,3641.0,3638.0,76.0,0.24,410.0,1.0,409.0,13,65.0,0.07
KeyBERT_names_exact,KeyBERT,names,exact,KeyBERT on names (exact),Yerevan State University,Informatics and Applied Mathematics (Part time),Bachelor,"Software Engineering, Hardware / Embedded, IT Support / Admin / ERP, DevOps / Cloud, Data / ML / AI, Security, QA / Testing, Technical Management, UX / Product Design",81,3641,3,0.08,3638,78,0.08,3.0,3641.0,3638.0,78.0,0.24,410.0,1.0,409.0,13,67.0,0.07
KeyBERT_names_exact,KeyBERT,names,exact,KeyBERT on names (exact),Yerevan State University,Information Security,Bachelor,Security,73,3641,6,0.16,3635,67,1.31,2.0,153.0,151.0,71.0,1.31,153.0,2.0,151.0,12,59.0,1.19
KeyBERT_names_exact,KeyBERT,names,exact,KeyBERT on names (exact),Yerevan State University,Information Systems Development,Master,"IT Support / Admin / ERP, Software Engineering",59,3641,22,0.6,3619,37,0.81,15.0,1853.0,1838.0,44.0,4.17,24.0,1.0,23.0,5,53.0,5.6
KeyBERT_names_exact,KeyBERT,names,exact,KeyBERT on names (exact),Yerevan State University,Information Systems Management,Master,"IT Support / Admin / ERP, Technical Management",58,3641,14,0.38,3627,44,0.44,3.0,684.0,681.0,55.0,0.0,25.0,0.0,25.0,4,54.0,0.0
KeyBERT_names_exact,KeyBERT,names,exact,KeyBERT on names (exact),Yerevan State University,"Mathematical and Software Development of Computing Machines, Complexes, Systems and Networks",Master,"Software Engineering, DevOps / Cloud",64,3641,19,0.52,3622,45,0.64,12.0,1874.0,1862.0,52.0,0.0,31.0,0.0,31.0,3,61.0,0.0
KeyBERT_names_exact,KeyBERT,names,exact,KeyBERT on names (exact),Yerevan State University,Numerical Analysis and Mathematical Modelling,Master,"Data / ML / AI, Software Engineering",56,3641,7,0.19,3634,49,0.23,5.0,2177.0,2172.0,51.0,5.26,19.0,1.0,18.0,7,48.0,2.37
KeyBERT_names_exact,KeyBERT,names,exact,KeyBERT on names (exact),Yerevan State University,Radiophysics and Computer Technology,Bachelor,Hardware / Embedded,176,3641,13,0.36,3628,163,1.59,4.0,251.0,247.0,172.0,0.0,41.0,0.0,41.0,1,175.0,0.0
TFIDF_desc_exact,TFIDF,desc,exact,TF-IDF on descriptions (exact),American University of Armenia,Computer Science,Bachelor,"Software Engineering, Hardware / Embedded, IT Support / Admin / ERP, DevOps / Cloud, Data / ML / AI, Security, QA / Testing, Technical Management, UX / Product Design",464,2513,61,2.43,2452,403,2.43,61.0,2513.0,2452.0,403.0,4.31,394.0,17.0,377.0,32,415.0,12.82
TFIDF_desc_exact,TFIDF,desc,exact,TF-IDF on descriptions (exact),American University of Armenia,Computer and Information Science,Master,"Software Engineering, Hardware / Embedded, IT Support / Admin / ERP, DevOps / Cloud, Data / ML / AI, Security, QA / Testing, Technical Management, UX / Product Design",588,2513,108,4.3,2405,480,4.3,108.0,2513.0,2405.0,480.0,5.33,394.0,21.0,373.0,29,538.0,9.63
TFIDF_desc_exact,TFIDF,desc,exact,TF-IDF on descriptions (exact),American University of Armenia,Data Science,Bachelor,Data / ML / AI,310,2513,62,2.47,2451,248,6.87,40.0,582.0,542.0,270.0,50.0,16.0,8.0,8.0,9,293.0,65.36
TFIDF_desc_exact,TFIDF,desc,exact,TF-IDF on descriptions (exact),American University of Armenia,Engineering Sciences,Bachelor,unmapped,327,2513,35,1.39,2478,292,,,,,,,,,,0,,
TFIDF_desc_exact,TFIDF,desc,exact,TF-IDF on descriptions (exact),American University of Armenia,Environmental and Sustainability Sciences,Bachelor,unmapped,224,2513,23,0.92,2490,201,,,,,,,,,,0,,
TFIDF_desc_exact,TFIDF,desc,exact,TF-IDF on descriptions (exact),American University of Armenia,General Education,General,unmapped,263,2513,37,1.47,2476,226,,,,,,,,,,0,,
TFIDF_desc_exact,TFIDF,desc,exact,TF-IDF on descriptions (exact),American University of Armenia,Industrial Engineering and Systems Management,Master,"IT Support / Admin / ERP, Technical Management",306,2513,33,1.31,2480,273,2.03,12.0,591.0,579.0,294.0,0.0,48.0,0.0,48.0,6,300.0,0.0
TFIDF_desc_exact,TFIDF,desc,exact,TF-IDF on descriptions (exact),Armenian State Pedagogical University,Informatics,Bachelor,"Software Engineering, IT Support / Admin / ERP",79,2513,29,1.15,2484,50,1.52,23.0,1510.0,1487.0,56.0,4.44,45.0,2.0,43.0,11,66.0,4.17
TFIDF_desc_exact,TFIDF,desc,exact,TF-IDF on descriptions (exact),Armenian State Pedagogical University,Informatics,Master,"IT Support / Admin / ERP, Software Engineering",31,2513,8,0.32,2505,23,0.46,7.0,1510.0,1503.0,24.0,4.44,45.0,2.0,43.0,1,28.0,4.41
TFIDF_desc_exact,TFIDF,desc,exact,TF-IDF on descriptions (exact),Armenian State University of Economics,Applied Statistics and Data Science,Master,Data / ML / AI,52,2513,14,0.56,2499,38,1.89,11.0,582.0,571.0,41.0,18.75,16.0,3.0,13.0,0,49.0,42.46
TFIDF_desc_exact,TFIDF,desc,exact,TF-IDF on descriptions (exact),Armenian State University of Economics,Information Systems,Bachelor,"IT Support / Admin / ERP, Software Engineering",81,2513,43,1.71,2470,38,2.25,34.0,1510.0,1476.0,47.0,11.11,45.0,5.0,40.0,1,75.0,17.89
TFIDF_desc_exact,TFIDF,desc,exact,TF-IDF on descriptions (exact),Armenian State University of Economics,Information Technology in Business,Master,"IT Support / Admin / ERP, Technical Management, Software Engineering",43,2513,16,0.64,2497,27,0.84,14.0,1669.0,1655.0,29.0,1.75,57.0,1.0,56.0,0,42.0,0.93
TFIDF_desc_exact,TFIDF,desc,exact,TF-IDF on descriptions (exact),National Polytechnic University of Armenia,Computer Engineering,Bachelor,"Hardware / Embedded, Software Engineering",210,2513,34,1.35,2479,176,1.68,23.0,1371.0,1348.0,187.0,5.56,72.0,4.0,68.0,7,199.0,6.26
TFIDF_desc_exact,TFIDF,desc,exact,TF-IDF on descriptions (exact),National Polytechnic University of Armenia,Computer Engineering,Master,"Hardware / Embedded, Software Engineering",161,2513,37,1.47,2476,124,1.82,25.0,1371.0,1346.0,136.0,2.78,72.0,2.0,70.0,2,157.0,3.13
TFIDF_desc_exact,TFIDF,desc,exact,TF-IDF on descriptions (exact),National Polytechnic University of Armenia,Informatics (Computer Science),Bachelor,"Software Engineering, Hardware / Embedded, IT Support / Admin / ERP, DevOps / Cloud, Data / ML / AI, Security, QA / Testing, Technical Management, UX / Product Design",295,2513,34,1.35,2479,261,1.35,34.0,2513.0,2479.0,261.0,2.79,394.0,11.0,383.0,22,262.0,6.76
TFIDF_desc_exact,TFIDF,desc,exact,TF-IDF on descriptions (exact),National Polytechnic University of Armenia,Informatics (Computer Science),Master,"Software Engineering, Hardware / Embedded, IT Support / Admin / ERP, DevOps / Cloud, Data / ML / AI, Security, QA / Testing, Technical Management, UX / Product Design",156,2513,16,0.64,2497,140,0.64,16.0,2513.0,2497.0,140.0,1.52,394.0,6.0,388.0,16,134.0,2.96
TFIDF_desc_exact,TFIDF,desc,exact,TF-IDF on descriptions (exact),National Polytechnic University of Armenia,Information Security,Bachelor,Security,156,2513,24,0.96,2489,132,6.36,7.0,110.0,103.0,149.0,6.36,110.0,7.0,103.0,5,144.0,15.95
TFIDF_desc_exact,TFIDF,desc,exact,TF-IDF on descriptions (exact),National Polytechnic University of Armenia,Information Systems,Bachelor,"IT Support / Admin / ERP, Software Engineering",298,2513,58,2.31,2455,240,2.65,40.0,1510.0,1470.0,258.0,6.67,45.0,3.0,42.0,4,291.0,3.92
TFIDF_desc_exact,TFIDF,desc,exact,TF-IDF on descriptions (exact),National Polytechnic University of Armenia,Information Systems,Master,"IT Support / Admin / ERP, Software Engineering",197,2513,37,1.47,2476,160,1.66,25.0,1510.0,1485.0,172.0,4.44,45.0,2.0,43.0,7,188.0,4.41
TFIDF_desc_exact,TFIDF,desc,exact,TF-IDF on descriptions (exact),National Polytechnic University of Armenia,Information Technologies,Bachelor,"Software Engineering, Hardware / Embedded, IT Support / Admin / ERP, DevOps / Cloud, Data / ML / AI, Security, QA / Testing, Technical Management, UX / Product Design",228,2513,60,2.39,2453,168,2.39,60.0,2513.0,2453.0,168.0,4.82,394.0,19.0,375.0,4,205.0,7.27
TFIDF_desc_exact,TFIDF,desc,exact,TF-IDF on descriptions (exact),National Polytechnic University of Armenia,Software Engineering,Bachelor,"Software Engineering, QA / Testing",362,2513,68,2.71,2445,294,3.81,56.0,1470.0,1414.0,306.0,25.71,35.0,9.0,26.0,18,335.0,39.39
TFIDF_desc_exact,TFIDF,desc,exact,TF-IDF on descriptions (exact),National Polytechnic University of Armenia,Software Engineering,Master,"Software Engineering, QA / Testing",342,2513,75,2.98,2438,267,3.61,53.0,1470.0,1417.0,289.0,20.0,35.0,7.0,28.0,12,323.0,41.41
TFIDF_desc_exact,TFIDF,desc,exact,TF-IDF on descriptions (exact),National University of Architecture and Construction of Armenia,Geographic Information Systems,Master,"Data / ML / AI, IT Support / Admin / ERP",132,2513,13,0.52,2500,119,0.58,5.0,856.0,851.0,127.0,0.0,50.0,0.0,50.0,2,130.0,0.0
TFIDF_desc_exact,TFIDF,desc,exact,TF-IDF on descriptions (exact),National University of Architecture and Construction of Armenia,Informatics (Computer Science),Bachelor,"Software Engineering, Hardware / Embedded, IT Support / Admin / ERP, DevOps / Cloud, Data / ML / AI, Security, QA / Testing, Technical Management, UX / Product Design",588,2513,65,2.59,2448,523,2.59,65.0,2513.0,2448.0,523.0,4.31,394.0,17.0,377.0,24,547.0,12.87
TFIDF_desc_exact,TFIDF,desc,exact,TF-IDF on descriptions (exact),National University of Architecture and Construction of Armenia,Informatics (Computer Science),Master,"Software Engineering, Hardware / Embedded, IT Support / Admin / ERP, DevOps / Cloud, Data / ML / AI, Security, QA / Testing, Technical Management, UX / Product Design",208,2513,37,1.47,2476,171,1.47,37.0,2513.0,2476.0,171.0,2.28,394.0,9.0,385.0,10,189.0,10.0
TFIDF_desc_exact,TFIDF,desc,exact,TF-IDF on descriptions (exact),National University of Architecture and Construction of Armenia,Information Systems,Bachelor,"IT Support / Admin / ERP, Software Engineering",595,2513,68,2.71,2445,527,3.38,51.0,1510.0,1459.0,544.0,6.67,45.0,3.0,42.0,20,572.0,7.35
TFIDF_desc_exact,TFIDF,desc,exact,TF-IDF on descriptions (exact),National University of Architecture and Construction of Armenia,Project Management (in Information Technologies),Master,"Technical Management, IT Support / Admin / ERP",221,2513,48,1.91,2465,173,3.21,19.0,591.0,572.0,202.0,6.25,48.0,3.0,45.0,2,216.0,5.22
TFIDF_desc_exact,TFIDF,desc,exact,TF-IDF on descriptions (exact),Russian-Armenian University,Applied Mathematics and Informatics,Bachelor,"Software Engineering, Hardware / Embedded, IT Support / Admin / ERP, DevOps / Cloud, Data / ML / AI, Security, QA / Testing, Technical Management, UX / Product Design",509,2513,50,1.99,2463,459,1.99,50.0,2513.0,2463.0,459.0,2.79,394.0,11.0,383.0,41,457.0,4.91
TFIDF_desc_exact,TFIDF,desc,exact,TF-IDF on descriptions (exact),Université Française en Arménie,Computer Science,Bachelor,"Software Engineering, Hardware / Embedded, IT Support / Admin / ERP, DevOps / Cloud, Data / ML / AI, Security, QA / Testing, Technical Management, UX / Product Design",622,2513,85,3.38,2428,537,3.38,85.0,2513.0,2428.0,537.0,5.08,394.0,20.0,374.0,52,550.0,8.7
TFIDF_desc_exact,TFIDF,desc,exact,TF-IDF on descriptions (exact),Université Française en Arménie,MS in Computer Science - Artificial Intelligence: Foundations and Applications,Master,"Data / ML / AI, Software Engineering",234,2513,36,1.43,2477,198,1.7,28.0,1651.0,1623.0,206.0,7.69,26.0,2.0,24.0,11,221.0,5.71
TFIDF_desc_exact,TFIDF,desc,exact,TF-IDF on descriptions (exact),Yerevan State University,Applied Statistics and Data Science,Bachelor,Data / ML / AI,681,2513,67,2.67,2446,614,6.19,36.0,582.0,546.0,645.0,12.5,16.0,2.0,14.0,25,654.0,12.85
TFIDF_desc_exact,TFIDF,desc,exact,TF-IDF on descriptions (exact),Yerevan State University,Applied Statistics and Data Science,Master,Data / ML / AI,303,2513,44,1.75,2469,259,3.26,19.0,582.0,563.0,284.0,12.5,16.0,2.0,14.0,17,284.0,12.85
TFIDF_desc_exact,TFIDF,desc,exact,TF-IDF on descriptions (exact),Yerevan State University,Blockchain and Digital Currencies,Master,unmapped,150,2513,35,1.39,2478,115,,,,,,,,,,0,,
TFIDF_desc_exact,TFIDF,desc,exact,TF-IDF on descriptions (exact),Yerevan State University,Data Processing in Physics and Artificial Intelligence,Bachelor,Data / ML / AI,751,2513,49,1.95,2464,702,4.98,29.0,582.0,553.0,722.0,12.5,16.0,2.0,14.0,27,722.0,12.85
TFIDF_desc_exact,TFIDF,desc,exact,TF-IDF on descriptions (exact),Yerevan State University,Data Science in Business,Master,Data / ML / AI,235,2513,48,1.91,2465,187,5.5,32.0,582.0,550.0,203.0,18.75,16.0,3.0,13.0,9,223.0,16.76
TFIDF_desc_exact,TFIDF,desc,exact,TF-IDF on descriptions (exact),Yerevan State University,Discrete Mathematics and Theoretical Informatics,Master,"Data / ML / AI, Software Engineering",332,2513,24,0.96,2489,308,0.97,16.0,1651.0,1635.0,316.0,0.0,26.0,0.0,26.0,20,312.0,0.0
TFIDF_desc_exact,TFIDF,desc,exact,TF-IDF on descriptions (exact),Yerevan State University,Informatics and Applied Mathematics,Bachelor,"Software Engineering, Hardware / Embedded, IT Support / Admin / ERP, DevOps / Cloud, Data / ML / AI, Security, QA / Testing, Technical Management, UX / Product Design",756,2513,48,1.91,2465,708,1.91,48.0,2513.0,2465.0,708.0,3.05,394.0,12.0,382.0,50,694.0,4.17
TFIDF_desc_exact,TFIDF,desc,exact,TF-IDF on descriptions (exact),Yerevan State University,Informatics and Applied Mathematics (Part time),Bachelor,"Software Engineering, Hardware / Embedded, IT Support / Admin / ERP, DevOps / Cloud, Data / ML / AI, Security, QA / Testing, Technical Management, UX / Product Design",793,2513,52,2.07,2461,741,2.07,52.0,2513.0,2461.0,741.0,3.55,394.0,14.0,380.0,43,736.0,6.57
TFIDF_desc_exact,TFIDF,desc,exact,TF-IDF on descriptions (exact),Yerevan State University,Information Security,Bachelor,Security,680,2513,61,2.43,2452,619,11.82,13.0,110.0,97.0,667.0,11.82,110.0,13.0,97.0,37,630.0,23.31
TFIDF_desc_exact,TFIDF,desc,exact,TF-IDF on descriptions (exact),Yerevan State University,Information Systems Development,Master,"IT Support / Admin / ERP, Software Engineering",351,2513,49,1.95,2464,302,2.65,40.0,1510.0,1470.0,311.0,11.11,45.0,5.0,40.0,7,339.0,15.44
TFIDF_desc_exact,TFIDF,desc,exact,TF-IDF on descriptions (exact),Yerevan State University,Information Systems Management,Master,"IT Support / Admin / ERP, Technical Management",355,2513,59,2.35,2454,296,3.21,19.0,591.0,572.0,336.0,8.33,48.0,4.0,44.0,7,344.0,7.39
TFIDF_desc_exact,TFIDF,desc,exact,TF-IDF on descriptions (exact),Yerevan State University,"Mathematical and Software Development of Computing Machines, Complexes, Systems and Networks",Master,"Software Engineering, DevOps / Cloud",359,2513,50,1.99,2463,309,2.47,37.0,1497.0,1460.0,322.0,14.0,50.0,7.0,43.0,16,336.0,14.74
TFIDF_desc_exact,TFIDF,desc,exact,TF-IDF on descriptions (exact),Yerevan State University,Numerical Analysis and Mathematical Modelling,Master,"Data / ML / AI, Software Engineering",334,2513,25,0.99,2488,309,1.15,19.0,1651.0,1632.0,315.0,7.69,26.0,2.0,24.0,28,304.0,7.14
TFIDF_desc_exact,TFIDF,desc,exact,TF-IDF on descriptions (exact),Yerevan State University,Radiophysics and Computer Technology,Bachelor,Hardware / Embedded,864,2513,63,2.51,2450,801,13.91,21.0,151.0,130.0,843.0,12.9,62.0,8.0,54.0,16,840.0,10.42
KeyBERT_desc_exact,KeyBERT,desc,exact,KeyBERT on descriptions (exact),American University of Armenia,Computer Science,Bachelor,"Software Engineering, Hardware / Embedded, IT Support / Admin / ERP, DevOps / Cloud, Data / ML / AI, Security, QA / Testing, Technical Management, UX / Product Design",356,3641,42,1.15,3599,314,1.15,42.0,3641.0,3599.0,314.0,3.17,410.0,13.0,397.0,31,312.0,10.6
KeyBERT_desc_exact,KeyBERT,desc,exact,KeyBERT on descriptions (exact),American University of Armenia,Computer and Information Science,Master,"Software Engineering, Hardware / Embedded, IT Support / Admin / ERP, DevOps / Cloud, Data / ML / AI, Security, QA / Testing, Technical Management, UX / Product Design",484,3641,52,1.43,3589,432,1.43,52.0,3641.0,3589.0,432.0,2.68,410.0,11.0,399.0,33,440.0,8.99
KeyBERT_desc_exact,KeyBERT,desc,exact,KeyBERT on descriptions (exact),American University of Armenia,Data Science,Bachelor,Data / ML / AI,278,3641,30,0.82,3611,248,2.23,17.0,764.0,747.0,261.0,41.67,12.0,5.0,7.0,11,262.0,53.4
KeyBERT_desc_exact,KeyBERT,desc,exact,KeyBERT on descriptions (exact),American University of Armenia,Engineering Sciences,Bachelor,unmapped,276,3641,15,0.41,3626,261,,,,,,,,,,0,,
KeyBERT_desc_exact,KeyBERT,desc,exact,KeyBERT on descriptions (exact),American University of Armenia,Environmental and Sustainability Sciences,Bachelor,unmapped,204,3641,14,0.38,3627,190,,,,,,,,,,0,,
KeyBERT_desc_exact,KeyBERT,desc,exact,KeyBERT on descriptions (exact),American University of Armenia,General Education,General,unmapped,242,3641,22,0.6,3619,220,,,,,,,,,,0,,
KeyBERT_desc_exact,KeyBERT,desc,exact,KeyBERT on descriptions (exact),American University of Armenia,Industrial Engineering and Systems Management,Master,"IT Support / Admin / ERP, Technical Management",272,3641,32,0.88,3609,240,0.73,5.0,684.0,679.0,267.0,0.0,25.0,0.0,25.0,7,265.0,0.0
KeyBERT_desc_exact,KeyBERT,desc,exact,KeyBERT on descriptions (exact),Armenian State Pedagogical University,Informatics,Bachelor,"Software Engineering, IT Support / Admin / ERP",129,3641,23,0.63,3618,106,0.97,18.0,1853.0,1835.0,111.0,8.33,24.0,2.0,22.0,22,105.0,14.22
KeyBERT_desc_exact,KeyBERT,desc,exact,KeyBERT on descriptions (exact),Armenian State Pedagogical University,Informatics,Master,"IT Support / Admin / ERP, Software Engineering",45,3641,11,0.3,3630,34,0.54,10.0,1853.0,1843.0,35.0,0.0,24.0,0.0,24.0,2,43.0,0.0
KeyBERT_desc_exact,KeyBERT,desc,exact,KeyBERT on descriptions (exact),Armenian State University of Economics,Applied Statistics and Data Science,Master,Data / ML / AI,68,3641,10,0.27,3631,58,1.18,9.0,764.0,755.0,59.0,41.67,12.0,5.0,7.0,1,62.0,50.49
KeyBERT_desc_exact,KeyBERT,desc,exact,KeyBERT on descriptions (exact),Armenian State University of Economics,Information Systems,Bachelor,"IT Support / Admin / ERP, Software Engineering",129,3641,56,1.54,3585,73,2.27,42.0,1853.0,1811.0,87.0,12.5,24.0,3.0,21.0,4,122.0,16.81
KeyBERT_desc_exact,KeyBERT,desc,exact,KeyBERT on descriptions (exact),Armenian State University of Economics,Information Technology in Business,Master,"IT Support / Admin / ERP, Technical Management, Software Engineering",61,3641,21,0.58,3620,40,0.86,18.0,2087.0,2069.0,43.0,9.68,31.0,3.0,28.0,2,56.0,12.12
KeyBERT_desc_exact,KeyBERT,desc,exact,KeyBERT on descriptions (exact),National Polytechnic University of Armenia,Computer Engineering,Bachelor,"Hardware / Embedded, Software Engineering",183,3641,28,0.77,3613,155,1.26,22.0,1742.0,1720.0,161.0,4.17,48.0,2.0,46.0,8,173.0,7.67
KeyBERT_desc_exact,KeyBERT,desc,exact,KeyBERT on descriptions (exact),National Polytechnic University of Armenia,Computer Engineering,Master,"Hardware / Embedded, Software Engineering",143,3641,30,0.82,3611,113,1.09,19.0,1742.0,1723.0,124.0,0.0,48.0,0.0,48.0,2,141.0,0.0
KeyBERT_desc_exact,KeyBERT,desc,exact,KeyBERT on descriptions (exact),National Polytechnic University of Armenia,Informatics (Computer Science),Bachelor,"Software Engineering, Hardware / Embedded, IT Support / Admin / ERP, DevOps / Cloud, Data / ML / AI, Security, QA / Testing, Technical Management, UX / Product Design",236,3641,29,0.8,3612,207,0.8,29.0,3641.0,3612.0,207.0,1.46,410.0,6.0,404.0,29,201.0,7.52
KeyBERT_desc_exact,KeyBERT,desc,exact,KeyBERT on descriptions (exact),National Polytechnic University of Armenia,Informatics (Computer Science),Master,"Software Engineering, Hardware / Embedded, IT Support / Admin / ERP, DevOps / Cloud, Data / ML / AI, Security, QA / Testing, Technical Management, UX / Product Design",125,3641,8,0.22,3633,117,0.22,8.0,3641.0,3633.0,117.0,0.0,410.0,0.0,410.0,13,112.0,0.0
KeyBERT_desc_exact,KeyBERT,desc,exact,KeyBERT on descriptions (exact),National Polytechnic University of Armenia,Information Security,Bachelor,Security,140,3641,28,0.77,3613,112,3.92,6.0,153.0,147.0,134.0,3.92,153.0,6.0,147.0,11,123.0,5.36
KeyBERT_desc_exact,KeyBERT,desc,exact,KeyBERT on descriptions (exact),National Polytechnic University of Armenia,Information Systems,Bachelor,"IT Support / Admin / ERP, Software Engineering",246,3641,48,1.32,3593,198,1.83,34.0,1853.0,1819.0,212.0,8.33,24.0,2.0,22.0,2,242.0,4.74
KeyBERT_desc_exact,KeyBERT,desc,exact,KeyBERT on descriptions (exact),National Polytechnic University of Armenia,Information Systems,Master,"IT Support / Admin / ERP, Software Engineering",151,3641,28,0.77,3613,123,1.03,19.0,1853.0,1834.0,132.0,8.33,24.0,2.0,22.0,6,143.0,8.62
KeyBERT_desc_exact,KeyBERT,desc,exact,KeyBERT on descriptions (exact),National Polytechnic University of Armenia,Information Technologies,Bachelor,"Software Engineering, Hardware / Embedded, IT Support / Admin / ERP, DevOps / Cloud, Data / ML / AI, Security, QA / Testing, Technical Management, UX / Product Design",187,3641,43,1.18,3598,144,1.18,43.0,3641.0,3598.0,144.0,3.41,410.0,14.0,396.0,7,166.0,12.55
KeyBERT_desc_exact,KeyBERT,desc,exact,KeyBERT on descriptions (exact),National Polytechnic University of Armenia,Software Engineering,Bachelor,"Software Engineering, QA / Testing",298,3641,62,1.7,3579,236,2.85,51.0,1788.0,1737.0,247.0,20.0,40.0,8.0,32.0,21,269.0,29.81
KeyBERT_desc_exact,KeyBERT,desc,exact,KeyBERT on descriptions (exact),National Polytechnic University of Armenia,Software Engineering,Master,"Software Engineering, QA / Testing",272,3641,58,1.59,3583,214,2.29,41.0,1788.0,1747.0,231.0,10.0,40.0,4.0,36.0,13,255.0,18.7
KeyBERT_desc_exact,KeyBERT,desc,exact,KeyBERT on descriptions (exact),National University of Architecture and Construction of Armenia,Geographic Information Systems,Master,"Data / ML / AI, IT Support / Admin / ERP",140,3641,9,0.25,3632,131,0.36,4.0,1105.0,1101.0,136.0,0.0,28.0,0.0,28.0,1,139.0,0.0
KeyBERT_desc_exact,KeyBERT,desc,exact,KeyBERT on descriptions (exact),National University of Architecture and Construction of Armenia,Informatics (Computer Science),Bachelor,"Software Engineering, Hardware / Embedded, IT Support / Admin / ERP, DevOps / Cloud, Data / ML / AI, Security, QA / Testing, Technical Management, UX / Product Design",439,3641,55,1.51,3586,384,1.51,55.0,3641.0,3586.0,384.0,2.68,410.0,11.0,399.0,28,400.0,11.68
KeyBERT_desc_exact,KeyBERT,desc,exact,KeyBERT on descriptions (exact),National University of Architecture and Construction of Armenia,Informatics (Computer Science),Master,"Software Engineering, Hardware / Embedded, IT Support / Admin / ERP, DevOps / Cloud, Data / ML / AI, Security, QA / Testing, Technical Management, UX / Product Design",171,3641,28,0.77,3613,143,0.77,28.0,3641.0,3613.0,143.0,1.95,410.0,8.0,402.0,10,153.0,6.44
KeyBERT_desc_exact,KeyBERT,desc,exact,KeyBERT on descriptions (exact),National University of Architecture and Construction of Armenia,Information Systems,Bachelor,"IT Support / Admin / ERP, Software Engineering",448,3641,64,1.76,3577,384,2.37,44.0,1853.0,1809.0,404.0,8.33,24.0,2.0,22.0,26,420.0,11.21
KeyBERT_desc_exact,KeyBERT,desc,exact,KeyBERT on descriptions (exact),National University of Architecture and Construction of Armenia,Project Management (in Information Technologies),Master,"Technical Management, IT Support / Admin / ERP",180,3641,44,1.21,3597,136,1.75,12.0,684.0,672.0,168.0,16.0,25.0,4.0,21.0,1,175.0,19.0
KeyBERT_desc_exact,KeyBERT,desc,exact,KeyBERT on descriptions (exact),Russian-Armenian University,Applied Mathematics and Informatics,Bachelor,"Software Engineering, Hardware / Embedded, IT Support / Admin / ERP, DevOps / Cloud, Data / ML / AI, Security, QA / Testing, Technical Management, UX / Product Design",390,3641,39,1.07,3602,351,1.07,39.0,3641.0,3602.0,351.0,1.46,410.0,6.0,404.0,62,322.0,6.51
KeyBERT_desc_exact,KeyBERT,desc,exact,KeyBERT on descriptions (exact),Université Française en Arménie,Computer Science,Bachelor,"Software Engineering, Hardware / Embedded, IT Support / Admin / ERP, DevOps / Cloud, Data / ML / AI, Security, QA / Testing, Technical Management, UX / Product Design",471,3641,63,1.73,3578,408,1.73,63.0,3641.0,3578.0,408.0,3.66,410.0,15.0,395.0,53,403.0,11.88
KeyBERT_desc_exact,KeyBERT,desc,exact,KeyBERT on descriptions (exact),Université Française en Arménie,MS in Computer Science - Artificial Intelligence: Foundations and Applications,Master,"Data / ML / AI, Software Engineering",195,3641,32,0.88,3609,163,1.24,27.0,2177.0,2150.0,168.0,10.53,19.0,2.0,17.0,13,180.0,12.88
KeyBERT_desc_exact,KeyBERT,desc,exact,KeyBERT on descriptions (exact),Yerevan State University,Applied Statistics and Data Science,Bachelor,Data / ML / AI,578,3641,44,1.21,3597,534,3.4,26.0,764.0,738.0,552.0,33.33,12.0,4.0,8.0,25,549.0,43.69
KeyBERT_desc_exact,KeyBERT,desc,exact,KeyBERT on descriptions (exact),Yerevan State University,Applied Statistics and Data Science,Master,Data / ML / AI,284,3641,26,0.71,3615,258,2.09,16.0,764.0,748.0,268.0,41.67,12.0,5.0,7.0,15,264.0,49.51
KeyBERT_desc_exact,KeyBERT,desc,exact,KeyBERT on descriptions (exact),Yerevan State University,Blockchain and Digital Currencies,Master,unmapped,135,3641,18,0.49,3623,117,,,,,,,,,,0,,
KeyBERT_desc_exact,KeyBERT,desc,exact,KeyBERT on descriptions (exact),Yerevan State University,Data Processing in Physics and Artificial Intelligence,Bachelor,Data / ML / AI,613,3641,31,0.85,3610,582,2.62,20.0,764.0,744.0,593.0,25.0,12.0,3.0,9.0,25,585.0,28.16
KeyBERT_desc_exact,KeyBERT,desc,exact,KeyBERT on descriptions (exact),Yerevan State University,Data Science in Business,Master,Data / ML / AI,208,3641,42,1.15,3599,166,3.4,26.0,764.0,738.0,182.0,50.0,12.0,6.0,6.0,5,197.0,52.43
KeyBERT_desc_exact,KeyBERT,desc,exact,KeyBERT on descriptions (exact),Yerevan State University,Discrete Mathematics and Theoretical Informatics,Master,"Data / ML / AI, Software Engineering",283,3641,17,0.47,3624,266,0.73,16.0,2177.0,2161.0,267.0,10.53,19.0,2.0,17.0,28,253.0,11.86
KeyBERT_desc_exact,KeyBERT,desc,exact,KeyBERT on descriptions (exact),Yerevan State University,Informatics and Applied Mathematics,Bachelor,"Software Engineering, Hardware / Embedded, IT Support / Admin / ERP, DevOps / Cloud, Data / ML / AI, Security, QA / Testing, Technical Management, UX / Product Design",612,3641,36,0.99,3605,576,0.99,36.0,3641.0,3605.0,576.0,2.68,410.0,11.0,399.0,56,545.0,13.62
KeyBERT_desc_exact,KeyBERT,desc,exact,KeyBERT on descriptions (exact),Yerevan State University,Informatics and Applied Mathematics (Part time),Bachelor,"Software Engineering, Hardware / Embedded, IT Support / Admin / ERP, DevOps / Cloud, Data / ML / AI, Security, QA / Testing, Technical Management, UX / Product Design",624,3641,33,0.91,3608,591,0.91,33.0,3641.0,3608.0,591.0,2.44,410.0,10.0,400.0,45,569.0,10.07
KeyBERT_desc_exact,KeyBERT,desc,exact,KeyBERT on descriptions (exact),Yerevan State University,Information Security,Bachelor,Security,567,3641,43,1.18,3598,524,8.5,13.0,153.0,140.0,554.0,8.5,153.0,13.0,140.0,40,514.0,9.52
KeyBERT_desc_exact,KeyBERT,desc,exact,KeyBERT on descriptions (exact),Yerevan State University,Information Systems Development,Master,"IT Support / Admin / ERP, Software Engineering",286,3641,49,1.35,3592,237,1.83,34.0,1853.0,1819.0,252.0,16.67,24.0,4.0,20.0,5,277.0,39.22
KeyBERT_desc_exact,KeyBERT,desc,exact,KeyBERT on descriptions (exact),Yerevan State University,Information Systems Management,Master,"IT Support / Admin / ERP, Technical Management",289,3641,35,0.96,3606,254,2.19,15.0,684.0,669.0,274.0,8.0,25.0,2.0,23.0,6,281.0,8.0
KeyBERT_desc_exact,KeyBERT,desc,exact,KeyBERT on descriptions (exact),Yerevan State University,"Mathematical and Software Development of Computing Machines, Complexes, Systems and Networks",Master,"Software Engineering, DevOps / Cloud",286,3641,36,0.99,3605,250,1.17,22.0,1874.0,1852.0,264.0,9.68,31.0,3.0,28.0,16,267.0,16.88
KeyBERT_desc_exact,KeyBERT,desc,exact,KeyBERT on descriptions (exact),Yerevan State University,Numerical Analysis and Mathematical Modelling,Master,"Data / ML / AI, Software Engineering",273,3641,15,0.41,3626,258,0.51,11.0,2177.0,2166.0,262.0,5.26,19.0,1.0,18.0,24,248.0,7.8
KeyBERT_desc_exact,KeyBERT,desc,exact,KeyBERT on descriptions (exact),Yerevan State University,Radiophysics and Computer Technology,Bachelor,Hardware / Embedded,732,3641,29,0.8,3612,703,4.38,11.0,251.0,240.0,721.0,4.88,41.0,2.0,39.0,19,711.0,5.21
LLM_names_exact,LLM,names,exact,LLM on names (exact),American University of Armenia,Computer Science,Bachelor,"Software Engineering, Hardware / Embedded, IT Support / Admin / ERP, DevOps / Cloud, Data / ML / AI, Security, QA / Testing, Technical Management, UX / Product Design",268,1492,64,4.29,1428,204,4.29,64.0,1492.0,1428.0,204.0,9.25,335.0,31.0,304.0,55,182.0,25.14
LLM_names_exact,LLM,names,exact,LLM on names (exact),American University of Armenia,Computer and Information Science,Master,"Software Engineering, Hardware / Embedded, IT Support / Admin / ERP, DevOps / Cloud, Data / ML / AI, Security, QA / Testing, Technical Management, UX / Product Design",290,1492,80,5.36,1412,210,5.36,80.0,1492.0,1412.0,210.0,8.96,335.0,30.0,305.0,45,215.0,24.98
LLM_names_exact,LLM,names,exact,LLM on names (exact),American University of Armenia,Data Science,Bachelor,Data / ML / AI,169,1492,52,3.49,1440,117,12.35,42.0,340.0,298.0,127.0,43.75,32.0,14.0,18.0,16,139.0,64.45
LLM_names_exact,LLM,names,exact,LLM on names (exact),American University of Armenia,Engineering Sciences,Bachelor,unmapped,183,1492,17,1.14,1475,166,,,,,,,,,,0,,
LLM_names_exact,LLM,names,exact,LLM on names (exact),American University of Armenia,Environmental and Sustainability Sciences,Bachelor,unmapped,73,1492,6,0.4,1486,67,,,,,,,,,,0,,
LLM_names_exact,LLM,names,exact,LLM on names (exact),American University of Armenia,General Education,General,unmapped,97,1492,20,1.34,1472,77,,,,,,,,,,0,,
LLM_names_exact,LLM,names,exact,LLM on names (exact),American University of Armenia,Industrial Engineering and Systems Management,Master,"IT Support / Admin / ERP, Technical Management",155,1492,44,2.95,1448,111,5.81,25.0,430.0,405.0,130.0,5.88,68.0,4.0,64.0,12,139.0,8.61
LLM_names_exact,LLM,names,exact,LLM on names (exact),Armenian State Pedagogical University,Informatics,Bachelor,"Software Engineering, IT Support / Admin / ERP",72,1492,32,2.14,1460,40,3.11,25.0,803.0,778.0,47.0,9.38,64.0,6.0,58.0,15,51.0,25.58
LLM_names_exact,LLM,names,exact,LLM on names (exact),Armenian State Pedagogical University,Informatics,Master,"IT Support / Admin / ERP, Software Engineering",21,1492,12,0.8,1480,9,1.37,11.0,803.0,792.0,10.0,3.12,64.0,2.0,62.0,2,17.0,4.58
LLM_names_exact,LLM,names,exact,LLM on names (exact),Armenian State University of Economics,Applied Statistics and Data Science,Master,Data / ML / AI,29,1492,13,0.87,1479,16,3.82,13.0,340.0,327.0,16.0,21.88,32.0,7.0,25.0,2,20.0,35.32
LLM_names_exact,LLM,names,exact,LLM on names (exact),Armenian State University of Economics,Information Systems,Bachelor,"IT Support / Admin / ERP, Software Engineering",88,1492,72,4.83,1420,16,6.48,52.0,803.0,751.0,36.0,15.62,64.0,10.0,54.0,3,75.0,33.75
LLM_names_exact,LLM,names,exact,LLM on names (exact),Armenian State University of Economics,Information Technology in Business,Master,"IT Support / Admin / ERP, Technical Management, Software Engineering",37,1492,29,1.94,1463,8,2.36,21.0,889.0,868.0,16.0,9.52,84.0,8.0,76.0,2,27.0,22.28
LLM_names_exact,LLM,names,exact,LLM on names (exact),National Polytechnic University of Armenia,Computer Engineering,Bachelor,"Hardware / Embedded, Software Engineering",113,1492,24,1.61,1468,89,2.5,18.0,720.0,702.0,95.0,3.53,85.0,3.0,82.0,9,101.0,0.79
LLM_names_exact,LLM,names,exact,LLM on names (exact),National Polytechnic University of Armenia,Computer Engineering,Master,"Hardware / Embedded, Software Engineering",103,1492,28,1.88,1464,75,2.36,17.0,720.0,703.0,86.0,2.35,85.0,2.0,83.0,7,94.0,6.61
LLM_names_exact,LLM,names,exact,LLM on names (exact),National Polytechnic University of Armenia,Informatics (Computer Science),Bachelor,"Software Engineering, Hardware / Embedded, IT Support / Admin / ERP, DevOps / Cloud, Data / ML / AI, Security, QA / Testing, Technical Management, UX / Product Design",163,1492,29,1.94,1463,134,1.94,29.0,1492.0,1463.0,134.0,2.39,335.0,8.0,327.0,34,121.0,17.16
LLM_names_exact,LLM,names,exact,LLM on names (exact),National Polytechnic University of Armenia,Informatics (Computer Science),Master,"Software Engineering, Hardware / Embedded, IT Support / Admin / ERP, DevOps / Cloud, Data / ML / AI, Security, QA / Testing, Technical Management, UX / Product Design",78,1492,7,0.47,1485,71,0.47,7.0,1492.0,1485.0,71.0,0.3,335.0,1.0,334.0,18,59.0,0.57
LLM_names_exact,LLM,names,exact,LLM on names (exact),National Polytechnic University of Armenia,Information Security,Bachelor,Security,102,1492,41,2.75,1451,61,12.24,12.0,98.0,86.0,90.0,12.24,98.0,12.0,86.0,16,74.0,21.53
LLM_names_exact,LLM,names,exact,LLM on names (exact),National Polytechnic University of Armenia,Information Systems,Bachelor,"IT Support / Admin / ERP, Software Engineering",150,1492,40,2.68,1452,110,3.24,26.0,803.0,777.0,124.0,6.25,64.0,4.0,60.0,12,134.0,11.4
LLM_names_exact,LLM,names,exact,LLM on names (exact),National Polytechnic University of Armenia,Information Systems,Master,"IT Support / Admin / ERP, Software Engineering",91,1492,28,1.88,1464,63,2.37,19.0,803.0,784.0,72.0,3.12,64.0,2.0,62.0,12,77.0,7.72
LLM_names_exact,LLM,names,exact,LLM on names (exact),National Polytechnic University of Armenia,Information Technologies,Bachelor,"Software Engineering, Hardware / Embedded, IT Support / Admin / ERP, DevOps / Cloud, Data / ML / AI, Security, QA / Testing, Technical Management, UX / Product Design",127,1492,52,3.49,1440,75,3.49,52.0,1492.0,1440.0,75.0,5.07,335.0,17.0,318.0,17,93.0,16.87
LLM_names_exact,LLM,names,exact,LLM on names (exact),National Polytechnic University of Armenia,Software Engineering,Bachelor,"Software Engineering, QA / Testing",178,1492,55,3.69,1437,123,6.98,48.0,688.0,640.0,130.0,22.03,59.0,13.0,46.0,41,124.0,35.01
LLM_names_exact,LLM,names,exact,LLM on names (exact),National Polytechnic University of Armenia,Software Engineering,Master,"Software Engineering, QA / Testing",180,1492,68,4.56,1424,112,6.69,46.0,688.0,642.0,134.0,25.42,59.0,15.0,44.0,27,138.0,41.45
LLM_names_exact,LLM,names,exact,LLM on names (exact),National University of Architecture and Construction of Armenia,Geographic Information Systems,Master,"Data / ML / AI, IT Support / Admin / ERP",69,1492,7,0.47,1485,62,0.89,5.0,560.0,555.0,64.0,3.08,65.0,2.0,63.0,2,65.0,15.12
LLM_names_exact,LLM,names,exact,LLM on names (exact),National University of Architecture and Construction of Armenia,Informatics (Computer Science),Bachelor,"Software Engineering, Hardware / Embedded, IT Support / Admin / ERP, DevOps / Cloud, Data / ML / AI, Security, QA / Testing, Technical Management, UX / Product Design",187,1492,39,2.61,1453,148,2.61,39.0,1492.0,1453.0,148.0,4.48,335.0,15.0,320.0,34,138.0,13.66
LLM_names_exact,LLM,names,exact,LLM on names (exact),National University of Architecture and Construction of Armenia,Informatics (Computer Science),Master,"Software Engineering, Hardware / Embedded, IT Support / Admin / ERP, DevOps / Cloud, Data / ML / AI, Security, QA / Testing, Technical Management, UX / Product Design",102,1492,31,2.08,1461,71,2.08,31.0,1492.0,1461.0,71.0,3.88,335.0,13.0,322.0,13,76.0,9.12
LLM_names_exact,LLM,names,exact,LLM on names (exact),National University of Architecture and Construction of Armenia,Information Systems,Bachelor,"IT Support / Admin / ERP, Software Engineering",153,1492,37,2.48,1455,116,3.24,26.0,803.0,777.0,127.0,4.69,64.0,3.0,61.0,27,123.0,6.01
LLM_names_exact,LLM,names,exact,LLM on names (exact),National University of Architecture and Construction of Armenia,Project Management (in Information Technologies),Master,"Technical Management, IT Support / Admin / ERP",102,1492,46,3.08,1446,56,4.88,21.0,430.0,409.0,81.0,10.29,68.0,7.0,61.0,5,90.0,15.56
LLM_names_exact,LLM,names,exact,LLM on names (exact),Russian-Armenian University,Applied Mathematics and Informatics,Bachelor,"Software Engineering, Hardware / Embedded, IT Support / Admin / ERP, DevOps / Cloud, Data / ML / AI, Security, QA / Testing, Technical Management, UX / Product Design",180,1492,24,1.61,1468,156,1.61,24.0,1492.0,1468.0,156.0,2.39,335.0,8.0,327.0,58,114.0,12.71
LLM_names_exact,LLM,names,exact,LLM on names (exact),Université Française en Arménie,Computer Science,Bachelor,"Software Engineering, Hardware / Embedded, IT Support / Admin / ERP, DevOps / Cloud, Data / ML / AI, Security, QA / Testing, Technical Management, UX / Product Design",281,1492,60,4.02,1432,221,4.02,60.0,1492.0,1432.0,221.0,7.46,335.0,25.0,310.0,59,197.0,19.57
LLM_names_exact,LLM,names,exact,LLM on names (exact),Université Française en Arménie,MS in Computer Science - Artificial Intelligence: Foundations and Applications,Master,"Data / ML / AI, Software Engineering",106,1492,27,1.81,1465,79,3.01,25.0,831.0,806.0,81.0,12.28,57.0,7.0,50.0,20,79.0,15.45
LLM_names_exact,LLM,names,exact,LLM on names (exact),Yerevan State University,Applied Statistics and Data Science,Bachelor,Data / ML / AI,215,1492,25,1.68,1467,190,5.88,20.0,340.0,320.0,195.0,21.88,32.0,7.0,25.0,39,169.0,44.04
LLM_names_exact,LLM,names,exact,LLM on names (exact),Yerevan State University,Applied Statistics and Data Science,Master,Data / ML / AI,147,1492,34,2.28,1458,113,8.53,29.0,340.0,311.0,118.0,40.62,32.0,13.0,19.0,17,117.0,60.32
LLM_names_exact,LLM,names,exact,LLM on names (exact),Yerevan State University,Blockchain and Digital Currencies,Master,unmapped,69,1492,13,0.87,1479,56,,,,,,,,,,0,,
LLM_names_exact,LLM,names,exact,LLM on names (exact),Yerevan State University,Data Processing in Physics and Artificial Intelligence,Bachelor,Data / ML / AI,237,1492,25,1.68,1467,212,4.12,14.0,340.0,326.0,223.0,15.62,32.0,5.0,27.0,36,196.0,29.13
LLM_names_exact,LLM,names,exact,LLM on names (exact),Yerevan State University,Data Science in Business,Master,Data / ML / AI,102,1492,49,3.28,1443,53,10.59,36.0,340.0,304.0,66.0,50.0,32.0,16.0,16.0,14,72.0,61.7
LLM_names_exact,LLM,names,exact,LLM on names (exact),Yerevan State University,Discrete Mathematics and Theoretical Informatics,Master,"Data / ML / AI, Software Engineering",133,1492,20,1.34,1472,113,1.68,14.0,831.0,817.0,119.0,5.26,57.0,3.0,54.0,30,100.0,11.37
LLM_names_exact,LLM,names,exact,LLM on names (exact),Yerevan State University,Informatics and Applied Mathematics,Bachelor,"Software Engineering, Hardware / Embedded, IT Support / Admin / ERP, DevOps / Cloud, Data / ML / AI, Security, QA / Testing, Technical Management, UX / Product Design",195,1492,31,2.08,1461,164,2.08,31.0,1492.0,1461.0,164.0,3.28,335.0,11.0,324.0,56,128.0,16.08
LLM_names_exact,LLM,names,exact,LLM on names (exact),Yerevan State University,Informatics and Applied Mathematics (Part time),Bachelor,"Software Engineering, Hardware / Embedded, IT Support / Admin / ERP, DevOps / Cloud, Data / ML / AI, Security, QA / Testing, Technical Management, UX / Product Design",200,1492,26,1.74,1466,174,1.74,26.0,1492.0,1466.0,174.0,2.69,335.0,9.0,326.0,59,132.0,18.49
LLM_names_exact,LLM,names,exact,LLM on names (exact),Yerevan State University,Information Security,Bachelor,Security,221,1492,40,2.68,1452,181,11.22,11.0,98.0,87.0,210.0,11.22,98.0,11.0,87.0,55,155.0,16.67
LLM_names_exact,LLM,names,exact,LLM on names (exact),Yerevan State University,Information Systems Development,Master,"IT Support / Admin / ERP, Software Engineering",135,1492,61,4.09,1431,74,5.35,43.0,803.0,760.0,92.0,15.62,64.0,10.0,54.0,10,115.0,38.96
LLM_names_exact,LLM,names,exact,LLM on names (exact),Yerevan State University,Information Systems Management,Master,"IT Support / Admin / ERP, Technical Management",139,1492,58,3.89,1434,81,5.35,23.0,430.0,407.0,116.0,11.76,68.0,8.0,60.0,10,121.0,15.56
LLM_names_exact,LLM,names,exact,LLM on names (exact),Yerevan State University,"Mathematical and Software Development of Computing Machines, Complexes, Systems and Networks",Master,"Software Engineering, DevOps / Cloud",141,1492,42,2.82,1450,99,2.66,20.0,751.0,731.0,121.0,7.94,63.0,5.0,58.0,27,109.0,11.96
LLM_names_exact,LLM,names,exact,LLM on names (exact),Yerevan State University,Numerical Analysis and Mathematical Modelling,Master,"Data / ML / AI, Software Engineering",114,1492,14,0.94,1478,100,1.44,12.0,831.0,819.0,102.0,5.26,57.0,3.0,54.0,32,79.0,11.37
LLM_names_exact,LLM,names,exact,LLM on names (exact),Yerevan State University,Radiophysics and Computer Technology,Bachelor,Hardware / Embedded,301,1492,30,2.01,1462,271,3.52,5.0,142.0,137.0,296.0,5.45,55.0,3.0,52.0,24,274.0,7.56
LLM_desc_exact,LLM,desc,exact,LLM on descriptions (exact),American University of Armenia,Computer Science,Bachelor,"Software Engineering, Hardware / Embedded, IT Support / Admin / ERP, DevOps / Cloud, Data / ML / AI, Security, QA / Testing, Technical Management, UX / Product Design",347,1492,44,2.95,1448,303,2.95,44.0,1492.0,1448.0,303.0,6.87,335.0,23.0,312.0,74,250.0,10.77
LLM_desc_exact,LLM,desc,exact,LLM on descriptions (exact),American University of Armenia,Computer and Information Science,Master,"Software Engineering, Hardware / Embedded, IT Support / Admin / ERP, DevOps / Cloud, Data / ML / AI, Security, QA / Testing, Technical Management, UX / Product Design",363,1492,62,4.16,1430,301,4.16,62.0,1492.0,1430.0,301.0,7.46,335.0,25.0,310.0,50,288.0,12.87
LLM_desc_exact,LLM,desc,exact,LLM on descriptions (exact),American University of Armenia,Data Science,Bachelor,Data / ML / AI,218,1492,41,2.75,1451,177,10.0,34.0,340.0,306.0,184.0,46.88,32.0,15.0,17.0,18,185.0,56.42
LLM_desc_exact,LLM,desc,exact,LLM on descriptions (exact),American University of Armenia,Engineering Sciences,Bachelor,unmapped,206,1492,8,0.54,1484,198,,,,,,,,,,0,,
LLM_desc_exact,LLM,desc,exact,LLM on descriptions (exact),American University of Armenia,Environmental and Sustainability Sciences,Bachelor,unmapped,97,1492,6,0.4,1486,91,,,,,,,,,,0,,
LLM_desc_exact,LLM,desc,exact,LLM on descriptions (exact),American University of Armenia,General Education,General,unmapped,83,1492,14,0.94,1478,69,,,,,,,,,,0,,
LLM_desc_exact,LLM,desc,exact,LLM on descriptions (exact),American University of Armenia,Industrial Engineering and Systems Management,Master,"IT Support / Admin / ERP, Technical Management",167,1492,19,1.27,1473,148,1.86,8.0,430.0,422.0,159.0,2.94,68.0,2.0,66.0,13,152.0,2.65
LLM_desc_exact,LLM,desc,exact,LLM on descriptions (exact),Armenian State Pedagogical University,Informatics,Bachelor,"Software Engineering, IT Support / Admin / ERP",74,1492,33,2.21,1459,41,3.24,26.0,803.0,777.0,48.0,10.94,64.0,7.0,57.0,15,52.0,28.9
LLM_desc_exact,LLM,desc,exact,LLM on descriptions (exact),Armenian State Pedagogical University,Informatics,Master,"IT Support / Admin / ERP, Software Engineering",25,1492,14,0.94,1478,11,1.62,13.0,803.0,790.0,12.0,4.69,64.0,3.0,61.0,2,20.0,7.9
LLM_desc_exact,LLM,desc,exact,LLM on descriptions (exact),Armenian State University of Economics,Applied Statistics and Data Science,Master,Data / ML / AI,29,1492,13,0.87,1479,16,3.82,13.0,340.0,327.0,16.0,21.88,32.0,7.0,25.0,2,20.0,35.32
LLM_desc_exact,LLM,desc,exact,LLM on descriptions (exact),Armenian State University of Economics,Information Systems,Bachelor,"IT Support / Admin / ERP, Software Engineering",90,1492,74,4.96,1418,16,6.72,54.0,803.0,749.0,36.0,17.19,64.0,11.0,53.0,3,76.0,37.07
LLM_desc_exact,LLM,desc,exact,LLM on descriptions (exact),Armenian State University of Economics,Information Technology in Business,Master,"IT Support / Admin / ERP, Technical Management, Software Engineering",39,1492,31,2.08,1461,8,2.59,23.0,889.0,866.0,16.0,11.9,84.0,10.0,74.0,2,27.0,26.32
LLM_desc_exact,LLM,desc,exact,LLM on descriptions (exact),National Polytechnic University of Armenia,Computer Engineering,Bachelor,"Hardware / Embedded, Software Engineering",173,1492,33,2.21,1459,140,2.92,21.0,720.0,699.0,152.0,3.53,85.0,3.0,82.0,11,159.0,2.47
LLM_desc_exact,LLM,desc,exact,LLM on descriptions (exact),National Polytechnic University of Armenia,Computer Engineering,Master,"Hardware / Embedded, Software Engineering",166,1492,51,3.42,1441,115,4.17,30.0,720.0,690.0,136.0,5.88,85.0,5.0,80.0,5,156.0,10.58
LLM_desc_exact,LLM,desc,exact,LLM on descriptions (exact),National Polytechnic University of Armenia,Informatics (Computer Science),Bachelor,"Software Engineering, Hardware / Embedded, IT Support / Admin / ERP, DevOps / Cloud, Data / ML / AI, Security, QA / Testing, Technical Management, UX / Product Design",250,1492,38,2.55,1454,212,2.55,38.0,1492.0,1454.0,212.0,4.18,335.0,14.0,321.0,55,181.0,22.85
LLM_desc_exact,LLM,desc,exact,LLM on descriptions (exact),National Polytechnic University of Armenia,Informatics (Computer Science),Master,"Software Engineering, Hardware / Embedded, IT Support / Admin / ERP, DevOps / Cloud, Data / ML / AI, Security, QA / Testing, Technical Management, UX / Product Design",121,1492,11,0.74,1481,110,0.74,11.0,1492.0,1481.0,110.0,0.6,335.0,2.0,333.0,26,93.0,6.07
LLM_desc_exact,LLM,desc,exact,LLM on descriptions (exact),National Polytechnic University of Armenia,Information Security,Bachelor,Security,146,1492,45,3.02,1447,101,14.29,14.0,98.0,84.0,132.0,14.29,98.0,14.0,84.0,20,112.0,20.14
LLM_desc_exact,LLM,desc,exact,LLM on descriptions (exact),National Polytechnic University of Armenia,Information Systems,Bachelor,"IT Support / Admin / ERP, Software Engineering",206,1492,67,4.49,1425,139,4.61,37.0,803.0,766.0,169.0,9.38,64.0,6.0,58.0,10,190.0,17.86
LLM_desc_exact,LLM,desc,exact,LLM on descriptions (exact),National Polytechnic University of Armenia,Information Systems,Master,"IT Support / Admin / ERP, Software Engineering",136,1492,39,2.61,1453,97,3.61,29.0,803.0,774.0,107.0,6.25,64.0,4.0,60.0,15,117.0,9.43
LLM_desc_exact,LLM,desc,exact,LLM on descriptions (exact),National Polytechnic University of Armenia,Information Technologies,Bachelor,"Software Engineering, Hardware / Embedded, IT Support / Admin / ERP, DevOps / Cloud, Data / ML / AI, Security, QA / Testing, Technical Management, UX / Product Design",189,1492,69,4.62,1423,120,4.62,69.0,1492.0,1423.0,120.0,10.75,335.0,36.0,299.0,17,136.0,22.31
LLM_desc_exact,LLM,desc,exact,LLM on descriptions (exact),National Polytechnic University of Armenia,Software Engineering,Bachelor,"Software Engineering, QA / Testing",274,1492,85,5.7,1407,189,10.47,72.0,688.0,616.0,202.0,35.59,59.0,21.0,38.0,40,213.0,49.4
LLM_desc_exact,LLM,desc,exact,LLM on descriptions (exact),National Polytechnic University of Armenia,Software Engineering,Master,"Software Engineering, QA / Testing",286,1492,91,6.1,1401,195,9.74,67.0,688.0,621.0,219.0,40.68,59.0,24.0,35.0,27,235.0,51.57
LLM_desc_exact,LLM,desc,exact,LLM on descriptions (exact),National University of Architecture and Construction of Armenia,Geographic Information Systems,Master,"Data / ML / AI, IT Support / Admin / ERP",127,1492,14,0.94,1478,113,1.61,9.0,560.0,551.0,118.0,4.62,65.0,3.0,62.0,3,121.0,18.04
LLM_desc_exact,LLM,desc,exact,LLM on descriptions (exact),National University of Architecture and Construction of Armenia,Informatics (Computer Science),Bachelor,"Software Engineering, Hardware / Embedded, IT Support / Admin / ERP, DevOps / Cloud, Data / ML / AI, Security, QA / Testing, Technical Management, UX / Product Design",335,1492,85,5.7,1407,250,5.7,85.0,1492.0,1407.0,250.0,9.55,335.0,32.0,303.0,45,258.0,24.15
LLM_desc_exact,LLM,desc,exact,LLM on descriptions (exact),National University of Architecture and Construction of Armenia,Informatics (Computer Science),Master,"Software Engineering, Hardware / Embedded, IT Support / Admin / ERP, DevOps / Cloud, Data / ML / AI, Security, QA / Testing, Technical Management, UX / Product Design",181,1492,64,4.29,1428,117,4.29,64.0,1492.0,1428.0,117.0,8.96,335.0,30.0,305.0,20,131.0,16.08
LLM_desc_exact,LLM,desc,exact,LLM on descriptions (exact),National University of Architecture and Construction of Armenia,Information Systems,Bachelor,"IT Support / Admin / ERP, Software Engineering",281,1492,66,4.42,1426,215,5.11,41.0,803.0,762.0,240.0,9.38,64.0,6.0,58.0,38,237.0,8.71
LLM_desc_exact,LLM,desc,exact,LLM on descriptions (exact),National University of Architecture and Construction of Armenia,Project Management (in Information Technologies),Master,"Technical Management, IT Support / Admin / ERP",163,1492,57,3.82,1435,106,5.58,24.0,430.0,406.0,139.0,13.24,68.0,9.0,59.0,2,152.0,15.89
LLM_desc_exact,LLM,desc,exact,LLM on descriptions (exact),Russian-Armenian University,Applied Mathematics and Informatics,Bachelor,"Software Engineering, Hardware / Embedded, IT Support / Admin / ERP, DevOps / Cloud, Data / ML / AI, Security, QA / Testing, Technical Management, UX / Product Design",291,1492,43,2.88,1449,248,2.88,43.0,1492.0,1449.0,248.0,4.18,335.0,14.0,321.0,81,196.0,16.87
LLM_desc_exact,LLM,desc,exact,LLM on descriptions (exact),Université Française en Arménie,Computer Science,Bachelor,"Software Engineering, Hardware / Embedded, IT Support / Admin / ERP, DevOps / Cloud, Data / ML / AI, Security, QA / Testing, Technical Management, UX / Product Design",430,1492,100,6.7,1392,330,6.7,100.0,1492.0,1392.0,330.0,12.84,335.0,43.0,292.0,69,318.0,27.55
LLM_desc_exact,LLM,desc,exact,LLM on descriptions (exact),Université Française en Arménie,MS in Computer Science - Artificial Intelligence: Foundations and Applications,Master,"Data / ML / AI, Software Engineering",183,1492,40,2.68,1452,143,4.45,37.0,831.0,794.0,146.0,19.3,57.0,11.0,46.0,19,153.0,21.14
LLM_desc_exact,LLM,desc,exact,LLM on descriptions (exact),Yerevan State University,Applied Statistics and Data Science,Bachelor,Data / ML / AI,340,1492,31,2.08,1461,309,7.06,24.0,340.0,316.0,316.0,28.12,32.0,9.0,23.0,54,277.0,52.52
LLM_desc_exact,LLM,desc,exact,LLM on descriptions (exact),Yerevan State University,Applied Statistics and Data Science,Master,Data / ML / AI,238,1492,37,2.48,1455,201,8.24,28.0,340.0,312.0,210.0,21.88,32.0,7.0,25.0,33,198.0,45.41
LLM_desc_exact,LLM,desc,exact,LLM on descriptions (exact),Yerevan State University,Blockchain and Digital Currencies,Master,unmapped,51,1492,17,1.14,1475,34,,,,,,,,,,0,,
LLM_desc_exact,LLM,desc,exact,LLM on descriptions (exact),Yerevan State University,Data Processing in Physics and Artificial Intelligence,Bachelor,Data / ML / AI,360,1492,20,1.34,1472,340,3.24,11.0,340.0,329.0,349.0,18.75,32.0,6.0,26.0,46,308.0,33.03
LLM_desc_exact,LLM,desc,exact,LLM on descriptions (exact),Yerevan State University,Data Science in Business,Master,Data / ML / AI,193,1492,55,3.69,1437,138,12.35,42.0,340.0,298.0,151.0,37.5,32.0,12.0,20.0,18,163.0,56.88
LLM_desc_exact,LLM,desc,exact,LLM on descriptions (exact),Yerevan State University,Discrete Mathematics and Theoretical Informatics,Master,"Data / ML / AI, Software Engineering",176,1492,20,1.34,1472,156,1.81,15.0,831.0,816.0,161.0,5.26,57.0,3.0,54.0,52,121.0,5.75
LLM_desc_exact,LLM,desc,exact,LLM on descriptions (exact),Yerevan State University,Informatics and Applied Mathematics,Bachelor,"Software Engineering, Hardware / Embedded, IT Support / Admin / ERP, DevOps / Cloud, Data / ML / AI, Security, QA / Testing, Technical Management, UX / Product Design",336,1492,25,1.68,1467,311,1.68,25.0,1492.0,1467.0,311.0,4.18,335.0,14.0,321.0,91,231.0,14.46
LLM_desc_exact,LLM,desc,exact,LLM on descriptions (exact),Yerevan State University,Informatics and Applied Mathematics (Part time),Bachelor,"Software Engineering, Hardware / Embedded, IT Support / Admin / ERP, DevOps / Cloud, Data / ML / AI, Security, QA / Testing, Technical Management, UX / Product Design",347,1492,26,1.74,1466,321,1.74,26.0,1492.0,1466.0,321.0,4.18,335.0,14.0,321.0,92,241.0,15.19
LLM_desc_exact,LLM,desc,exact,LLM on descriptions (exact),Yerevan State University,Information Security,Bachelor,Security,340,1492,32,2.14,1460,308,9.18,9.0,98.0,89.0,331.0,9.18,98.0,9.0,89.0,81,250.0,14.58
LLM_desc_exact,LLM,desc,exact,LLM on descriptions (exact),Yerevan State University,Information Systems Development,Master,"IT Support / Admin / ERP, Software Engineering",196,1492,60,4.02,1432,136,5.35,43.0,803.0,760.0,153.0,12.5,64.0,8.0,56.0,18,170.0,26.39
LLM_desc_exact,LLM,desc,exact,LLM on descriptions (exact),Yerevan State University,Information Systems Management,Master,"IT Support / Admin / ERP, Technical Management",216,1492,55,3.69,1437,161,5.12,22.0,430.0,408.0,194.0,8.82,68.0,6.0,62.0,18,192.0,12.25
LLM_desc_exact,LLM,desc,exact,LLM on descriptions (exact),Yerevan State University,"Mathematical and Software Development of Computing Machines, Complexes, Systems and Networks",Master,"Software Engineering, DevOps / Cloud",197,1492,51,3.42,1441,146,3.46,26.0,751.0,725.0,171.0,9.52,63.0,6.0,57.0,21,170.0,13.06
LLM_desc_exact,LLM,desc,exact,LLM on descriptions (exact),Yerevan State University,Numerical Analysis and Mathematical Modelling,Master,"Data / ML / AI, Software Engineering",191,1492,18,1.21,1474,173,1.68,14.0,831.0,817.0,177.0,5.26,57.0,3.0,54.0,36,152.0,5.75
LLM_desc_exact,LLM,desc,exact,LLM on descriptions (exact),Yerevan State University,Radiophysics and Computer Technology,Bachelor,Hardware / Embedded,489,1492,27,1.81,1465,462,3.52,5.0,142.0,137.0,484.0,5.45,55.0,3.0,52.0,34,452.0,7.56
TFIDF_names_semantic,TFIDF,names,semantic,TF-IDF on names (semantic),American University of Armenia,Computer Science,Bachelor,"Software Engineering, Hardware / Embedded, IT Support / Admin / ERP, DevOps / Cloud, Data / ML / AI, Security, QA / Testing, Technical Management, UX / Product Design",48,1492,106,7.1,1386,18,7.1,106.0,1492.0,1386.0,18.0,10.15,335.0,34.0,301.0,9,25.0,13.28
TFIDF_names_semantic,TFIDF,names,semantic,TF-IDF on names (semantic),American University of Armenia,Computer and Information Science,Master,"Software Engineering, Hardware / Embedded, IT Support / Admin / ERP, DevOps / Cloud, Data / ML / AI, Security, QA / Testing, Technical Management, UX / Product Design",56,1492,102,6.84,1390,14,6.84,102.0,1492.0,1390.0,14.0,8.96,335.0,30.0,305.0,5,30.0,9.79
TFIDF_names_semantic,TFIDF,names,semantic,TF-IDF on names (semantic),American University of Armenia,Data Science,Bachelor,Data / ML / AI,34,1492,60,4.02,1432,10,11.47,39.0,340.0,301.0,13.0,28.12,32.0,9.0,23.0,4,21.0,25.0
TFIDF_names_semantic,TFIDF,names,semantic,TF-IDF on names (semantic),American University of Armenia,Engineering Sciences,Bachelor,unmapped,29,1492,35,2.35,1457,17,,,,,,,,,,0,,
TFIDF_names_semantic,TFIDF,names,semantic,TF-IDF on names (semantic),American University of Armenia,Environmental and Sustainability Sciences,Bachelor,unmapped,16,1492,9,0.6,1483,12,,,,,,,,,,0,,
TFIDF_names_semantic,TFIDF,names,semantic,TF-IDF on names (semantic),American University of Armenia,General Education,General,unmapped,19,1492,47,3.15,1445,7,,,,,,,,,,0,,
TFIDF_names_semantic,TFIDF,names,semantic,TF-IDF on names (semantic),American University of Armenia,Industrial Engineering and Systems Management,Master,"IT Support / Admin / ERP, Technical Management",36,1492,54,3.62,1438,16,4.42,19.0,430.0,411.0,19.0,4.41,68.0,3.0,65.0,0,33.0,3.97
TFIDF_names_semantic,TFIDF,names,semantic,TF-IDF on names (semantic),Armenian State Pedagogical University,Informatics,Bachelor,"Software Engineering, IT Support / Admin / ERP",72,1492,128,8.58,1364,24,10.46,84.0,803.0,719.0,28.0,21.88,64.0,14.0,50.0,15,46.0,34.74
TFIDF_names_semantic,TFIDF,names,semantic,TF-IDF on names (semantic),Armenian State Pedagogical University,Informatics,Master,"IT Support / Admin / ERP, Software Engineering",21,1492,59,3.95,1433,2,5.35,43.0,803.0,760.0,6.0,7.81,64.0,5.0,59.0,2,15.0,5.92
TFIDF_names_semantic,TFIDF,names,semantic,TF-IDF on names (semantic),Armenian State University of Economics,Applied Statistics and Data Science,Master,Data / ML / AI,29,1492,49,3.28,1443,7,12.35,42.0,340.0,298.0,9.0,31.25,32.0,10.0,22.0,1,17.0,40.6
TFIDF_names_semantic,TFIDF,names,semantic,TF-IDF on names (semantic),Armenian State University of Economics,Information Systems,Bachelor,"IT Support / Admin / ERP, Software Engineering",83,1492,242,16.22,1250,3,17.19,138.0,803.0,665.0,11.0,21.88,64.0,14.0,50.0,3,67.0,39.41
TFIDF_names_semantic,TFIDF,names,semantic,TF-IDF on names (semantic),Armenian State University of Economics,Information Technology in Business,Master,"IT Support / Admin / ERP, Technical Management, Software Engineering",35,1492,91,6.1,1401,3,7.54,67.0,889.0,822.0,3.0,10.71,84.0,9.0,75.0,2,24.0,15.37
TFIDF_names_semantic,TFIDF,names,semantic,TF-IDF on names (semantic),National Polytechnic University of Armenia,Computer Engineering,Bachelor,"Hardware / Embedded, Software Engineering",24,1492,63,4.22,1429,6,3.47,25.0,720.0,695.0,10.0,2.35,85.0,2.0,83.0,0,22.0,0.71
TFIDF_names_semantic,TFIDF,names,semantic,TF-IDF on names (semantic),National Polytechnic University of Armenia,Computer Engineering,Master,"Hardware / Embedded, Software Engineering",18,1492,66,4.42,1426,3,3.33,24.0,720.0,696.0,7.0,3.53,85.0,3.0,82.0,0,15.0,0.88
TFIDF_names_semantic,TFIDF,names,semantic,TF-IDF on names (semantic),National Polytechnic University of Armenia,Informatics (Computer Science),Bachelor,"Software Engineering, Hardware / Embedded, IT Support / Admin / ERP, DevOps / Cloud, Data / ML / AI, Security, QA / Testing, Technical Management, UX / Product Design",36,1492,58,3.89,1434,15,3.89,58.0,1492.0,1434.0,15.0,3.88,335.0,13.0,322.0,4,22.0,4.19
TFIDF_names_semantic,TFIDF,names,semantic,TF-IDF on names (semantic),National Polytechnic University of Armenia,Informatics (Computer Science),Master,"Software Engineering, Hardware / Embedded, IT Support / Admin / ERP, DevOps / Cloud, Data / ML / AI, Security, QA / Testing, Technical Management, UX / Product Design",27,1492,24,1.61,1468,16,1.61,24.0,1492.0,1468.0,16.0,1.19,335.0,4.0,331.0,7,17.0,1.11
TFIDF_names_semantic,TFIDF,names,semantic,TF-IDF on names (semantic),National Polytechnic University of Armenia,Information Security,Bachelor,Security,27,1492,100,6.7,1392,4,10.2,10.0,98.0,88.0,21.0,10.2,98.0,10.0,88.0,2,19.0,11.11
TFIDF_names_semantic,TFIDF,names,semantic,TF-IDF on names (semantic),National Polytechnic University of Armenia,Information Systems,Bachelor,"IT Support / Admin / ERP, Software Engineering",26,1492,77,5.16,1415,6,4.86,39.0,803.0,764.0,10.0,3.12,64.0,2.0,62.0,0,24.0,2.42
TFIDF_names_semantic,TFIDF,names,semantic,TF-IDF on names (semantic),National Polytechnic University of Armenia,Information Systems,Master,"IT Support / Admin / ERP, Software Engineering",25,1492,50,3.35,1442,8,2.24,18.0,803.0,785.0,14.0,0.0,64.0,0.0,64.0,3,22.0,0.0
TFIDF_names_semantic,TFIDF,names,semantic,TF-IDF on names (semantic),National Polytechnic University of Armenia,Information Technologies,Bachelor,"Software Engineering, Hardware / Embedded, IT Support / Admin / ERP, DevOps / Cloud, Data / ML / AI, Security, QA / Testing, Technical Management, UX / Product Design",22,1492,68,4.56,1424,4,4.56,68.0,1492.0,1424.0,4.0,5.67,335.0,19.0,316.0,3,10.0,6.42
TFIDF_names_semantic,TFIDF,names,semantic,TF-IDF on names (semantic),National Polytechnic University of Armenia,Software Engineering,Bachelor,"Software Engineering, QA / Testing",44,1492,113,7.57,1379,10,9.3,64.0,688.0,624.0,16.0,18.64,59.0,11.0,48.0,4,34.0,11.84
TFIDF_names_semantic,TFIDF,names,semantic,TF-IDF on names (semantic),National Polytechnic University of Armenia,Software Engineering,Master,"Software Engineering, QA / Testing",51,1492,130,8.71,1362,11,8.87,61.0,688.0,627.0,19.0,18.64,59.0,11.0,48.0,3,42.0,12.52
TFIDF_names_semantic,TFIDF,names,semantic,TF-IDF on names (semantic),National University of Architecture and Construction of Armenia,Geographic Information Systems,Master,"Data / ML / AI, IT Support / Admin / ERP",21,1492,24,1.61,1468,14,2.32,13.0,560.0,547.0,16.0,3.08,65.0,2.0,63.0,0,19.0,4.3
TFIDF_names_semantic,TFIDF,names,semantic,TF-IDF on names (semantic),National University of Architecture and Construction of Armenia,Informatics (Computer Science),Bachelor,"Software Engineering, Hardware / Embedded, IT Support / Admin / ERP, DevOps / Cloud, Data / ML / AI, Security, QA / Testing, Technical Management, UX / Product Design",58,1492,89,5.97,1403,23,5.97,89.0,1492.0,1403.0,23.0,8.66,335.0,29.0,306.0,3,37.0,14.08
TFIDF_names_semantic,TFIDF,names,semantic,TF-IDF on names (semantic),National University of Architecture and Construction of Armenia,Informatics (Computer Science),Master,"Software Engineering, Hardware / Embedded, IT Support / Admin / ERP, DevOps / Cloud, Data / ML / AI, Security, QA / Testing, Technical Management, UX / Product Design",35,1492,79,5.29,1413,12,5.29,79.0,1492.0,1413.0,12.0,8.66,335.0,29.0,306.0,2,20.0,6.74
TFIDF_names_semantic,TFIDF,names,semantic,TF-IDF on names (semantic),National University of Architecture and Construction of Armenia,Information Systems,Bachelor,"IT Support / Admin / ERP, Software Engineering",45,1492,79,5.29,1413,19,5.48,44.0,803.0,759.0,26.0,4.69,64.0,3.0,61.0,2,40.0,1.35
TFIDF_names_semantic,TFIDF,names,semantic,TF-IDF on names (semantic),National University of Architecture and Construction of Armenia,Project Management (in Information Technologies),Master,"Technical Management, IT Support / Admin / ERP",30,1492,69,4.62,1423,12,5.81,25.0,430.0,405.0,15.0,5.88,68.0,4.0,64.0,0,25.0,4.97
TFIDF_names_semantic,TFIDF,names,semantic,TF-IDF on names (semantic),Russian-Armenian University,Applied Mathematics and Informatics,Bachelor,"Software Engineering, Hardware / Embedded, IT Support / Admin / ERP, DevOps / Cloud, Data / ML / AI, Security, QA / Testing, Technical Management, UX / Product Design",44,1492,62,4.16,1430,23,4.16,62.0,1492.0,1430.0,23.0,2.99,335.0,10.0,325.0,11,25.0,8.58
TFIDF_names_semantic,TFIDF,names,semantic,TF-IDF on names (semantic),Université Française en Arménie,Computer Science,Bachelor,"Software Engineering, Hardware / Embedded, IT Support / Admin / ERP, DevOps / Cloud, Data / ML / AI, Security, QA / Testing, Technical Management, UX / Product Design",54,1492,91,6.1,1401,18,6.1,91.0,1492.0,1401.0,18.0,6.57,335.0,22.0,313.0,9,27.0,10.1
TFIDF_names_semantic,TFIDF,names,semantic,TF-IDF on names (semantic),Université Française en Arménie,MS in Computer Science - Artificial Intelligence: Foundations and Applications,Master,"Data / ML / AI, Software Engineering",29,1492,58,3.89,1434,3,5.05,42.0,831.0,789.0,4.0,10.53,57.0,6.0,51.0,3,19.0,6.1
TFIDF_names_semantic,TFIDF,names,semantic,TF-IDF on names (semantic),Yerevan State University,Applied Statistics and Data Science,Bachelor,Data / ML / AI,69,1492,53,3.55,1439,44,9.41,32.0,340.0,308.0,51.0,21.88,32.0,7.0,25.0,7,54.0,33.94
TFIDF_names_semantic,TFIDF,names,semantic,TF-IDF on names (semantic),Yerevan State University,Applied Statistics and Data Science,Master,Data / ML / AI,41,1492,50,3.35,1442,19,9.12,31.0,340.0,309.0,22.0,25.0,32.0,8.0,24.0,4,28.0,36.24
TFIDF_names_semantic,TFIDF,names,semantic,TF-IDF on names (semantic),Yerevan State University,Blockchain and Digital Currencies,Master,unmapped,19,1492,20,1.34,1472,9,,,,,,,,,,0,,
TFIDF_names_semantic,TFIDF,names,semantic,TF-IDF on names (semantic),Yerevan State University,Data Processing in Physics and Artificial Intelligence,Bachelor,Data / ML / AI,98,1492,90,6.03,1402,61,8.82,30.0,340.0,310.0,77.0,18.75,32.0,6.0,26.0,6,84.0,16.51
TFIDF_names_semantic,TFIDF,names,semantic,TF-IDF on names (semantic),Yerevan State University,Data Science in Business,Master,Data / ML / AI,33,1492,73,4.89,1419,9,11.76,40.0,340.0,300.0,12.0,28.12,32.0,9.0,23.0,1,20.0,41.06
TFIDF_names_semantic,TFIDF,names,semantic,TF-IDF on names (semantic),Yerevan State University,Discrete Mathematics and Theoretical Informatics,Master,"Data / ML / AI, Software Engineering",40,1492,66,4.42,1426,16,4.93,41.0,831.0,790.0,19.0,8.77,57.0,5.0,52.0,6,30.0,5.34
TFIDF_names_semantic,TFIDF,names,semantic,TF-IDF on names (semantic),Yerevan State University,Informatics and Applied Mathematics,Bachelor,"Software Engineering, Hardware / Embedded, IT Support / Admin / ERP, DevOps / Cloud, Data / ML / AI, Security, QA / Testing, Technical Management, UX / Product Design",88,1492,65,4.36,1427,61,4.36,65.0,1492.0,1427.0,61.0,4.78,335.0,16.0,319.0,15,60.0,4.99
TFIDF_names_semantic,TFIDF,names,semantic,TF-IDF on names (semantic),Yerevan State University,Informatics and Applied Mathematics (Part time),Bachelor,"Software Engineering, Hardware / Embedded, IT Support / Admin / ERP, DevOps / Cloud, Data / ML / AI, Security, QA / Testing, Technical Management, UX / Product Design",90,1492,65,4.36,1427,63,4.36,65.0,1492.0,1427.0,63.0,4.78,335.0,16.0,319.0,15,62.0,4.99
TFIDF_names_semantic,TFIDF,names,semantic,TF-IDF on names (semantic),Yerevan State University,Information Security,Bachelor,Security,77,1492,81,5.43,1411,47,11.22,11.0,98.0,87.0,71.0,11.22,98.0,11.0,87.0,14,57.0,11.81
TFIDF_names_semantic,TFIDF,names,semantic,TF-IDF on names (semantic),Yerevan State University,Information Systems Development,Master,"IT Support / Admin / ERP, Software Engineering",46,1492,119,7.98,1373,11,7.97,64.0,803.0,739.0,14.0,10.94,64.0,7.0,57.0,3,37.0,9.16
TFIDF_names_semantic,TFIDF,names,semantic,TF-IDF on names (semantic),Yerevan State University,Information Systems Management,Master,"IT Support / Admin / ERP, Technical Management",39,1492,94,6.3,1398,9,9.07,39.0,430.0,391.0,14.0,11.76,68.0,8.0,60.0,3,30.0,12.91
TFIDF_names_semantic,TFIDF,names,semantic,TF-IDF on names (semantic),Yerevan State University,"Mathematical and Software Development of Computing Machines, Complexes, Systems and Networks",Master,"Software Engineering, DevOps / Cloud",41,1492,87,5.83,1405,13,4.66,35.0,751.0,716.0,20.0,3.17,63.0,2.0,61.0,5,34.0,2.42
TFIDF_names_semantic,TFIDF,names,semantic,TF-IDF on names (semantic),Yerevan State University,Numerical Analysis and Mathematical Modelling,Master,"Data / ML / AI, Software Engineering",38,1492,42,2.82,1450,16,3.73,31.0,831.0,800.0,19.0,8.77,57.0,5.0,52.0,6,28.0,5.34
TFIDF_names_semantic,TFIDF,names,semantic,TF-IDF on names (semantic),Yerevan State University,Radiophysics and Computer Technology,Bachelor,Hardware / Embedded,98,1492,92,6.17,1400,61,8.45,12.0,142.0,130.0,85.0,5.45,55.0,3.0,52.0,2,90.0,4.07
KeyBERT_names_semantic,KeyBERT,names,semantic,KeyBERT on names (semantic),American University of Armenia,Computer Science,Bachelor,"Software Engineering, Hardware / Embedded, IT Support / Admin / ERP, DevOps / Cloud, Data / ML / AI, Security, QA / Testing, Technical Management, UX / Product Design",38,1492,68,4.56,1424,14,4.56,68.0,1492.0,1424.0,14.0,5.67,335.0,19.0,316.0,6,22.0,7.02
KeyBERT_names_semantic,KeyBERT,names,semantic,KeyBERT on names (semantic),American University of Armenia,Computer and Information Science,Master,"Software Engineering, Hardware / Embedded, IT Support / Admin / ERP, DevOps / Cloud, Data / ML / AI, Security, QA / Testing, Technical Management, UX / Product Design",58,1492,74,4.96,1418,14,4.96,74.0,1492.0,1418.0,14.0,5.67,335.0,19.0,316.0,7,36.0,5.4
KeyBERT_names_semantic,KeyBERT,names,semantic,KeyBERT on names (semantic),American University of Armenia,Data Science,Bachelor,Data / ML / AI,55,1492,49,3.28,1443,22,9.71,33.0,340.0,307.0,26.0,28.12,32.0,9.0,23.0,4,38.0,22.71
KeyBERT_names_semantic,KeyBERT,names,semantic,KeyBERT on names (semantic),American University of Armenia,Engineering Sciences,Bachelor,unmapped,36,1492,35,2.35,1457,22,,,,,,,,,,0,,
KeyBERT_names_semantic,KeyBERT,names,semantic,KeyBERT on names (semantic),American University of Armenia,Environmental and Sustainability Sciences,Bachelor,unmapped,54,1492,16,1.07,1476,43,,,,,,,,,,0,,
KeyBERT_names_semantic,KeyBERT,names,semantic,KeyBERT on names (semantic),American University of Armenia,General Education,General,unmapped,36,1492,31,2.08,1461,22,,,,,,,,,,0,,
KeyBERT_names_semantic,KeyBERT,names,semantic,KeyBERT on names (semantic),American University of Armenia,Industrial Engineering and Systems Management,Master,"IT Support / Admin / ERP, Technical Management",64,1492,73,4.89,1419,26,6.98,30.0,430.0,400.0,35.0,7.35,68.0,5.0,63.0,0,58.0,6.62
KeyBERT_names_semantic,KeyBERT,names,semantic,KeyBERT on names (semantic),Armenian State Pedagogical University,Informatics,Bachelor,"Software Engineering, IT Support / Admin / ERP",71,1492,122,8.18,1370,24,10.34,83.0,803.0,720.0,27.0,23.44,64.0,15.0,49.0,15,45.0,38.06
KeyBERT_names_semantic,KeyBERT,names,semantic,KeyBERT on names (semantic),Armenian State Pedagogical University,Informatics,Master,"IT Support / Admin / ERP, Software Engineering",24,1492,63,4.22,1429,2,5.85,47.0,803.0,756.0,6.0,9.38,64.0,6.0,58.0,2,17.0,9.25
KeyBERT_names_semantic,KeyBERT,names,semantic,KeyBERT on names (semantic),Armenian State University of Economics,Applied Statistics and Data Science,Master,Data / ML / AI,29,1492,49,3.28,1443,7,12.35,42.0,340.0,298.0,9.0,31.25,32.0,10.0,22.0,1,17.0,40.6
KeyBERT_names_semantic,KeyBERT,names,semantic,KeyBERT on names (semantic),Armenian State University of Economics,Information Systems,Bachelor,"IT Support / Admin / ERP, Software Engineering",70,1492,211,14.14,1281,3,15.69,126.0,803.0,677.0,7.0,23.44,64.0,15.0,49.0,3,54.0,42.73
KeyBERT_names_semantic,KeyBERT,names,semantic,KeyBERT on names (semantic),Armenian State University of Economics,Information Technology in Business,Master,"IT Support / Admin / ERP, Technical Management, Software Engineering",30,1492,82,5.5,1410,2,6.52,58.0,889.0,831.0,2.0,9.52,84.0,8.0,76.0,2,21.0,10.37
KeyBERT_names_semantic,KeyBERT,names,semantic,KeyBERT on names (semantic),National Polytechnic University of Armenia,Computer Engineering,Bachelor,"Hardware / Embedded, Software Engineering",74,1492,73,4.89,1419,33,4.44,32.0,720.0,688.0,38.0,3.53,85.0,3.0,82.0,0,70.0,2.73
KeyBERT_names_semantic,KeyBERT,names,semantic,KeyBERT on names (semantic),National Polytechnic University of Armenia,Computer Engineering,Master,"Hardware / Embedded, Software Engineering",57,1492,94,6.3,1398,17,5.28,38.0,720.0,682.0,22.0,4.71,85.0,4.0,81.0,0,48.0,2.91
KeyBERT_names_semantic,KeyBERT,names,semantic,KeyBERT on names (semantic),National Polytechnic University of Armenia,Informatics (Computer Science),Bachelor,"Software Engineering, Hardware / Embedded, IT Support / Admin / ERP, DevOps / Cloud, Data / ML / AI, Security, QA / Testing, Technical Management, UX / Product Design",36,1492,37,2.48,1455,15,2.48,37.0,1492.0,1455.0,15.0,2.09,335.0,7.0,328.0,5,23.0,1.27
KeyBERT_names_semantic,KeyBERT,names,semantic,KeyBERT on names (semantic),National Polytechnic University of Armenia,Informatics (Computer Science),Master,"Software Engineering, Hardware / Embedded, IT Support / Admin / ERP, DevOps / Cloud, Data / ML / AI, Security, QA / Testing, Technical Management, UX / Product Design",54,1492,23,1.54,1469,37,1.54,23.0,1492.0,1469.0,37.0,1.19,335.0,4.0,331.0,12,37.0,1.11
KeyBERT_names_semantic,KeyBERT,names,semantic,KeyBERT on names (semantic),National Polytechnic University of Armenia,Information Security,Bachelor,Security,51,1492,94,6.3,1398,11,14.29,14.0,98.0,84.0,35.0,14.29,98.0,14.0,84.0,3,32.0,15.28
KeyBERT_names_semantic,KeyBERT,names,semantic,KeyBERT on names (semantic),National Polytechnic University of Armenia,Information Systems,Bachelor,"IT Support / Admin / ERP, Software Engineering",72,1492,106,7.1,1386,21,7.35,59.0,803.0,744.0,31.0,10.94,64.0,7.0,57.0,1,66.0,11.67
KeyBERT_names_semantic,KeyBERT,names,semantic,KeyBERT on names (semantic),National Polytechnic University of Armenia,Information Systems,Master,"IT Support / Admin / ERP, Software Engineering",60,1492,73,4.89,1419,17,3.99,32.0,803.0,771.0,29.0,3.12,64.0,2.0,62.0,5,53.0,2.42
KeyBERT_names_semantic,KeyBERT,names,semantic,KeyBERT on names (semantic),National Polytechnic University of Armenia,Information Technologies,Bachelor,"Software Engineering, Hardware / Embedded, IT Support / Admin / ERP, DevOps / Cloud, Data / ML / AI, Security, QA / Testing, Technical Management, UX / Product Design",39,1492,80,5.36,1412,13,5.36,80.0,1492.0,1412.0,13.0,7.46,335.0,25.0,310.0,5,19.0,12.27
KeyBERT_names_semantic,KeyBERT,names,semantic,KeyBERT on names (semantic),National Polytechnic University of Armenia,Software Engineering,Bachelor,"Software Engineering, QA / Testing",74,1492,113,7.57,1379,22,7.99,55.0,688.0,633.0,29.0,6.78,59.0,4.0,55.0,7,60.0,8.32
KeyBERT_names_semantic,KeyBERT,names,semantic,KeyBERT on names (semantic),National Polytechnic University of Armenia,Software Engineering,Master,"Software Engineering, QA / Testing",95,1492,141,9.45,1351,26,9.01,62.0,688.0,626.0,41.0,16.95,59.0,10.0,49.0,7,83.0,9.97
KeyBERT_names_semantic,KeyBERT,names,semantic,KeyBERT on names (semantic),National University of Architecture and Construction of Armenia,Geographic Information Systems,Master,"Data / ML / AI, IT Support / Admin / ERP",31,1492,16,1.07,1476,24,1.96,11.0,560.0,549.0,26.0,3.08,65.0,2.0,63.0,0,29.0,4.3
KeyBERT_names_semantic,KeyBERT,names,semantic,KeyBERT on names (semantic),National University of Architecture and Construction of Armenia,Informatics (Computer Science),Bachelor,"Software Engineering, Hardware / Embedded, IT Support / Admin / ERP, DevOps / Cloud, Data / ML / AI, Security, QA / Testing, Technical Management, UX / Product Design",62,1492,71,4.76,1421,24,4.76,71.0,1492.0,1421.0,24.0,6.87,335.0,23.0,312.0,3,38.0,11.57
KeyBERT_names_semantic,KeyBERT,names,semantic,KeyBERT on names (semantic),National University of Architecture and Construction of Armenia,Informatics (Computer Science),Master,"Software Engineering, Hardware / Embedded, IT Support / Admin / ERP, DevOps / Cloud, Data / ML / AI, Security, QA / Testing, Technical Management, UX / Product Design",53,1492,82,5.5,1410,22,5.5,82.0,1492.0,1410.0,22.0,9.25,335.0,31.0,304.0,4,31.0,6.9
KeyBERT_names_semantic,KeyBERT,names,semantic,KeyBERT on names (semantic),National University of Architecture and Construction of Armenia,Information Systems,Bachelor,"IT Support / Admin / ERP, Software Engineering",65,1492,74,4.96,1418,27,4.98,40.0,803.0,763.0,40.0,4.69,64.0,3.0,61.0,2,60.0,1.35
KeyBERT_names_semantic,KeyBERT,names,semantic,KeyBERT on names (semantic),National University of Architecture and Construction of Armenia,Project Management (in Information Technologies),Master,"Technical Management, IT Support / Admin / ERP",52,1492,82,5.5,1410,18,7.91,34.0,430.0,396.0,24.0,13.24,68.0,9.0,59.0,1,41.0,13.91
KeyBERT_names_semantic,KeyBERT,names,semantic,KeyBERT on names (semantic),Russian-Armenian University,Applied Mathematics and Informatics,Bachelor,"Software Engineering, Hardware / Embedded, IT Support / Admin / ERP, DevOps / Cloud, Data / ML / AI, Security, QA / Testing, Technical Management, UX / Product Design",58,1492,48,3.22,1444,33,3.22,48.0,1492.0,1444.0,33.0,1.19,335.0,4.0,331.0,19,35.0,1.05
KeyBERT_names_semantic,KeyBERT,names,semantic,KeyBERT on names (semantic),Université Française en Arménie,Computer Science,Bachelor,"Software Engineering, Hardware / Embedded, IT Support / Admin / ERP, DevOps / Cloud, Data / ML / AI, Security, QA / Testing, Technical Management, UX / Product Design",90,1492,87,5.83,1405,37,5.83,87.0,1492.0,1405.0,37.0,6.57,335.0,22.0,313.0,11,50.0,9.88
KeyBERT_names_semantic,KeyBERT,names,semantic,KeyBERT on names (semantic),Université Française en Arménie,MS in Computer Science - Artificial Intelligence: Foundations and Applications,Master,"Data / ML / AI, Software Engineering",41,1492,58,3.89,1434,10,5.05,42.0,831.0,789.0,12.0,10.53,57.0,6.0,51.0,2,30.0,6.1
KeyBERT_names_semantic,KeyBERT,names,semantic,KeyBERT on names (semantic),Yerevan State University,Applied Statistics and Data Science,Bachelor,Data / ML / AI,58,1492,33,2.21,1459,38,4.71,16.0,340.0,324.0,45.0,15.62,32.0,5.0,27.0,6,48.0,25.92
KeyBERT_names_semantic,KeyBERT,names,semantic,KeyBERT on names (semantic),Yerevan State University,Applied Statistics and Data Science,Master,Data / ML / AI,38,1492,38,2.55,1454,18,5.59,19.0,340.0,321.0,23.0,21.88,32.0,7.0,25.0,4,26.0,33.94
KeyBERT_names_semantic,KeyBERT,names,semantic,KeyBERT on names (semantic),Yerevan State University,Blockchain and Digital Currencies,Master,unmapped,36,1492,26,1.74,1466,15,,,,,,,,,,0,,
KeyBERT_names_semantic,KeyBERT,names,semantic,KeyBERT on names (semantic),Yerevan State University,Data Processing in Physics and Artificial Intelligence,Bachelor,Data / ML / AI,125,1492,84,5.63,1408,82,7.94,27.0,340.0,313.0,104.0,15.62,32.0,5.0,27.0,10,110.0,14.45
KeyBERT_names_semantic,KeyBERT,names,semantic,KeyBERT on names (semantic),Yerevan State University,Data Science in Business,Master,Data / ML / AI,51,1492,75,5.03,1417,16,12.65,43.0,340.0,297.0,20.0,31.25,32.0,10.0,22.0,1,33.0,47.71
KeyBERT_names_semantic,KeyBERT,names,semantic,KeyBERT on names (semantic),Yerevan State University,Discrete Mathematics and Theoretical Informatics,Master,"Data / ML / AI, Software Engineering",61,1492,73,4.89,1419,24,5.42,45.0,831.0,786.0,30.0,8.77,57.0,5.0,52.0,7,50.0,5.34
KeyBERT_names_semantic,KeyBERT,names,semantic,KeyBERT on names (semantic),Yerevan State University,Informatics and Applied Mathematics,Bachelor,"Software Engineering, Hardware / Embedded, IT Support / Admin / ERP, DevOps / Cloud, Data / ML / AI, Security, QA / Testing, Technical Management, UX / Product Design",79,1492,36,2.41,1456,62,2.41,36.0,1492.0,1456.0,62.0,2.09,335.0,7.0,328.0,13,60.0,1.3
KeyBERT_names_semantic,KeyBERT,names,semantic,KeyBERT on names (semantic),Yerevan State University,Informatics and Applied Mathematics (Part time),Bachelor,"Software Engineering, Hardware / Embedded, IT Support / Admin / ERP, DevOps / Cloud, Data / ML / AI, Security, QA / Testing, Technical Management, UX / Product Design",81,1492,36,2.41,1456,64,2.41,36.0,1492.0,1456.0,64.0,2.09,335.0,7.0,328.0,13,62.0,1.3
KeyBERT_names_semantic,KeyBERT,names,semantic,KeyBERT on names (semantic),Yerevan State University,Information Security,Bachelor,Security,73,1492,65,4.36,1427,47,12.24,12.0,98.0,86.0,66.0,12.24,98.0,12.0,86.0,12,54.0,12.5
KeyBERT_names_semantic,KeyBERT,names,semantic,KeyBERT on names (semantic),Yerevan State University,Information Systems Development,Master,"IT Support / Admin / ERP, Software Engineering",59,1492,113,7.57,1379,15,7.6,61.0,803.0,742.0,19.0,7.81,64.0,5.0,59.0,5,46.0,5.48
KeyBERT_names_semantic,KeyBERT,names,semantic,KeyBERT on names (semantic),Yerevan State University,Information Systems Management,Master,"IT Support / Admin / ERP, Technical Management",58,1492,89,5.97,1403,19,7.44,32.0,430.0,398.0,31.0,8.82,68.0,6.0,62.0,4,47.0,7.62
KeyBERT_names_semantic,KeyBERT,names,semantic,KeyBERT on names (semantic),Yerevan State University,"Mathematical and Software Development of Computing Machines, Complexes, Systems and Networks",Master,"Software Engineering, DevOps / Cloud",64,1492,105,7.04,1387,18,5.73,43.0,751.0,708.0,32.0,3.17,63.0,2.0,61.0,3,55.0,2.42
KeyBERT_names_semantic,KeyBERT,names,semantic,KeyBERT on names (semantic),Yerevan State University,Numerical Analysis and Mathematical Modelling,Master,"Data / ML / AI, Software Engineering",56,1492,43,2.88,1449,30,3.73,31.0,831.0,800.0,34.0,8.77,57.0,5.0,52.0,7,45.0,5.34
KeyBERT_names_semantic,KeyBERT,names,semantic,KeyBERT on names (semantic),Yerevan State University,Radiophysics and Computer Technology,Bachelor,Hardware / Embedded,176,1492,102,6.84,1390,119,9.86,14.0,142.0,128.0,154.0,5.45,55.0,3.0,52.0,1,166.0,4.07
TFIDF_desc_semantic,TFIDF,desc,semantic,TF-IDF on descriptions (semantic),American University of Armenia,Computer Science,Bachelor,"Software Engineering, Hardware / Embedded, IT Support / Admin / ERP, DevOps / Cloud, Data / ML / AI, Security, QA / Testing, Technical Management, UX / Product Design",464,1492,200,13.4,1292,358,13.4,200.0,1492.0,1292.0,358.0,16.72,335.0,56.0,279.0,31,396.0,15.54
TFIDF_desc_semantic,TFIDF,desc,semantic,TF-IDF on descriptions (semantic),American University of Armenia,Computer and Information Science,Master,"Software Engineering, Hardware / Embedded, IT Support / Admin / ERP, DevOps / Cloud, Data / ML / AI, Security, QA / Testing, Technical Management, UX / Product Design",588,1492,233,15.62,1259,418,15.62,233.0,1492.0,1259.0,418.0,17.91,335.0,60.0,275.0,27,500.0,25.07
TFIDF_desc_semantic,TFIDF,desc,semantic,TF-IDF on descriptions (semantic),American University of Armenia,Data Science,Bachelor,Data / ML / AI,310,1492,125,8.38,1367,233,18.24,62.0,340.0,278.0,258.0,50.0,32.0,16.0,16.0,8,278.0,63.3
TFIDF_desc_semantic,TFIDF,desc,semantic,TF-IDF on descriptions (semantic),American University of Armenia,Engineering Sciences,Bachelor,unmapped,327,1492,84,5.63,1408,260,,,,,,,,,,0,,
TFIDF_desc_semantic,TFIDF,desc,semantic,TF-IDF on descriptions (semantic),American University of Armenia,Environmental and Sustainability Sciences,Bachelor,unmapped,224,1492,63,4.22,1429,191,,,,,,,,,,0,,
TFIDF_desc_semantic,TFIDF,desc,semantic,TF-IDF on descriptions (semantic),American University of Armenia,General Education,General,unmapped,263,1492,70,4.69,1422,218,,,,,,,,,,0,,
TFIDF_desc_semantic,TFIDF,desc,semantic,TF-IDF on descriptions (semantic),American University of Armenia,Industrial Engineering and Systems Management,Master,"IT Support / Admin / ERP, Technical Management",306,1492,141,9.45,1351,216,12.56,54.0,430.0,376.0,250.0,14.71,68.0,10.0,58.0,6,284.0,12.58
TFIDF_desc_semantic,TFIDF,desc,semantic,TF-IDF on descriptions (semantic),Armenian State Pedagogical University,Informatics,Bachelor,"Software Engineering, IT Support / Admin / ERP",79,1492,107,7.17,1385,36,7.97,64.0,803.0,739.0,43.0,15.62,64.0,10.0,54.0,11,59.0,19.66
TFIDF_desc_semantic,TFIDF,desc,semantic,TF-IDF on descriptions (semantic),Armenian State Pedagogical University,Informatics,Master,"IT Support / Admin / ERP, Software Engineering",31,1492,41,2.75,1451,15,3.49,28.0,803.0,775.0,19.0,6.25,64.0,4.0,60.0,1,26.0,5.66
TFIDF_desc_semantic,TFIDF,desc,semantic,TF-IDF on descriptions (semantic),Armenian State University of Economics,Applied Statistics and Data Science,Master,Data / ML / AI,52,1492,48,3.22,1444,22,10.0,34.0,340.0,306.0,27.0,21.88,32.0,7.0,25.0,0,40.0,15.83
TFIDF_desc_semantic,TFIDF,desc,semantic,TF-IDF on descriptions (semantic),Armenian State University of Economics,Information Systems,Bachelor,"IT Support / Admin / ERP, Software Engineering",81,1492,201,13.47,1291,15,13.08,105.0,803.0,698.0,20.0,18.75,64.0,12.0,52.0,1,69.0,25.85
TFIDF_desc_semantic,TFIDF,desc,semantic,TF-IDF on descriptions (semantic),Armenian State University of Economics,Information Technology in Business,Master,"IT Support / Admin / ERP, Technical Management, Software Engineering",43,1492,75,5.03,1417,12,5.29,47.0,889.0,842.0,13.0,5.95,84.0,5.0,79.0,0,38.0,7.35
TFIDF_desc_semantic,TFIDF,desc,semantic,TF-IDF on descriptions (semantic),National Polytechnic University of Armenia,Computer Engineering,Bachelor,"Hardware / Embedded, Software Engineering",210,1492,145,9.72,1347,116,9.86,71.0,720.0,649.0,136.0,8.24,85.0,7.0,78.0,7,192.0,3.7
TFIDF_desc_semantic,TFIDF,desc,semantic,TF-IDF on descriptions (semantic),National Polytechnic University of Armenia,Computer Engineering,Master,"Hardware / Embedded, Software Engineering",161,1492,164,10.99,1328,74,9.58,69.0,720.0,651.0,97.0,5.88,85.0,5.0,80.0,2,149.0,2.73
TFIDF_desc_semantic,TFIDF,desc,semantic,TF-IDF on descriptions (semantic),National Polytechnic University of Armenia,Informatics (Computer Science),Bachelor,"Software Engineering, Hardware / Embedded, IT Support / Admin / ERP, DevOps / Cloud, Data / ML / AI, Security, QA / Testing, Technical Management, UX / Product Design",295,1492,153,10.25,1339,192,10.25,153.0,1492.0,1339.0,192.0,12.54,335.0,42.0,293.0,21,229.0,19.29
TFIDF_desc_semantic,TFIDF,desc,semantic,TF-IDF on descriptions (semantic),National Polytechnic University of Armenia,Informatics (Computer Science),Master,"Software Engineering, Hardware / Embedded, IT Support / Admin / ERP, DevOps / Cloud, Data / ML / AI, Security, QA / Testing, Technical Management, UX / Product Design",156,1492,56,3.75,1436,112,3.75,56.0,1492.0,1436.0,112.0,4.48,335.0,15.0,320.0,15,129.0,8.33
TFIDF_desc_semantic,TFIDF,desc,semantic,TF-IDF on descriptions (semantic),National Polytechnic University of Armenia,Information Security,Bachelor,Security,156,1492,146,9.79,1346,75,26.53,26.0,98.0,72.0,126.0,26.53,98.0,26.0,72.0,5,121.0,32.64
TFIDF_desc_semantic,TFIDF,desc,semantic,TF-IDF on descriptions (semantic),National Polytechnic University of Armenia,Information Systems,Bachelor,"IT Support / Admin / ERP, Software Engineering",298,1492,198,13.27,1294,162,13.08,105.0,803.0,698.0,192.0,14.06,64.0,9.0,55.0,4,281.0,14.81
TFIDF_desc_semantic,TFIDF,desc,semantic,TF-IDF on descriptions (semantic),National Polytechnic University of Armenia,Information Systems,Master,"IT Support / Admin / ERP, Software Engineering",197,1492,143,9.58,1349,109,10.46,84.0,803.0,719.0,129.0,10.94,64.0,7.0,57.0,7,183.0,13.11
TFIDF_desc_semantic,TFIDF,desc,semantic,TF-IDF on descriptions (semantic),National Polytechnic University of Armenia,Information Technologies,Bachelor,"Software Engineering, Hardware / Embedded, IT Support / Admin / ERP, DevOps / Cloud, Data / ML / AI, Security, QA / Testing, Technical Management, UX / Product Design",228,1492,236,15.82,1256,100,15.82,236.0,1492.0,1256.0,100.0,24.48,335.0,82.0,253.0,3,161.0,29.9
TFIDF_desc_semantic,TFIDF,desc,semantic,TF-IDF on descriptions (semantic),National Polytechnic University of Armenia,Software Engineering,Bachelor,"Software Engineering, QA / Testing",362,1492,250,16.76,1242,199,20.2,139.0,688.0,549.0,244.0,44.07,59.0,26.0,33.0,18,317.0,45.05
TFIDF_desc_semantic,TFIDF,desc,semantic,TF-IDF on descriptions (semantic),National Polytechnic University of Armenia,Software Engineering,Master,"Software Engineering, QA / Testing",342,1492,250,16.76,1242,167,19.19,132.0,688.0,556.0,226.0,49.15,59.0,29.0,30.0,12,305.0,53.3
TFIDF_desc_semantic,TFIDF,desc,semantic,TF-IDF on descriptions (semantic),National University of Architecture and Construction of Armenia,Geographic Information Systems,Master,"Data / ML / AI, IT Support / Admin / ERP",132,1492,90,6.03,1402,95,7.86,44.0,560.0,516.0,102.0,7.69,65.0,5.0,60.0,2,125.0,5.84
TFIDF_desc_semantic,TFIDF,desc,semantic,TF-IDF on descriptions (semantic),National University of Architecture and Construction of Armenia,Informatics (Computer Science),Bachelor,"Software Engineering, Hardware / Embedded, IT Support / Admin / ERP, DevOps / Cloud, Data / ML / AI, Security, QA / Testing, Technical Management, UX / Product Design",588,1492,252,16.89,1240,404,16.89,252.0,1492.0,1240.0,404.0,22.39,335.0,75.0,260.0,23,488.0,30.54
TFIDF_desc_semantic,TFIDF,desc,semantic,TF-IDF on descriptions (semantic),National University of Architecture and Construction of Armenia,Informatics (Computer Science),Master,"Software Engineering, Hardware / Embedded, IT Support / Admin / ERP, DevOps / Cloud, Data / ML / AI, Security, QA / Testing, Technical Management, UX / Product Design",208,1492,167,11.19,1325,125,11.19,167.0,1492.0,1325.0,125.0,14.63,335.0,49.0,286.0,10,158.0,11.12
TFIDF_desc_semantic,TFIDF,desc,semantic,TF-IDF on descriptions (semantic),National University of Architecture and Construction of Armenia,Information Systems,Bachelor,"IT Support / Admin / ERP, Software Engineering",595,1492,229,15.35,1263,391,15.57,125.0,803.0,678.0,447.0,18.75,64.0,12.0,52.0,20,558.0,16.97
TFIDF_desc_semantic,TFIDF,desc,semantic,TF-IDF on descriptions (semantic),National University of Architecture and Construction of Armenia,Project Management (in Information Technologies),Master,"Technical Management, IT Support / Admin / ERP",221,1492,197,13.2,1295,115,20.47,88.0,430.0,342.0,139.0,25.0,68.0,17.0,51.0,2,190.0,24.83
TFIDF_desc_semantic,TFIDF,desc,semantic,TF-IDF on descriptions (semantic),Russian-Armenian University,Applied Mathematics and Informatics,Bachelor,"Software Engineering, Hardware / Embedded, IT Support / Admin / ERP, DevOps / Cloud, Data / ML / AI, Security, QA / Testing, Technical Management, UX / Product Design",509,1492,155,10.39,1337,375,10.39,155.0,1492.0,1337.0,375.0,10.15,335.0,34.0,301.0,41,427.0,14.24
TFIDF_desc_semantic,TFIDF,desc,semantic,TF-IDF on descriptions (semantic),Université Française en Arménie,Computer Science,Bachelor,"Software Engineering, Hardware / Embedded, IT Support / Admin / ERP, DevOps / Cloud, Data / ML / AI, Security, QA / Testing, Technical Management, UX / Product Design",622,1492,273,18.3,1219,387,18.3,273.0,1492.0,1219.0,387.0,25.07,335.0,84.0,251.0,51,477.0,34.32
TFIDF_desc_semantic,TFIDF,desc,semantic,TF-IDF on descriptions (semantic),Université Française en Arménie,MS in Computer Science - Artificial Intelligence: Foundations and Applications,Master,"Data / ML / AI, Software Engineering",234,1492,110,7.37,1382,148,9.63,80.0,831.0,751.0,158.0,21.05,57.0,12.0,45.0,10,207.0,17.6
TFIDF_desc_semantic,TFIDF,desc,semantic,TF-IDF on descriptions (semantic),Yerevan State University,Applied Statistics and Data Science,Bachelor,Data / ML / AI,681,1492,148,9.92,1344,535,20.0,68.0,340.0,272.0,592.0,34.38,32.0,11.0,21.0,25,624.0,52.52
TFIDF_desc_semantic,TFIDF,desc,semantic,TF-IDF on descriptions (semantic),Yerevan State University,Applied Statistics and Data Science,Master,Data / ML / AI,303,1492,122,8.18,1370,214,19.12,65.0,340.0,275.0,238.0,37.5,32.0,12.0,20.0,15,266.0,53.9
TFIDF_desc_semantic,TFIDF,desc,semantic,TF-IDF on descriptions (semantic),Yerevan State University,Blockchain and Digital Currencies,Master,unmapped,150,1492,93,6.23,1399,94,,,,,,,,,,0,,
TFIDF_desc_semantic,TFIDF,desc,semantic,TF-IDF on descriptions (semantic),Yerevan State University,Data Processing in Physics and Artificial Intelligence,Bachelor,Data / ML / AI,751,1492,160,10.72,1332,620,15.88,54.0,340.0,286.0,685.0,31.25,32.0,10.0,22.0,26,707.0,41.28
TFIDF_desc_semantic,TFIDF,desc,semantic,TF-IDF on descriptions (semantic),Yerevan State University,Data Science in Business,Master,Data / ML / AI,235,1492,152,10.19,1340,137,19.71,67.0,340.0,273.0,175.0,50.0,32.0,16.0,16.0,9,200.0,61.01
TFIDF_desc_semantic,TFIDF,desc,semantic,TF-IDF on descriptions (semantic),Yerevan State University,Discrete Mathematics and Theoretical Informatics,Master,"Data / ML / AI, Software Engineering",332,1492,128,8.58,1364,247,8.54,71.0,831.0,760.0,268.0,3.51,57.0,2.0,55.0,20,310.0,2.56
TFIDF_desc_semantic,TFIDF,desc,semantic,TF-IDF on descriptions (semantic),Yerevan State University,Informatics and Applied Mathematics,Bachelor,"Software Engineering, Hardware / Embedded, IT Support / Admin / ERP, DevOps / Cloud, Data / ML / AI, Security, QA / Testing, Technical Management, UX / Product Design",756,1492,146,9.79,1346,607,9.79,146.0,1492.0,1346.0,607.0,13.13,335.0,44.0,291.0,48,653.0,15.19
TFIDF_desc_semantic,TFIDF,desc,semantic,TF-IDF on descriptions (semantic),Yerevan State University,Informatics and Applied Mathematics (Part time),Bachelor,"Software Engineering, Hardware / Embedded, IT Support / Admin / ERP, DevOps / Cloud, Data / ML / AI, Security, QA / Testing, Technical Management, UX / Product Design",793,1492,145,9.72,1347,639,9.72,145.0,1492.0,1347.0,639.0,11.64,335.0,39.0,296.0,42,703.0,21.07
TFIDF_desc_semantic,TFIDF,desc,semantic,TF-IDF on descriptions (semantic),Yerevan State University,Information Security,Bachelor,Security,680,1492,176,11.8,1316,468,32.65,32.0,98.0,66.0,609.0,32.65,98.0,32.0,66.0,36,573.0,43.06
TFIDF_desc_semantic,TFIDF,desc,semantic,TF-IDF on descriptions (semantic),Yerevan State University,Information Systems Development,Master,"IT Support / Admin / ERP, Software Engineering",351,1492,218,14.61,1274,217,15.82,127.0,803.0,676.0,242.0,26.56,64.0,17.0,47.0,7,320.0,33.66
TFIDF_desc_semantic,TFIDF,desc,semantic,TF-IDF on descriptions (semantic),Yerevan State University,Information Systems Management,Master,"IT Support / Admin / ERP, Technical Management",355,1492,234,15.68,1258,211,21.86,94.0,430.0,336.0,268.0,22.06,68.0,15.0,53.0,7,329.0,21.85
TFIDF_desc_semantic,TFIDF,desc,semantic,TF-IDF on descriptions (semantic),Yerevan State University,"Mathematical and Software Development of Computing Machines, Complexes, Systems and Networks",Master,"Software Engineering, DevOps / Cloud",359,1492,216,14.48,1276,231,12.92,97.0,751.0,654.0,270.0,14.29,63.0,9.0,54.0,16,328.0,14.31
TFIDF_desc_semantic,TFIDF,desc,semantic,TF-IDF on descriptions (semantic),Yerevan State University,Numerical Analysis and Mathematical Modelling,Master,"Data / ML / AI, Software Engineering",334,1492,84,5.63,1408,258,6.74,56.0,831.0,775.0,274.0,10.53,57.0,6.0,51.0,27,297.0,14.0
TFIDF_desc_semantic,TFIDF,desc,semantic,TF-IDF on descriptions (semantic),Yerevan State University,Radiophysics and Computer Technology,Bachelor,Hardware / Embedded,864,1492,214,14.34,1278,696,21.83,31.0,142.0,111.0,823.0,21.82,55.0,12.0,43.0,16,825.0,20.35
KeyBERT_desc_semantic,KeyBERT,desc,semantic,KeyBERT on descriptions (semantic),American University of Armenia,Computer Science,Bachelor,"Software Engineering, Hardware / Embedded, IT Support / Admin / ERP, DevOps / Cloud, Data / ML / AI, Security, QA / Testing, Technical Management, UX / Product Design",356,1492,215,14.41,1277,243,14.41,215.0,1492.0,1277.0,243.0,20.0,335.0,67.0,268.0,30,274.0,19.8
KeyBERT_desc_semantic,KeyBERT,desc,semantic,KeyBERT on descriptions (semantic),American University of Armenia,Computer and Information Science,Master,"Software Engineering, Hardware / Embedded, IT Support / Admin / ERP, DevOps / Cloud, Data / ML / AI, Security, QA / Testing, Technical Management, UX / Product Design",484,1492,233,15.62,1259,309,15.62,233.0,1492.0,1259.0,309.0,18.81,335.0,63.0,272.0,31,383.0,23.55
KeyBERT_desc_semantic,KeyBERT,desc,semantic,KeyBERT on descriptions (semantic),American University of Armenia,Data Science,Bachelor,Data / ML / AI,278,1492,159,10.66,1333,187,22.06,75.0,340.0,265.0,219.0,46.88,32.0,15.0,17.0,11,247.0,52.29
KeyBERT_desc_semantic,KeyBERT,desc,semantic,KeyBERT on descriptions (semantic),American University of Armenia,Engineering Sciences,Bachelor,unmapped,276,1492,77,5.16,1415,226,,,,,,,,,,0,,
KeyBERT_desc_semantic,KeyBERT,desc,semantic,KeyBERT on descriptions (semantic),American University of Armenia,Environmental and Sustainability Sciences,Bachelor,unmapped,204,1492,72,4.83,1420,170,,,,,,,,,,0,,
KeyBERT_desc_semantic,KeyBERT,desc,semantic,KeyBERT on descriptions (semantic),American University of Armenia,General Education,General,unmapped,242,1492,86,5.76,1406,192,,,,,,,,,,0,,
KeyBERT_desc_semantic,KeyBERT,desc,semantic,KeyBERT on descriptions (semantic),American University of Armenia,Industrial Engineering and Systems Management,Master,"IT Support / Admin / ERP, Technical Management",272,1492,136,9.12,1356,178,13.49,58.0,430.0,372.0,209.0,14.71,68.0,10.0,58.0,7,251.0,12.58
KeyBERT_desc_semantic,KeyBERT,desc,semantic,KeyBERT on descriptions (semantic),Armenian State Pedagogical University,Informatics,Bachelor,"Software Engineering, IT Support / Admin / ERP",129,1492,134,8.98,1358,52,10.59,85.0,803.0,718.0,61.0,20.31,64.0,13.0,51.0,22,89.0,28.73
KeyBERT_desc_semantic,KeyBERT,desc,semantic,KeyBERT on descriptions (semantic),Armenian State Pedagogical University,Informatics,Master,"IT Support / Admin / ERP, Software Engineering",45,1492,67,4.49,1425,12,5.98,48.0,803.0,755.0,18.0,9.38,64.0,6.0,58.0,2,33.0,9.25
KeyBERT_desc_semantic,KeyBERT,desc,semantic,KeyBERT on descriptions (semantic),Armenian State University of Economics,Applied Statistics and Data Science,Master,Data / ML / AI,68,1492,56,3.75,1436,17,13.24,45.0,340.0,295.0,25.0,31.25,32.0,10.0,22.0,1,43.0,40.6
KeyBERT_desc_semantic,KeyBERT,desc,semantic,KeyBERT on descriptions (semantic),Armenian State University of Economics,Information Systems,Bachelor,"IT Support / Admin / ERP, Software Engineering",129,1492,239,16.02,1253,6,17.19,138.0,803.0,665.0,13.0,23.44,64.0,15.0,49.0,4,103.0,34.47
KeyBERT_desc_semantic,KeyBERT,desc,semantic,KeyBERT on descriptions (semantic),Armenian State University of Economics,Information Technology in Business,Master,"IT Support / Admin / ERP, Technical Management, Software Engineering",61,1492,102,6.84,1390,7,8.66,77.0,889.0,812.0,9.0,13.1,84.0,11.0,73.0,2,43.0,14.63
KeyBERT_desc_semantic,KeyBERT,desc,semantic,KeyBERT on descriptions (semantic),National Polytechnic University of Armenia,Computer Engineering,Bachelor,"Hardware / Embedded, Software Engineering",183,1492,177,11.86,1315,81,13.19,95.0,720.0,625.0,104.0,16.47,85.0,14.0,71.0,8,156.0,16.31
KeyBERT_desc_semantic,KeyBERT,desc,semantic,KeyBERT on descriptions (semantic),National Polytechnic University of Armenia,Computer Engineering,Master,"Hardware / Embedded, Software Engineering",143,1492,161,10.79,1331,58,9.31,67.0,720.0,653.0,87.0,7.06,85.0,6.0,79.0,2,134.0,10.67
KeyBERT_desc_semantic,KeyBERT,desc,semantic,KeyBERT on descriptions (semantic),National Polytechnic University of Armenia,Informatics (Computer Science),Bachelor,"Software Engineering, Hardware / Embedded, IT Support / Admin / ERP, DevOps / Cloud, Data / ML / AI, Security, QA / Testing, Technical Management, UX / Product Design",236,1492,142,9.52,1350,152,9.52,142.0,1492.0,1350.0,152.0,12.24,335.0,41.0,294.0,29,170.0,30.63
KeyBERT_desc_semantic,KeyBERT,desc,semantic,KeyBERT on descriptions (semantic),National Polytechnic University of Armenia,Informatics (Computer Science),Master,"Software Engineering, Hardware / Embedded, IT Support / Admin / ERP, DevOps / Cloud, Data / ML / AI, Security, QA / Testing, Technical Management, UX / Product Design",125,1492,38,2.55,1454,105,2.55,38.0,1492.0,1454.0,105.0,1.49,335.0,5.0,330.0,13,108.0,1.14
KeyBERT_desc_semantic,KeyBERT,desc,semantic,KeyBERT on descriptions (semantic),National Polytechnic University of Armenia,Information Security,Bachelor,Security,140,1492,153,10.25,1339,57,31.63,31.0,98.0,67.0,110.0,31.63,98.0,31.0,67.0,11,99.0,39.58
KeyBERT_desc_semantic,KeyBERT,desc,semantic,KeyBERT on descriptions (semantic),National Polytechnic University of Armenia,Information Systems,Bachelor,"IT Support / Admin / ERP, Software Engineering",246,1492,220,14.75,1272,111,15.19,122.0,803.0,681.0,140.0,21.88,64.0,14.0,50.0,2,228.0,19.39
KeyBERT_desc_semantic,KeyBERT,desc,semantic,KeyBERT on descriptions (semantic),National Polytechnic University of Armenia,Information Systems,Master,"IT Support / Admin / ERP, Software Engineering",151,1492,115,7.71,1377,86,9.09,73.0,803.0,730.0,98.0,9.38,64.0,6.0,58.0,6,139.0,4.94
KeyBERT_desc_semantic,KeyBERT,desc,semantic,KeyBERT on descriptions (semantic),National Polytechnic University of Armenia,Information Technologies,Bachelor,"Software Engineering, Hardware / Embedded, IT Support / Admin / ERP, DevOps / Cloud, Data / ML / AI, Security, QA / Testing, Technical Management, UX / Product Design",187,1492,241,16.15,1251,82,16.15,241.0,1492.0,1251.0,82.0,22.99,335.0,77.0,258.0,7,118.0,32.06
KeyBERT_desc_semantic,KeyBERT,desc,semantic,KeyBERT on descriptions (semantic),National Polytechnic University of Armenia,Software Engineering,Bachelor,"Software Engineering, QA / Testing",298,1492,232,15.55,1260,149,21.51,148.0,688.0,540.0,174.0,45.76,59.0,27.0,32.0,21,250.0,60.57
KeyBERT_desc_semantic,KeyBERT,desc,semantic,KeyBERT on descriptions (semantic),National Polytechnic University of Armenia,Software Engineering,Master,"Software Engineering, QA / Testing",272,1492,238,15.95,1254,134,20.49,141.0,688.0,547.0,168.0,42.37,59.0,25.0,34.0,13,229.0,52.25
KeyBERT_desc_semantic,KeyBERT,desc,semantic,KeyBERT on descriptions (semantic),National University of Architecture and Construction of Armenia,Geographic Information Systems,Master,"Data / ML / AI, IT Support / Admin / ERP",140,1492,65,4.36,1427,100,6.43,36.0,560.0,524.0,114.0,9.23,65.0,6.0,59.0,1,134.0,13.57
KeyBERT_desc_semantic,KeyBERT,desc,semantic,KeyBERT on descriptions (semantic),National University of Architecture and Construction of Armenia,Informatics (Computer Science),Bachelor,"Software Engineering, Hardware / Embedded, IT Support / Admin / ERP, DevOps / Cloud, Data / ML / AI, Security, QA / Testing, Technical Management, UX / Product Design",439,1492,249,16.69,1243,276,16.69,249.0,1492.0,1243.0,276.0,22.09,335.0,74.0,261.0,27,340.0,32.38
KeyBERT_desc_semantic,KeyBERT,desc,semantic,KeyBERT on descriptions (semantic),National University of Architecture and Construction of Armenia,Informatics (Computer Science),Master,"Software Engineering, Hardware / Embedded, IT Support / Admin / ERP, DevOps / Cloud, Data / ML / AI, Security, QA / Testing, Technical Management, UX / Product Design",171,1492,170,11.39,1322,93,11.39,170.0,1492.0,1322.0,93.0,14.63,335.0,49.0,286.0,10,125.0,12.74
KeyBERT_desc_semantic,KeyBERT,desc,semantic,KeyBERT on descriptions (semantic),National University of Architecture and Construction of Armenia,Information Systems,Bachelor,"IT Support / Admin / ERP, Software Engineering",448,1492,244,16.35,1248,271,17.81,143.0,803.0,660.0,309.0,20.31,64.0,13.0,51.0,26,401.0,18.94
KeyBERT_desc_semantic,KeyBERT,desc,semantic,KeyBERT on descriptions (semantic),National University of Architecture and Construction of Armenia,Project Management (in Information Technologies),Master,"Technical Management, IT Support / Admin / ERP",180,1492,166,11.13,1326,88,18.14,78.0,430.0,352.0,111.0,23.53,68.0,16.0,52.0,1,158.0,23.84
KeyBERT_desc_semantic,KeyBERT,desc,semantic,KeyBERT on descriptions (semantic),Russian-Armenian University,Applied Mathematics and Informatics,Bachelor,"Software Engineering, Hardware / Embedded, IT Support / Admin / ERP, DevOps / Cloud, Data / ML / AI, Security, QA / Testing, Technical Management, UX / Product Design",390,1492,159,10.66,1333,275,10.66,159.0,1492.0,1333.0,275.0,12.54,335.0,42.0,293.0,62,296.0,22.97
KeyBERT_desc_semantic,KeyBERT,desc,semantic,KeyBERT on descriptions (semantic),Université Française en Arménie,Computer Science,Bachelor,"Software Engineering, Hardware / Embedded, IT Support / Admin / ERP, DevOps / Cloud, Data / ML / AI, Security, QA / Testing, Technical Management, UX / Product Design",471,1492,241,16.15,1251,271,16.15,241.0,1492.0,1251.0,271.0,20.9,335.0,70.0,265.0,51,331.0,37.43
KeyBERT_desc_semantic,KeyBERT,desc,semantic,KeyBERT on descriptions (semantic),Université Française en Arménie,MS in Computer Science - Artificial Intelligence: Foundations and Applications,Master,"Data / ML / AI, Software Engineering",195,1492,120,8.04,1372,108,10.23,85.0,831.0,746.0,118.0,19.3,57.0,11.0,46.0,13,160.0,18.92
KeyBERT_desc_semantic,KeyBERT,desc,semantic,KeyBERT on descriptions (semantic),Yerevan State University,Applied Statistics and Data Science,Bachelor,Data / ML / AI,578,1492,156,10.46,1336,433,19.41,66.0,340.0,274.0,487.0,28.12,32.0,9.0,23.0,24,523.0,39.45
KeyBERT_desc_semantic,KeyBERT,desc,semantic,KeyBERT on descriptions (semantic),Yerevan State University,Applied Statistics and Data Science,Master,Data / ML / AI,284,1492,133,8.91,1359,183,18.24,62.0,340.0,278.0,216.0,34.38,32.0,11.0,21.0,15,240.0,53.21
KeyBERT_desc_semantic,KeyBERT,desc,semantic,KeyBERT on descriptions (semantic),Yerevan State University,Blockchain and Digital Currencies,Master,unmapped,135,1492,83,5.56,1409,78,,,,,,,,,,0,,
KeyBERT_desc_semantic,KeyBERT,desc,semantic,KeyBERT on descriptions (semantic),Yerevan State University,Data Processing in Physics and Artificial Intelligence,Bachelor,Data / ML / AI,613,1492,153,10.25,1339,491,18.24,62.0,340.0,278.0,542.0,34.38,32.0,11.0,21.0,24,564.0,43.58
KeyBERT_desc_semantic,KeyBERT,desc,semantic,KeyBERT on descriptions (semantic),Yerevan State University,Data Science in Business,Master,Data / ML / AI,208,1492,156,10.46,1336,114,23.24,79.0,340.0,261.0,140.0,65.62,32.0,21.0,11.0,5,172.0,76.61
KeyBERT_desc_semantic,KeyBERT,desc,semantic,KeyBERT on descriptions (semantic),Yerevan State University,Discrete Mathematics and Theoretical Informatics,Master,"Data / ML / AI, Software Engineering",283,1492,102,6.84,1390,215,6.74,56.0,831.0,775.0,232.0,3.51,57.0,2.0,55.0,28,253.0,2.84
KeyBERT_desc_semantic,KeyBERT,desc,semantic,KeyBERT on descriptions (semantic),Yerevan State University,Informatics and Applied Mathematics,Bachelor,"Software Engineering, Hardware / Embedded, IT Support / Admin / ERP, DevOps / Cloud, Data / ML / AI, Security, QA / Testing, Technical Management, UX / Product Design",612,1492,162,10.86,1330,481,10.86,162.0,1492.0,1330.0,481.0,12.54,335.0,42.0,293.0,55,513.0,23.9
KeyBERT_desc_semantic,KeyBERT,desc,semantic,KeyBERT on descriptions (semantic),Yerevan State University,Informatics and Applied Mathematics (Part time),Bachelor,"Software Engineering, Hardware / Embedded, IT Support / Admin / ERP, DevOps / Cloud, Data / ML / AI, Security, QA / Testing, Technical Management, UX / Product Design",624,1492,155,10.39,1337,481,10.39,155.0,1492.0,1337.0,481.0,11.94,335.0,40.0,295.0,45,525.0,25.2
KeyBERT_desc_semantic,KeyBERT,desc,semantic,KeyBERT on descriptions (semantic),Yerevan State University,Information Security,Bachelor,Security,567,1492,160,10.72,1332,381,32.65,32.0,98.0,66.0,499.0,32.65,98.0,32.0,66.0,40,459.0,40.97
KeyBERT_desc_semantic,KeyBERT,desc,semantic,KeyBERT on descriptions (semantic),Yerevan State University,Information Systems Development,Master,"IT Support / Admin / ERP, Software Engineering",286,1492,210,14.08,1282,164,16.56,133.0,803.0,670.0,184.0,37.5,64.0,24.0,40.0,5,253.0,52.87
KeyBERT_desc_semantic,KeyBERT,desc,semantic,KeyBERT on descriptions (semantic),Yerevan State University,Information Systems Management,Master,"IT Support / Admin / ERP, Technical Management",289,1492,191,12.8,1301,169,17.44,75.0,430.0,355.0,223.0,20.59,68.0,14.0,54.0,5,270.0,22.85
KeyBERT_desc_semantic,KeyBERT,desc,semantic,KeyBERT on descriptions (semantic),Yerevan State University,"Mathematical and Software Development of Computing Machines, Complexes, Systems and Networks",Master,"Software Engineering, DevOps / Cloud",286,1492,197,13.2,1295,168,12.65,95.0,751.0,656.0,200.0,17.46,63.0,11.0,52.0,17,252.0,20.02
KeyBERT_desc_semantic,KeyBERT,desc,semantic,KeyBERT on descriptions (semantic),Yerevan State University,Numerical Analysis and Mathematical Modelling,Master,"Data / ML / AI, Software Engineering",273,1492,58,3.89,1434,221,5.05,42.0,831.0,789.0,231.0,8.77,57.0,5.0,52.0,22,244.0,12.75
KeyBERT_desc_semantic,KeyBERT,desc,semantic,KeyBERT on descriptions (semantic),Yerevan State University,Radiophysics and Computer Technology,Bachelor,Hardware / Embedded,732,1492,197,13.2,1295,582,17.61,25.0,142.0,117.0,695.0,20.0,55.0,11.0,44.0,19,697.0,18.02
LLM_names_semantic,LLM,names,semantic,LLM on names (semantic),American University of Armenia,Computer Science,Bachelor,"Software Engineering, Hardware / Embedded, IT Support / Admin / ERP, DevOps / Cloud, Data / ML / AI, Security, QA / Testing, Technical Management, UX / Product Design",268,1492,233,15.62,1259,149,15.62,233.0,1492.0,1259.0,149.0,22.39,335.0,75.0,260.0,51,159.0,36.7
LLM_names_semantic,LLM,names,semantic,LLM on names (semantic),American University of Armenia,Computer and Information Science,Master,"Software Engineering, Hardware / Embedded, IT Support / Admin / ERP, DevOps / Cloud, Data / ML / AI, Security, QA / Testing, Technical Management, UX / Product Design",290,1492,256,17.16,1236,134,17.16,256.0,1492.0,1236.0,134.0,22.09,335.0,74.0,261.0,42,181.0,38.61
LLM_names_semantic,LLM,names,semantic,LLM on names (semantic),American University of Armenia,Data Science,Bachelor,Data / ML / AI,169,1492,138,9.25,1354,87,26.18,89.0,340.0,251.0,99.0,56.25,32.0,18.0,14.0,14,127.0,72.94
LLM_names_semantic,LLM,names,semantic,LLM on names (semantic),American University of Armenia,Engineering Sciences,Bachelor,unmapped,183,1492,92,6.17,1400,140,,,,,,,,,,0,,
LLM_names_semantic,LLM,names,semantic,LLM on names (semantic),American University of Armenia,Environmental and Sustainability Sciences,Bachelor,unmapped,73,1492,30,2.01,1462,57,,,,,,,,,,0,,
LLM_names_semantic,LLM,names,semantic,LLM on names (semantic),American University of Armenia,General Education,General,unmapped,97,1492,80,5.36,1412,59,,,,,,,,,,0,,
LLM_names_semantic,LLM,names,semantic,LLM on names (semantic),American University of Armenia,Industrial Engineering and Systems Management,Master,"IT Support / Admin / ERP, Technical Management",155,1492,160,10.72,1332,75,14.65,63.0,430.0,367.0,96.0,8.82,68.0,6.0,62.0,11,133.0,11.26
LLM_names_semantic,LLM,names,semantic,LLM on names (semantic),Armenian State Pedagogical University,Informatics,Bachelor,"Software Engineering, IT Support / Admin / ERP",72,1492,128,8.58,1364,24,10.46,84.0,803.0,719.0,28.0,21.88,64.0,14.0,50.0,15,46.0,34.74
LLM_names_semantic,LLM,names,semantic,LLM on names (semantic),Armenian State Pedagogical University,Informatics,Master,"IT Support / Admin / ERP, Software Engineering",21,1492,59,3.95,1433,2,5.35,43.0,803.0,760.0,6.0,7.81,64.0,5.0,59.0,2,15.0,5.92
LLM_names_semantic,LLM,names,semantic,LLM on names (semantic),Armenian State University of Economics,Applied Statistics and Data Science,Master,Data / ML / AI,29,1492,49,3.28,1443,7,12.35,42.0,340.0,298.0,9.0,31.25,32.0,10.0,22.0,1,17.0,40.6
LLM_names_semantic,LLM,names,semantic,LLM on names (semantic),Armenian State University of Economics,Information Systems,Bachelor,"IT Support / Admin / ERP, Software Engineering",88,1492,251,16.82,1241,3,18.18,146.0,803.0,657.0,11.0,26.56,64.0,17.0,47.0,3,70.0,42.64
LLM_names_semantic,LLM,names,semantic,LLM on names (semantic),Armenian State University of Economics,Information Technology in Business,Master,"IT Support / Admin / ERP, Technical Management, Software Engineering",37,1492,101,6.77,1391,3,8.55,76.0,889.0,813.0,3.0,13.1,84.0,11.0,73.0,2,24.0,23.31
LLM_names_semantic,LLM,names,semantic,LLM on names (semantic),National Polytechnic University of Armenia,Computer Engineering,Bachelor,"Hardware / Embedded, Software Engineering",113,1492,111,7.44,1381,55,9.31,67.0,720.0,653.0,68.0,10.59,85.0,9.0,76.0,9,97.0,9.35
LLM_names_semantic,LLM,names,semantic,LLM on names (semantic),National Polytechnic University of Armenia,Computer Engineering,Master,"Hardware / Embedded, Software Engineering",103,1492,134,8.98,1358,44,8.06,58.0,720.0,662.0,59.0,5.88,85.0,5.0,80.0,7,90.0,7.14
LLM_names_semantic,LLM,names,semantic,LLM on names (semantic),National Polytechnic University of Armenia,Informatics (Computer Science),Bachelor,"Software Engineering, Hardware / Embedded, IT Support / Admin / ERP, DevOps / Cloud, Data / ML / AI, Security, QA / Testing, Technical Management, UX / Product Design",163,1492,115,7.71,1377,108,7.71,115.0,1492.0,1377.0,108.0,9.55,335.0,32.0,303.0,33,107.0,25.83
LLM_names_semantic,LLM,names,semantic,LLM on names (semantic),National Polytechnic University of Armenia,Informatics (Computer Science),Master,"Software Engineering, Hardware / Embedded, IT Support / Admin / ERP, DevOps / Cloud, Data / ML / AI, Security, QA / Testing, Technical Management, UX / Product Design",78,1492,20,1.34,1472,68,1.34,20.0,1492.0,1472.0,68.0,0.6,335.0,2.0,333.0,18,58.0,0.92
LLM_names_semantic,LLM,names,semantic,LLM on names (semantic),National Polytechnic University of Armenia,Information Security,Bachelor,Security,102,1492,146,9.79,1346,40,25.51,25.0,98.0,73.0,80.0,25.51,98.0,25.0,73.0,16,64.0,34.03
LLM_names_semantic,LLM,names,semantic,LLM on names (semantic),National Polytechnic University of Armenia,Information Systems,Bachelor,"IT Support / Admin / ERP, Software Engineering",150,1492,180,12.06,1312,52,13.08,105.0,803.0,698.0,71.0,17.19,64.0,11.0,53.0,12,125.0,19.48
LLM_names_semantic,LLM,names,semantic,LLM on names (semantic),National Polytechnic University of Armenia,Information Systems,Master,"IT Support / Admin / ERP, Software Engineering",91,1492,118,7.91,1374,41,8.47,68.0,803.0,735.0,48.0,12.5,64.0,8.0,56.0,12,74.0,18.58
LLM_names_semantic,LLM,names,semantic,LLM on names (semantic),National Polytechnic University of Armenia,Information Technologies,Bachelor,"Software Engineering, Hardware / Embedded, IT Support / Admin / ERP, DevOps / Cloud, Data / ML / AI, Security, QA / Testing, Technical Management, UX / Product Design",127,1492,224,15.01,1268,40,15.01,224.0,1492.0,1268.0,40.0,18.81,335.0,63.0,272.0,17,62.0,31.05
LLM_names_semantic,LLM,names,semantic,LLM on names (semantic),National Polytechnic University of Armenia,Software Engineering,Bachelor,"Software Engineering, QA / Testing",178,1492,193,12.94,1299,85,19.62,135.0,688.0,553.0,100.0,37.29,59.0,22.0,37.0,41,118.0,46.63
LLM_names_semantic,LLM,names,semantic,LLM on names (semantic),National Polytechnic University of Armenia,Software Engineering,Master,"Software Engineering, QA / Testing",180,1492,237,15.88,1255,62,20.2,139.0,688.0,549.0,86.0,44.07,59.0,26.0,33.0,27,127.0,54.27
LLM_names_semantic,LLM,names,semantic,LLM on names (semantic),National University of Architecture and Construction of Armenia,Geographic Information Systems,Master,"Data / ML / AI, IT Support / Admin / ERP",69,1492,35,2.35,1457,48,3.57,20.0,560.0,540.0,54.0,4.62,65.0,3.0,62.0,2,64.0,15.64
LLM_names_semantic,LLM,names,semantic,LLM on names (semantic),National University of Architecture and Construction of Armenia,Informatics (Computer Science),Bachelor,"Software Engineering, Hardware / Embedded, IT Support / Admin / ERP, DevOps / Cloud, Data / ML / AI, Security, QA / Testing, Technical Management, UX / Product Design",187,1492,158,10.59,1334,113,10.59,158.0,1492.0,1334.0,113.0,14.33,335.0,48.0,287.0,32,121.0,23.8
LLM_names_semantic,LLM,names,semantic,LLM on names (semantic),National University of Architecture and Construction of Armenia,Informatics (Computer Science),Master,"Software Engineering, Hardware / Embedded, IT Support / Admin / ERP, DevOps / Cloud, Data / ML / AI, Security, QA / Testing, Technical Management, UX / Product Design",102,1492,114,7.64,1378,44,7.64,114.0,1492.0,1378.0,44.0,10.45,335.0,35.0,300.0,13,65.0,16.24
LLM_names_semantic,LLM,names,semantic,LLM on names (semantic),National University of Architecture and Construction of Armenia,Information Systems,Bachelor,"IT Support / Admin / ERP, Software Engineering",153,1492,164,10.99,1328,73,11.71,94.0,803.0,709.0,88.0,15.62,64.0,10.0,54.0,27,119.0,14.63
LLM_names_semantic,LLM,names,semantic,LLM on names (semantic),National University of Architecture and Construction of Armenia,Project Management (in Information Technologies),Master,"Technical Management, IT Support / Admin / ERP",102,1492,149,9.99,1343,26,13.26,57.0,430.0,373.0,46.0,17.65,68.0,12.0,56.0,5,79.0,21.19
LLM_names_semantic,LLM,names,semantic,LLM on names (semantic),Russian-Armenian University,Applied Mathematics and Informatics,Bachelor,"Software Engineering, Hardware / Embedded, IT Support / Admin / ERP, DevOps / Cloud, Data / ML / AI, Security, QA / Testing, Technical Management, UX / Product Design",180,1492,88,5.9,1404,127,5.9,88.0,1492.0,1404.0,127.0,6.87,335.0,23.0,312.0,56,105.0,16.78
LLM_names_semantic,LLM,names,semantic,LLM on names (semantic),Université Française en Arménie,Computer Science,Bachelor,"Software Engineering, Hardware / Embedded, IT Support / Admin / ERP, DevOps / Cloud, Data / ML / AI, Security, QA / Testing, Technical Management, UX / Product Design",281,1492,234,15.68,1258,161,15.68,234.0,1492.0,1258.0,161.0,22.39,335.0,75.0,260.0,55,169.0,37.27
LLM_names_semantic,LLM,names,semantic,LLM on names (semantic),Université Française en Arménie,MS in Computer Science - Artificial Intelligence: Foundations and Applications,Master,"Data / ML / AI, Software Engineering",106,1492,78,5.23,1414,56,7.58,63.0,831.0,768.0,59.0,17.54,57.0,10.0,47.0,20,74.0,19.96
LLM_names_semantic,LLM,names,semantic,LLM on names (semantic),Yerevan State University,Applied Statistics and Data Science,Bachelor,Data / ML / AI,215,1492,91,6.1,1401,151,16.18,55.0,340.0,285.0,162.0,34.38,32.0,11.0,21.0,37,157.0,52.29
LLM_names_semantic,LLM,names,semantic,LLM on names (semantic),Yerevan State University,Applied Statistics and Data Science,Master,Data / ML / AI,147,1492,105,7.04,1387,86,19.41,66.0,340.0,274.0,94.0,53.12,32.0,17.0,15.0,14,105.0,69.04
LLM_names_semantic,LLM,names,semantic,LLM on names (semantic),Yerevan State University,Blockchain and Digital Currencies,Master,unmapped,69,1492,65,4.36,1427,35,,,,,,,,,,0,,
LLM_names_semantic,LLM,names,semantic,LLM on names (semantic),Yerevan State University,Data Processing in Physics and Artificial Intelligence,Bachelor,Data / ML / AI,237,1492,84,5.63,1408,182,12.06,41.0,340.0,299.0,200.0,25.0,32.0,8.0,24.0,34,191.0,35.55
LLM_names_semantic,LLM,names,semantic,LLM on names (semantic),Yerevan State University,Data Science in Business,Master,Data / ML / AI,102,1492,148,9.92,1344,31,22.94,78.0,340.0,262.0,42.0,68.75,32.0,22.0,10.0,11,61.0,78.21
LLM_names_semantic,LLM,names,semantic,LLM on names (semantic),Yerevan State University,Discrete Mathematics and Theoretical Informatics,Master,"Data / ML / AI, Software Engineering",133,1492,90,6.03,1402,82,6.02,50.0,831.0,781.0,96.0,10.53,57.0,6.0,51.0,29,97.0,13.79
LLM_names_semantic,LLM,names,semantic,LLM on names (semantic),Yerevan State University,Informatics and Applied Mathematics,Bachelor,"Software Engineering, Hardware / Embedded, IT Support / Admin / ERP, DevOps / Cloud, Data / ML / AI, Security, QA / Testing, Technical Management, UX / Product Design",195,1492,94,6.3,1398,132,6.3,94.0,1492.0,1398.0,132.0,8.06,335.0,27.0,308.0,53,119.0,19.7
LLM_names_semantic,LLM,names,semantic,LLM on names (semantic),Yerevan State University,Informatics and Applied Mathematics (Part time),Bachelor,"Software Engineering, Hardware / Embedded, IT Support / Admin / ERP, DevOps / Cloud, Data / ML / AI, Security, QA / Testing, Technical Management, UX / Product Design",200,1492,97,6.5,1395,140,6.5,97.0,1492.0,1395.0,140.0,8.36,335.0,28.0,307.0,56,122.0,24.34
LLM_names_semantic,LLM,names,semantic,LLM on names (semantic),Yerevan State University,Information Security,Bachelor,Security,221,1492,119,7.98,1373,148,18.37,18.0,98.0,80.0,205.0,18.37,98.0,18.0,80.0,55,150.0,25.0
LLM_names_semantic,LLM,names,semantic,LLM on names (semantic),Yerevan State University,Information Systems Development,Master,"IT Support / Admin / ERP, Software Engineering",135,1492,215,14.41,1277,40,15.69,126.0,803.0,677.0,62.0,28.12,64.0,18.0,46.0,10,105.0,50.54
LLM_names_semantic,LLM,names,semantic,LLM on names (semantic),Yerevan State University,Information Systems Management,Master,"IT Support / Admin / ERP, Technical Management",139,1492,195,13.07,1297,46,16.51,71.0,430.0,359.0,84.0,20.59,68.0,14.0,54.0,10,107.0,23.18
LLM_names_semantic,LLM,names,semantic,LLM on names (semantic),Yerevan State University,"Mathematical and Software Development of Computing Machines, Complexes, Systems and Networks",Master,"Software Engineering, DevOps / Cloud",141,1492,168,11.26,1324,63,9.85,74.0,751.0,677.0,88.0,19.05,63.0,12.0,51.0,27,102.0,21.03
LLM_names_semantic,LLM,names,semantic,LLM on names (semantic),Yerevan State University,Numerical Analysis and Mathematical Modelling,Master,"Data / ML / AI, Software Engineering",114,1492,46,3.08,1446,80,4.69,39.0,831.0,792.0,86.0,14.04,57.0,8.0,49.0,32,73.0,14.76
LLM_names_semantic,LLM,names,semantic,LLM on names (semantic),Yerevan State University,Radiophysics and Computer Technology,Bachelor,Hardware / Embedded,301,1492,116,7.77,1376,224,12.68,18.0,142.0,124.0,280.0,14.55,55.0,8.0,47.0,24,269.0,15.12
LLM_desc_semantic,LLM,desc,semantic,LLM on descriptions (semantic),American University of Armenia,Computer Science,Bachelor,"Software Engineering, Hardware / Embedded, IT Support / Admin / ERP, DevOps / Cloud, Data / ML / AI, Security, QA / Testing, Technical Management, UX / Product Design",347,1492,218,14.61,1274,221,14.61,218.0,1492.0,1274.0,221.0,21.49,335.0,72.0,263.0,67,215.0,25.1
LLM_desc_semantic,LLM,desc,semantic,LLM on descriptions (semantic),American University of Armenia,Computer and Information Science,Master,"Software Engineering, Hardware / Embedded, IT Support / Admin / ERP, DevOps / Cloud, Data / ML / AI, Security, QA / Testing, Technical Management, UX / Product Design",363,1492,264,17.69,1228,168,17.69,264.0,1492.0,1228.0,168.0,20.0,335.0,67.0,268.0,49,234.0,25.17
LLM_desc_semantic,LLM,desc,semantic,LLM on descriptions (semantic),American University of Armenia,Data Science,Bachelor,Data / ML / AI,218,1492,124,8.31,1368,125,23.53,80.0,340.0,260.0,146.0,59.38,32.0,19.0,13.0,16,165.0,73.39
LLM_desc_semantic,LLM,desc,semantic,LLM on descriptions (semantic),American University of Armenia,Engineering Sciences,Bachelor,unmapped,206,1492,73,4.89,1419,164,,,,,,,,,,0,,
LLM_desc_semantic,LLM,desc,semantic,LLM on descriptions (semantic),American University of Armenia,Environmental and Sustainability Sciences,Bachelor,unmapped,97,1492,31,2.08,1461,77,,,,,,,,,,0,,
LLM_desc_semantic,LLM,desc,semantic,LLM on descriptions (semantic),American University of Armenia,General Education,General,unmapped,83,1492,58,3.89,1434,51,,,,,,,,,,0,,
LLM_desc_semantic,LLM,desc,semantic,LLM on descriptions (semantic),American University of Armenia,Industrial Engineering and Systems Management,Master,"IT Support / Admin / ERP, Technical Management",167,1492,101,6.77,1391,102,9.3,40.0,430.0,390.0,117.0,8.82,68.0,6.0,62.0,12,143.0,7.62
LLM_desc_semantic,LLM,desc,semantic,LLM on descriptions (semantic),Armenian State Pedagogical University,Informatics,Bachelor,"Software Engineering, IT Support / Admin / ERP",74,1492,131,8.78,1361,24,10.83,87.0,803.0,716.0,28.0,23.44,64.0,15.0,49.0,15,47.0,38.06
LLM_desc_semantic,LLM,desc,semantic,LLM on descriptions (semantic),Armenian State Pedagogical University,Informatics,Master,"IT Support / Admin / ERP, Software Engineering",25,1492,67,4.49,1425,2,5.98,48.0,803.0,755.0,6.0,9.38,64.0,6.0,58.0,2,18.0,9.25
LLM_desc_semantic,LLM,desc,semantic,LLM on descriptions (semantic),Armenian State University of Economics,Applied Statistics and Data Science,Master,Data / ML / AI,29,1492,49,3.28,1443,7,12.35,42.0,340.0,298.0,9.0,31.25,32.0,10.0,22.0,1,17.0,40.6
LLM_desc_semantic,LLM,desc,semantic,LLM on descriptions (semantic),Armenian State University of Economics,Information Systems,Bachelor,"IT Support / Admin / ERP, Software Engineering",90,1492,258,17.29,1234,3,18.93,152.0,803.0,651.0,11.0,28.12,64.0,18.0,46.0,3,71.0,45.96
LLM_desc_semantic,LLM,desc,semantic,LLM on descriptions (semantic),Armenian State University of Economics,Information Technology in Business,Master,"IT Support / Admin / ERP, Technical Management, Software Engineering",39,1492,109,7.31,1383,3,9.34,83.0,889.0,806.0,3.0,15.48,84.0,13.0,71.0,2,24.0,27.35
LLM_desc_semantic,LLM,desc,semantic,LLM on descriptions (semantic),National Polytechnic University of Armenia,Computer Engineering,Bachelor,"Hardware / Embedded, Software Engineering",173,1492,149,9.99,1343,72,11.81,85.0,720.0,635.0,90.0,17.65,85.0,15.0,70.0,11,148.0,17.11
LLM_desc_semantic,LLM,desc,semantic,LLM on descriptions (semantic),National Polytechnic University of Armenia,Computer Engineering,Master,"Hardware / Embedded, Software Engineering",166,1492,187,12.53,1305,64,11.94,86.0,720.0,634.0,90.0,7.06,85.0,6.0,79.0,5,153.0,10.76
LLM_desc_semantic,LLM,desc,semantic,LLM on descriptions (semantic),National Polytechnic University of Armenia,Informatics (Computer Science),Bachelor,"Software Engineering, Hardware / Embedded, IT Support / Admin / ERP, DevOps / Cloud, Data / ML / AI, Security, QA / Testing, Technical Management, UX / Product Design",250,1492,155,10.39,1337,157,10.39,155.0,1492.0,1337.0,157.0,12.24,335.0,41.0,294.0,50,161.0,31.74
LLM_desc_semantic,LLM,desc,semantic,LLM on descriptions (semantic),National Polytechnic University of Armenia,Informatics (Computer Science),Master,"Software Engineering, Hardware / Embedded, IT Support / Admin / ERP, DevOps / Cloud, Data / ML / AI, Security, QA / Testing, Technical Management, UX / Product Design",121,1492,44,2.95,1448,92,2.95,44.0,1492.0,1448.0,92.0,2.09,335.0,7.0,328.0,26,89.0,6.83
LLM_desc_semantic,LLM,desc,semantic,LLM on descriptions (semantic),National Polytechnic University of Armenia,Information Security,Bachelor,Security,146,1492,175,11.73,1317,57,28.57,28.0,98.0,70.0,118.0,28.57,98.0,28.0,70.0,20,98.0,36.11
LLM_desc_semantic,LLM,desc,semantic,LLM on descriptions (semantic),National Polytechnic University of Armenia,Information Systems,Bachelor,"IT Support / Admin / ERP, Software Engineering",206,1492,230,15.42,1262,65,15.57,125.0,803.0,678.0,97.0,17.19,64.0,11.0,53.0,9,183.0,22.44
LLM_desc_semantic,LLM,desc,semantic,LLM on descriptions (semantic),National Polytechnic University of Armenia,Information Systems,Master,"IT Support / Admin / ERP, Software Engineering",136,1492,139,9.32,1353,58,10.09,81.0,803.0,722.0,69.0,10.94,64.0,7.0,57.0,15,114.0,19.03
LLM_desc_semantic,LLM,desc,semantic,LLM on descriptions (semantic),National Polytechnic University of Armenia,Information Technologies,Bachelor,"Software Engineering, Hardware / Embedded, IT Support / Admin / ERP, DevOps / Cloud, Data / ML / AI, Security, QA / Testing, Technical Management, UX / Product Design",189,1492,263,17.63,1229,59,17.63,263.0,1492.0,1229.0,59.0,24.48,335.0,82.0,253.0,15,103.0,38.93
LLM_desc_semantic,LLM,desc,semantic,LLM on descriptions (semantic),National Polytechnic University of Armenia,Software Engineering,Bachelor,"Software Engineering, QA / Testing",274,1492,269,18.03,1223,103,26.16,180.0,688.0,508.0,141.0,54.24,59.0,32.0,27.0,40,197.0,64.62
LLM_desc_semantic,LLM,desc,semantic,LLM on descriptions (semantic),National Polytechnic University of Armenia,Software Engineering,Master,"Software Engineering, QA / Testing",286,1492,296,19.84,1196,107,24.85,171.0,688.0,517.0,155.0,62.71,59.0,37.0,22.0,27,220.0,74.21
LLM_desc_semantic,LLM,desc,semantic,LLM on descriptions (semantic),National University of Architecture and Construction of Armenia,Geographic Information Systems,Master,"Data / ML / AI, IT Support / Admin / ERP",127,1492,83,5.56,1409,81,7.68,43.0,560.0,517.0,94.0,15.38,65.0,10.0,55.0,2,115.0,30.24
LLM_desc_semantic,LLM,desc,semantic,LLM on descriptions (semantic),National University of Architecture and Construction of Armenia,Informatics (Computer Science),Bachelor,"Software Engineering, Hardware / Embedded, IT Support / Admin / ERP, DevOps / Cloud, Data / ML / AI, Security, QA / Testing, Technical Management, UX / Product Design",335,1492,272,18.23,1220,165,18.23,272.0,1492.0,1220.0,165.0,23.88,335.0,80.0,255.0,42,210.0,34.73
LLM_desc_semantic,LLM,desc,semantic,LLM on descriptions (semantic),National University of Architecture and Construction of Armenia,Informatics (Computer Science),Master,"Software Engineering, Hardware / Embedded, IT Support / Admin / ERP, DevOps / Cloud, Data / ML / AI, Security, QA / Testing, Technical Management, UX / Product Design",181,1492,237,15.88,1255,68,15.88,237.0,1492.0,1255.0,68.0,23.88,335.0,80.0,255.0,18,98.0,33.59
LLM_desc_semantic,LLM,desc,semantic,LLM on descriptions (semantic),National University of Architecture and Construction of Armenia,Information Systems,Bachelor,"IT Support / Admin / ERP, Software Engineering",281,1492,254,17.02,1238,126,18.43,148.0,803.0,655.0,159.0,18.75,64.0,12.0,52.0,38,231.0,16.61
LLM_desc_semantic,LLM,desc,semantic,LLM on descriptions (semantic),National University of Architecture and Construction of Armenia,Project Management (in Information Technologies),Master,"Technical Management, IT Support / Admin / ERP",163,1492,193,12.94,1299,52,16.05,69.0,430.0,361.0,86.0,17.65,68.0,12.0,56.0,2,138.0,18.87
LLM_desc_semantic,LLM,desc,semantic,LLM on descriptions (semantic),Russian-Armenian University,Applied Mathematics and Informatics,Bachelor,"Software Engineering, Hardware / Embedded, IT Support / Admin / ERP, DevOps / Cloud, Data / ML / AI, Security, QA / Testing, Technical Management, UX / Product Design",291,1492,164,10.99,1328,191,10.99,164.0,1492.0,1328.0,191.0,10.75,335.0,36.0,299.0,78,172.0,26.02
LLM_desc_semantic,LLM,desc,semantic,LLM on descriptions (semantic),Université Française en Arménie,Computer Science,Bachelor,"Software Engineering, Hardware / Embedded, IT Support / Admin / ERP, DevOps / Cloud, Data / ML / AI, Security, QA / Testing, Technical Management, UX / Product Design",430,1492,289,19.37,1203,232,19.37,289.0,1492.0,1203.0,232.0,27.76,335.0,93.0,242.0,65,279.0,43.06
LLM_desc_semantic,LLM,desc,semantic,LLM on descriptions (semantic),Université Française en Arménie,MS in Computer Science - Artificial Intelligence: Foundations and Applications,Master,"Data / ML / AI, Software Engineering",183,1492,143,9.58,1349,86,12.64,105.0,831.0,726.0,93.0,28.07,57.0,16.0,41.0,15,141.0,27.65
LLM_desc_semantic,LLM,desc,semantic,LLM on descriptions (semantic),Yerevan State University,Applied Statistics and Data Science,Bachelor,Data / ML / AI,340,1492,117,7.84,1375,255,17.06,58.0,340.0,282.0,278.0,37.5,32.0,12.0,20.0,52,259.0,58.72
LLM_desc_semantic,LLM,desc,semantic,LLM on descriptions (semantic),Yerevan State University,Applied Statistics and Data Science,Master,Data / ML / AI,238,1492,129,8.65,1363,138,19.71,67.0,340.0,273.0,161.0,40.62,32.0,13.0,19.0,31,171.0,56.42
LLM_desc_semantic,LLM,desc,semantic,LLM on descriptions (semantic),Yerevan State University,Blockchain and Digital Currencies,Master,unmapped,51,1492,72,4.83,1420,17,,,,,,,,,,0,,
LLM_desc_semantic,LLM,desc,semantic,LLM on descriptions (semantic),Yerevan State University,Data Processing in Physics and Artificial Intelligence,Bachelor,Data / ML / AI,360,1492,88,5.9,1404,290,11.47,39.0,340.0,301.0,322.0,28.12,32.0,9.0,23.0,43,301.0,38.53
LLM_desc_semantic,LLM,desc,semantic,LLM on descriptions (semantic),Yerevan State University,Data Science in Business,Master,Data / ML / AI,193,1492,151,10.12,1341,87,25.29,86.0,340.0,254.0,106.0,62.5,32.0,20.0,12.0,15,141.0,75.46
LLM_desc_semantic,LLM,desc,semantic,LLM on descriptions (semantic),Yerevan State University,Discrete Mathematics and Theoretical Informatics,Master,"Data / ML / AI, Software Engineering",176,1492,109,7.31,1383,117,9.27,77.0,831.0,754.0,125.0,19.3,57.0,11.0,46.0,51,113.0,14.21
LLM_desc_semantic,LLM,desc,semantic,LLM on descriptions (semantic),Yerevan State University,Informatics and Applied Mathematics,Bachelor,"Software Engineering, Hardware / Embedded, IT Support / Admin / ERP, DevOps / Cloud, Data / ML / AI, Security, QA / Testing, Technical Management, UX / Product Design",336,1492,111,7.44,1381,259,7.44,111.0,1492.0,1381.0,259.0,9.25,335.0,31.0,304.0,88,214.0,19.64
LLM_desc_semantic,LLM,desc,semantic,LLM on descriptions (semantic),Yerevan State University,Informatics and Applied Mathematics (Part time),Bachelor,"Software Engineering, Hardware / Embedded, IT Support / Admin / ERP, DevOps / Cloud, Data / ML / AI, Security, QA / Testing, Technical Management, UX / Product Design",347,1492,115,7.71,1377,266,7.71,115.0,1492.0,1377.0,266.0,10.15,335.0,34.0,301.0,89,221.0,21.77
LLM_desc_semantic,LLM,desc,semantic,LLM on descriptions (semantic),Yerevan State University,Information Security,Bachelor,Security,340,1492,132,8.85,1360,247,19.39,19.0,98.0,79.0,321.0,19.39,98.0,19.0,79.0,80,241.0,26.39
LLM_desc_semantic,LLM,desc,semantic,LLM on descriptions (semantic),Yerevan State University,Information Systems Development,Master,"IT Support / Admin / ERP, Software Engineering",196,1492,183,12.27,1309,80,14.2,114.0,803.0,689.0,105.0,25.0,64.0,16.0,48.0,18,162.0,45.42
LLM_desc_semantic,LLM,desc,semantic,LLM on descriptions (semantic),Yerevan State University,Information Systems Management,Master,"IT Support / Admin / ERP, Technical Management",216,1492,209,14.01,1283,89,19.3,83.0,430.0,347.0,147.0,27.94,68.0,19.0,49.0,17,172.0,31.13
LLM_desc_semantic,LLM,desc,semantic,LLM on descriptions (semantic),Yerevan State University,"Mathematical and Software Development of Computing Machines, Complexes, Systems and Networks",Master,"Software Engineering, DevOps / Cloud",197,1492,200,13.4,1292,90,14.11,106.0,751.0,645.0,118.0,28.57,63.0,18.0,45.0,21,159.0,30.96
LLM_desc_semantic,LLM,desc,semantic,LLM on descriptions (semantic),Yerevan State University,Numerical Analysis and Mathematical Modelling,Master,"Data / ML / AI, Software Engineering",191,1492,97,6.5,1395,141,8.54,71.0,831.0,760.0,149.0,19.3,57.0,11.0,46.0,34,143.0,14.21
LLM_desc_semantic,LLM,desc,semantic,LLM on descriptions (semantic),Yerevan State University,Radiophysics and Computer Technology,Bachelor,Hardware / Embedded,489,1492,116,7.77,1376,388,16.2,23.0,142.0,119.0,456.0,16.36,55.0,9.0,46.0,34,445.0,18.02
