university,program,degree,gap_skill,job_frequency,relevant_roles
American University of Armenia,Computer Science,Bachelor,F5,1,"Software Engineering, Hardware / Embedded, IT Support / Admin / ERP, DevOps / Cloud, Data / ML / AI, Security, QA / Testing, Technical Management, UX / Product Design"
American University of Armenia,Computer Science,Bachelor,Terraform,25,"Software Engineering, Hardware / Embedded, IT Support / Admin / ERP, DevOps / Cloud, Data / ML / AI, Security, QA / Testing, Technical Management, UX / Product Design"
American University of Armenia,Computer Science,Bachelor,Appium,3,"Software Engineering, Hardware / Embedded, IT Support / Admin / ERP, DevOps / Cloud, Data / ML / AI, Security, QA / Testing, Technical Management, UX / Product Design"
American University of Armenia,Computer Science,Bachelor,Software Composition Analysis,1,"Software Engineering, Hardware / Embedded, IT Support / Admin / ERP, DevOps / Cloud, Data / ML / AI, Security, QA / Testing, Technical Management, UX / Product Design"
American University of Armenia,Computer Science,Bachelor,Security Controls,1,"Software Engineering, Hardware / Embedded, IT Support / Admin / ERP, DevOps / Cloud, Data / ML / AI, Security, QA / Testing, Technical Management, UX / Product Design"
American University of Armenia,Computer Science,Bachelor,Prometheus,7,"Software Engineering, Hardware / Embedded, IT Support / Admin / ERP, DevOps / Cloud, Data / ML / AI, Security, QA / Testing, Technical Management, UX / Product Design"
American University of Armenia,Computer Science,Bachelor,Adobe After Effects,1,"Software Engineering, Hardware / Embedded, IT Support / Admin / ERP, DevOps / Cloud, Data / ML / AI, Security, QA / Testing, Technical Management, UX / Product Design"
American University of Armenia,Computer Science,Bachelor,SQL,103,"Software Engineering, Hardware / Embedded, IT Support / Admin / ERP, DevOps / Cloud, Data / ML / AI, Security, QA / Testing, Technical Management, UX / Product Design"
American University of Armenia,Computer Science,Bachelor,Calibre LVS,2,"Software Engineering, Hardware / Embedded, IT Support / Admin / ERP, DevOps / Cloud, Data / ML / AI, Security, QA / Testing, Technical Management, UX / Product Design"
American University of Armenia,Computer Science,Bachelor,UI/UX QA,1,"Software Engineering, Hardware / Embedded, IT Support / Admin / ERP, DevOps / Cloud, Data / ML / AI, Security, QA / Testing, Technical Management, UX / Product Design"
American University of Armenia,Computer Science,Bachelor,Palo Alto Networks,1,"Software Engineering, Hardware / Embedded, IT Support / Admin / ERP, DevOps / Cloud, Data / ML / AI, Security, QA / Testing, Technical Management, UX / Product Design"
American University of Armenia,Computer Science,Bachelor,Screenshot Design,1,"Software Engineering, Hardware / Embedded, IT Support / Admin / ERP, DevOps / Cloud, Data / ML / AI, Security, QA / Testing, Technical Management, UX / Product Design"
American University of Armenia,Computer Science,Bachelor,SAP Logistics,6,"Software Engineering, Hardware / Embedded, IT Support / Admin / ERP, DevOps / Cloud, Data / ML / AI, Security, QA / Testing, Technical Management, UX / Product Design"
American University of Armenia,Computer Science,Bachelor,REST APIs,120,"Software Engineering, Hardware / Embedded, IT Support / Admin / ERP, DevOps / Cloud, Data / ML / AI, Security, QA / Testing, Technical Management, UX / Product Design"
American University of Armenia,Computer Science,Bachelor,Model Context Protocol,4,"Software Engineering, Hardware / Embedded, IT Support / Admin / ERP, DevOps / Cloud, Data / ML / AI, Security, QA / Testing, Technical Management, UX / Product Design"
American University of Armenia,Computer Science,Bachelor,Data Protection,1,"Software Engineering, Hardware / Embedded, IT Support / Admin / ERP, DevOps / Cloud, Data / ML / AI, Security, QA / Testing, Technical Management, UX / Product Design"
American University of Armenia,Computer Science,Bachelor,Windows Autopilot,1,"Software Engineering, Hardware / Embedded, IT Support / Admin / ERP, DevOps / Cloud, Data / ML / AI, Security, QA / Testing, Technical Management, UX / Product Design"
American University of Armenia,Computer Science,Bachelor,GitLab,10,"Software Engineering, Hardware / Embedded, IT Support / Admin / ERP, DevOps / Cloud, Data / ML / AI, Security, QA / Testing, Technical Management, UX / Product Design"
American University of Armenia,Computer Science,Bachelor,API Integration,8,"Software Engineering, Hardware / Embedded, IT Support / Admin / ERP, DevOps / Cloud, Data / ML / AI, Security, QA / Testing, Technical Management, UX / Product Design"
American University of Armenia,Computer Science,Bachelor,Microsoft SQL Server,27,"Software Engineering, Hardware / Embedded, IT Support / Admin / ERP, DevOps / Cloud, Data / ML / AI, Security, QA / Testing, Technical Management, UX / Product Design"
American University of Armenia,Computer Science,Bachelor,Google Workspace,7,"Software Engineering, Hardware / Embedded, IT Support / Admin / ERP, DevOps / Cloud, Data / ML / AI, Security, QA / Testing, Technical Management, UX / Product Design"
American University of Armenia,Computer Science,Bachelor,Microsoft Office,6,"Software Engineering, Hardware / Embedded, IT Support / Admin / ERP, DevOps / Cloud, Data / ML / AI, Security, QA / Testing, Technical Management, UX / Product Design"
American University of Armenia,Computer Science,Bachelor,Structured Cabling,7,"Software Engineering, Hardware / Embedded, IT Support / Admin / ERP, DevOps / Cloud, Data / ML / AI, Security, QA / Testing, Technical Management, UX / Product Design"
American University of Armenia,Computer Science,Bachelor,User Interviews,1,"Software Engineering, Hardware / Embedded, IT Support / Admin / ERP, DevOps / Cloud, Data / ML / AI, Security, QA / Testing, Technical Management, UX / Product Design"
American University of Armenia,Computer Science,Bachelor,Verdi,3,"Software Engineering, Hardware / Embedded, IT Support / Admin / ERP, DevOps / Cloud, Data / ML / AI, Security, QA / Testing, Technical Management, UX / Product Design"
American University of Armenia,Computer Science,Bachelor,AI-Powered Workflows,2,"Software Engineering, Hardware / Embedded, IT Support / Admin / ERP, DevOps / Cloud, Data / ML / AI, Security, QA / Testing, Technical Management, UX / Product Design"
American University of Armenia,Computer Science,Bachelor,Apache Kafka,22,"Software Engineering, Hardware / Embedded, IT Support / Admin / ERP, DevOps / Cloud, Data / ML / AI, Security, QA / Testing, Technical Management, UX / Product Design"
American University of Armenia,Computer Science,Bachelor,Wireframing,9,"Software Engineering, Hardware / Embedded, IT Support / Admin / ERP, DevOps / Cloud, Data / ML / AI, Security, QA / Testing, Technical Management, UX / Product Design"
American University of Armenia,Computer Science,Bachelor,Node.js,52,"Software Engineering, Hardware / Embedded, IT Support / Admin / ERP, DevOps / Cloud, Data / ML / AI, Security, QA / Testing, Technical Management, UX / Product Design"
American University of Armenia,Computer Science,Bachelor,Production Video Switchers,2,"Software Engineering, Hardware / Embedded, IT Support / Admin / ERP, DevOps / Cloud, Data / ML / AI, Security, QA / Testing, Technical Management, UX / Product Design"
American University of Armenia,Computer Science,Bachelor,Technical Support,3,"Software Engineering, Hardware / Embedded, IT Support / Admin / ERP, DevOps / Cloud, Data / ML / AI, Security, QA / Testing, Technical Management, UX / Product Design"
American University of Armenia,Computer Science,Bachelor,SAP HANA Calculation Views,3,"Software Engineering, Hardware / Embedded, IT Support / Admin / ERP, DevOps / Cloud, Data / ML / AI, Security, QA / Testing, Technical Management, UX / Product Design"
American University of Armenia,Computer Science,Bachelor,Server Hardware,5,"Software Engineering, Hardware / Embedded, IT Support / Admin / ERP, DevOps / Cloud, Data / ML / AI, Security, QA / Testing, Technical Management, UX / Product Design"
American University of Armenia,Computer Science,Bachelor,Okta Lifecycle Management,2,"Software Engineering, Hardware / Embedded, IT Support / Admin / ERP, DevOps / Cloud, Data / ML / AI, Security, QA / Testing, Technical Management, UX / Product Design"
American University of Armenia,Computer Science,Bachelor,Audio-Visual Systems,2,"Software Engineering, Hardware / Embedded, IT Support / Admin / ERP, DevOps / Cloud, Data / ML / AI, Security, QA / Testing, Technical Management, UX / Product Design"
American University of Armenia,Computer Science,Bachelor,Fiber Optic Networking,5,"Software Engineering, Hardware / Embedded, IT Support / Admin / ERP, DevOps / Cloud, Data / ML / AI, Security, QA / Testing, Technical Management, UX / Product Design"
American University of Armenia,Computer Science,Bachelor,Intrusion Detection Systems,1,"Software Engineering, Hardware / Embedded, IT Support / Admin / ERP, DevOps / Cloud, Data / ML / AI, Security, QA / Testing, Technical Management, UX / Product Design"
American University of Armenia,Computer Science,Bachelor,SAP Financial Accounting,3,"Software Engineering, Hardware / Embedded, IT Support / Admin / ERP, DevOps / Cloud, Data / ML / AI, Security, QA / Testing, Technical Management, UX / Product Design"
American University of Armenia,Computer Science,Bachelor,RTL-to-GDSII,6,"Software Engineering, Hardware / Embedded, IT Support / Admin / ERP, DevOps / Cloud, Data / ML / AI, Security, QA / Testing, Technical Management, UX / Product Design"
American University of Armenia,Computer Science,Bachelor,Databricks,8,"Software Engineering, Hardware / Embedded, IT Support / Admin / ERP, DevOps / Cloud, Data / ML / AI, Security, QA / Testing, Technical Management, UX / Product Design"
American University of Armenia,Computer Science,Bachelor,Adobe Firefly,1,"Software Engineering, Hardware / Embedded, IT Support / Admin / ERP, DevOps / Cloud, Data / ML / AI, Security, QA / Testing, Technical Management, UX / Product Design"
American University of Armenia,Computer Science,Bachelor,Cat5e/6/6a Cabling,4,"Software Engineering, Hardware / Embedded, IT Support / Admin / ERP, DevOps / Cloud, Data / ML / AI, Security, QA / Testing, Technical Management, UX / Product Design"
American University of Armenia,Computer Science,Bachelor,Help Desk Software,3,"Software Engineering, Hardware / Embedded, IT Support / Admin / ERP, DevOps / Cloud, Data / ML / AI, Security, QA / Testing, Technical Management, UX / Product Design"
American University of Armenia,Computer Science,Bachelor,Next.js,14,"Software Engineering, Hardware / Embedded, IT Support / Admin / ERP, DevOps / Cloud, Data / ML / AI, Security, QA / Testing, Technical Management, UX / Product Design"
American University of Armenia,Computer Science,Bachelor,Webflow,2,"Software Engineering, Hardware / Embedded, IT Support / Admin / ERP, DevOps / Cloud, Data / ML / AI, Security, QA / Testing, Technical Management, UX / Product Design"
American University of Armenia,Computer Science,Bachelor,CMOS Process,2,"Software Engineering, Hardware / Embedded, IT Support / Admin / ERP, DevOps / Cloud, Data / ML / AI, Security, QA / Testing, Technical Management, UX / Product Design"
American University of Armenia,Computer Science,Bachelor,SAP Materials Management,4,"Software Engineering, Hardware / Embedded, IT Support / Admin / ERP, DevOps / Cloud, Data / ML / AI, Security, QA / Testing, Technical Management, UX / Product Design"
American University of Armenia,Computer Science,Bachelor,Memory BIST (MBIST),2,"Software Engineering, Hardware / Embedded, IT Support / Admin / ERP, DevOps / Cloud, Data / ML / AI, Security, QA / Testing, Technical Management, UX / Product Design"
American University of Armenia,Computer Science,Bachelor,Intrusion Detection System/Intrusion Prevention System,1,"Software Engineering, Hardware / Embedded, IT Support / Admin / ERP, DevOps / Cloud, Data / ML / AI, Security, QA / Testing, Technical Management, UX / Product Design"
American University of Armenia,Computer Science,Bachelor,Generative AI,15,"Software Engineering, Hardware / Embedded, IT Support / Admin / ERP, DevOps / Cloud, Data / ML / AI, Security, QA / Testing, Technical Management, UX / Product Design"
American University of Armenia,Computer Science,Bachelor,Component Libraries,2,"Software Engineering, Hardware / Embedded, IT Support / Admin / ERP, DevOps / Cloud, Data / ML / AI, Security, QA / Testing, Technical Management, UX / Product Design"
American University of Armenia,Computer Science,Bachelor,Security Information and Event Management (SIEM),3,"Software Engineering, Hardware / Embedded, IT Support / Admin / ERP, DevOps / Cloud, Data / ML / AI, Security, QA / Testing, Technical Management, UX / Product Design"
American University of Armenia,Computer Science,Bachelor,Serial Digital Interface (SDI),2,"Software Engineering, Hardware / Embedded, IT Support / Admin / ERP, DevOps / Cloud, Data / ML / AI, Security, QA / Testing, Technical Management, UX / Product Design"
American University of Armenia,Computer Science,Bachelor,SAP Retail,3,"Software Engineering, Hardware / Embedded, IT Support / Admin / ERP, DevOps / Cloud, Data / ML / AI, Security, QA / Testing, Technical Management, UX / Product Design"
American University of Armenia,Computer Science,Bachelor,Microsoft Intune,1,"Software Engineering, Hardware / Embedded, IT Support / Admin / ERP, DevOps / Cloud, Data / ML / AI, Security, QA / Testing, Technical Management, UX / Product Design"
American University of Armenia,Computer Science,Bachelor,Network Troubleshooting,8,"Software Engineering, Hardware / Embedded, IT Support / Admin / ERP, DevOps / Cloud, Data / ML / AI, Security, QA / Testing, Technical Management, UX / Product Design"
American University of Armenia,Computer Science,Bachelor,IT Infrastructure,3,"Software Engineering, Hardware / Embedded, IT Support / Admin / ERP, DevOps / Cloud, Data / ML / AI, Security, QA / Testing, Technical Management, UX / Product Design"
American University of Armenia,Computer Science,Bachelor,Solution Architecture,4,"Software Engineering, Hardware / Embedded, IT Support / Admin / ERP, DevOps / Cloud, Data / ML / AI, Security, QA / Testing, Technical Management, UX / Product Design"
American University of Armenia,Computer Science,Bachelor,Microservices,47,"Software Engineering, Hardware / Embedded, IT Support / Admin / ERP, DevOps / Cloud, Data / ML / AI, Security, QA / Testing, Technical Management, UX / Product Design"
American University of Armenia,Computer Science,Bachelor,Kubernetes,41,"Software Engineering, Hardware / Embedded, IT Support / Admin / ERP, DevOps / Cloud, Data / ML / AI, Security, QA / Testing, Technical Management, UX / Product Design"
American University of Armenia,Computer Science,Bachelor,CodeQL,1,"Software Engineering, Hardware / Embedded, IT Support / Admin / ERP, DevOps / Cloud, Data / ML / AI, Security, QA / Testing, Technical Management, UX / Product Design"
American University of Armenia,Computer Science,Bachelor,Playwright,15,"Software Engineering, Hardware / Embedded, IT Support / Admin / ERP, DevOps / Cloud, Data / ML / AI, Security, QA / Testing, Technical Management, UX / Product Design"
American University of Armenia,Computer Science,Bachelor,Metasploit,1,"Software Engineering, Hardware / Embedded, IT Support / Admin / ERP, DevOps / Cloud, Data / ML / AI, Security, QA / Testing, Technical Management, UX / Product Design"
American University of Armenia,Computer Science,Bachelor,Circuit Breakers,1,"Software Engineering, Hardware / Embedded, IT Support / Admin / ERP, DevOps / Cloud, Data / ML / AI, Security, QA / Testing, Technical Management, UX / Product Design"
American University of Armenia,Computer Science,Bachelor,VLSI Design,5,"Software Engineering, Hardware / Embedded, IT Support / Admin / ERP, DevOps / Cloud, Data / ML / AI, Security, QA / Testing, Technical Management, UX / Product Design"
American University of Armenia,Computer Science,Bachelor,Endpoint Detection and Response/Extended Detection and Response,1,"Software Engineering, Hardware / Embedded, IT Support / Admin / ERP, DevOps / Cloud, Data / ML / AI, Security, QA / Testing, Technical Management, UX / Product Design"
American University of Armenia,Computer Science,Bachelor,A/B Testing,20,"Software Engineering, Hardware / Embedded, IT Support / Admin / ERP, DevOps / Cloud, Data / ML / AI, Security, QA / Testing, Technical Management, UX / Product Design"
American University of Armenia,Computer Science,Bachelor,Adobe XD,2,"Software Engineering, Hardware / Embedded, IT Support / Admin / ERP, DevOps / Cloud, Data / ML / AI, Security, QA / Testing, Technical Management, UX / Product Design"
American University of Armenia,Computer Science,Bachelor,Adobe Creative Suite,1,"Software Engineering, Hardware / Embedded, IT Support / Admin / ERP, DevOps / Cloud, Data / ML / AI, Security, QA / Testing, Technical Management, UX / Product Design"
American University of Armenia,Computer Science,Bachelor,CI/CD,61,"Software Engineering, Hardware / Embedded, IT Support / Admin / ERP, DevOps / Cloud, Data / ML / AI, Security, QA / Testing, Technical Management, UX / Product Design"
American University of Armenia,Computer Science,Bachelor,Equipment Maintenance,2,"Software Engineering, Hardware / Embedded, IT Support / Admin / ERP, DevOps / Cloud, Data / ML / AI, Security, QA / Testing, Technical Management, UX / Product Design"
American University of Armenia,Computer Science,Bachelor,Patch Panel Configuration,4,"Software Engineering, Hardware / Embedded, IT Support / Admin / ERP, DevOps / Cloud, Data / ML / AI, Security, QA / Testing, Technical Management, UX / Product Design"
American University of Armenia,Computer Science,Bachelor,Prompt Engineering,7,"Software Engineering, Hardware / Embedded, IT Support / Admin / ERP, DevOps / Cloud, Data / ML / AI, Security, QA / Testing, Technical Management, UX / Product Design"
American University of Armenia,Computer Science,Bachelor,Power BI,12,"Software Engineering, Hardware / Embedded, IT Support / Admin / ERP, DevOps / Cloud, Data / ML / AI, Security, QA / Testing, Technical Management, UX / Product Design"
American University of Armenia,Computer Science,Bachelor,DALL·E,1,"Software Engineering, Hardware / Embedded, IT Support / Admin / ERP, DevOps / Cloud, Data / ML / AI, Security, QA / Testing, Technical Management, UX / Product Design"
American University of Armenia,Computer Science,Bachelor,.NET,29,"Software Engineering, Hardware / Embedded, IT Support / Admin / ERP, DevOps / Cloud, Data / ML / AI, Security, QA / Testing, Technical Management, UX / Product Design"
American University of Armenia,Computer Science,Bachelor,Project Management Professional (PMP),3,"Software Engineering, Hardware / Embedded, IT Support / Admin / ERP, DevOps / Cloud, Data / ML / AI, Security, QA / Testing, Technical Management, UX / Product Design"
American University of Armenia,Computer Science,Bachelor,Secure Sdlc Practices,1,"Software Engineering, Hardware / Embedded, IT Support / Admin / ERP, DevOps / Cloud, Data / ML / AI, Security, QA / Testing, Technical Management, UX / Product Design"
American University of Armenia,Computer Science,Bachelor,GitHub Advanced Security,1,"Software Engineering, Hardware / Embedded, IT Support / Admin / ERP, DevOps / Cloud, Data / ML / AI, Security, QA / Testing, Technical Management, UX / Product Design"
American University of Armenia,Computer Science,Bachelor,UVM,2,"Software Engineering, Hardware / Embedded, IT Support / Admin / ERP, DevOps / Cloud, Data / ML / AI, Security, QA / Testing, Technical Management, UX / Product Design"
American University of Armenia,Computer Science,Bachelor,Windows 10/11,1,"Software Engineering, Hardware / Embedded, IT Support / Admin / ERP, DevOps / Cloud, Data / ML / AI, Security, QA / Testing, Technical Management, UX / Product Design"
American University of Armenia,Computer Science,Bachelor,App Store,1,"Software Engineering, Hardware / Embedded, IT Support / Admin / ERP, DevOps / Cloud, Data / ML / AI, Security, QA / Testing, Technical Management, UX / Product Design"
American University of Armenia,Computer Science,Bachelor,Synthesis,4,"Software Engineering, Hardware / Embedded, IT Support / Admin / ERP, DevOps / Cloud, Data / ML / AI, Security, QA / Testing, Technical Management, UX / Product Design"
American University of Armenia,Computer Science,Bachelor,API Access Management,1,"Software Engineering, Hardware / Embedded, IT Support / Admin / ERP, DevOps / Cloud, Data / ML / AI, Security, QA / Testing, Technical Management, UX / Product Design"
American University of Armenia,Computer Science,Bachelor,Design Rule Check (DRC),3,"Software Engineering, Hardware / Embedded, IT Support / Admin / ERP, DevOps / Cloud, Data / ML / AI, Security, QA / Testing, Technical Management, UX / Product Design"
American University of Armenia,Computer Science,Bachelor,SAP FICO,6,"Software Engineering, Hardware / Embedded, IT Support / Admin / ERP, DevOps / Cloud, Data / ML / AI, Security, QA / Testing, Technical Management, UX / Product Design"
American University of Armenia,Computer Science,Bachelor,IT Auditing,1,"Software Engineering, Hardware / Embedded, IT Support / Admin / ERP, DevOps / Cloud, Data / ML / AI, Security, QA / Testing, Technical Management, UX / Product Design"
American University of Armenia,Computer Science,Bachelor,Group Policy,1,"Software Engineering, Hardware / Embedded, IT Support / Admin / ERP, DevOps / Cloud, Data / ML / AI, Security, QA / Testing, Technical Management, UX / Product Design"
American University of Armenia,Computer Science,Bachelor,Analytics,6,"Software Engineering, Hardware / Embedded, IT Support / Admin / ERP, DevOps / Cloud, Data / ML / AI, Security, QA / Testing, Technical Management, UX / Product Design"
American University of Armenia,Computer Science,Bachelor,Project Based Learning,4,"Software Engineering, Hardware / Embedded, IT Support / Admin / ERP, DevOps / Cloud, Data / ML / AI, Security, QA / Testing, Technical Management, UX / Product Design"
American University of Armenia,Computer Science,Bachelor,Design for Testability (DFT),9,"Software Engineering, Hardware / Embedded, IT Support / Admin / ERP, DevOps / Cloud, Data / ML / AI, Security, QA / Testing, Technical Management, UX / Product Design"
American University of Armenia,Computer Science,Bachelor,Okta,5,"Software Engineering, Hardware / Embedded, IT Support / Admin / ERP, DevOps / Cloud, Data / ML / AI, Security, QA / Testing, Technical Management, UX / Product Design"
American University of Armenia,Computer Science,Bachelor,pytest,5,"Software Engineering, Hardware / Embedded, IT Support / Admin / ERP, DevOps / Cloud, Data / ML / AI, Security, QA / Testing, Technical Management, UX / Product Design"
American University of Armenia,Computer Science,Bachelor,Requirements Analysis,5,"Software Engineering, Hardware / Embedded, IT Support / Admin / ERP, DevOps / Cloud, Data / ML / AI, Security, QA / Testing, Technical Management, UX / Product Design"
American University of Armenia,Computer Science,Bachelor,Microsoft Project,3,"Software Engineering, Hardware / Embedded, IT Support / Admin / ERP, DevOps / Cloud, Data / ML / AI, Security, QA / Testing, Technical Management, UX / Product Design"
American University of Armenia,Computer Science,Bachelor,App Preview Video,1,"Software Engineering, Hardware / Embedded, IT Support / Admin / ERP, DevOps / Cloud, Data / ML / AI, Security, QA / Testing, Technical Management, UX / Product Design"
American University of Armenia,Computer Science,Bachelor,Data Pipelines,16,"Software Engineering, Hardware / Embedded, IT Support / Admin / ERP, DevOps / Cloud, Data / ML / AI, Security, QA / Testing, Technical Management, UX / Product Design"
American University of Armenia,Computer Science,Bachelor,Video Surveillance Systems,2,"Software Engineering, Hardware / Embedded, IT Support / Admin / ERP, DevOps / Cloud, Data / ML / AI, Security, QA / Testing, Technical Management, UX / Product Design"
American University of Armenia,Computer Science,Bachelor,Apache Spark,9,"Software Engineering, Hardware / Embedded, IT Support / Admin / ERP, DevOps / Cloud, Data / ML / AI, Security, QA / Testing, Technical Management, UX / Product Design"
American University of Armenia,Computer Science,Bachelor,Multi-Factor Authentication,2,"Software Engineering, Hardware / Embedded, IT Support / Admin / ERP, DevOps / Cloud, Data / ML / AI, Security, QA / Testing, Technical Management, UX / Product Design"
American University of Armenia,Computer Science,Bachelor,Chroma Keying,2,"Software Engineering, Hardware / Embedded, IT Support / Admin / ERP, DevOps / Cloud, Data / ML / AI, Security, QA / Testing, Technical Management, UX / Product Design"
American University of Armenia,Computer Science,Bachelor,Figma,17,"Software Engineering, Hardware / Embedded, IT Support / Admin / ERP, DevOps / Cloud, Data / ML / AI, Security, QA / Testing, Technical Management, UX / Product Design"
American University of Armenia,Computer Science,Bachelor,Incident Management,4,"Software Engineering, Hardware / Embedded, IT Support / Admin / ERP, DevOps / Cloud, Data / ML / AI, Security, QA / Testing, Technical Management, UX / Product Design"
American University of Armenia,Computer Science,Bachelor,Safety Procedures,2,"Software Engineering, Hardware / Embedded, IT Support / Admin / ERP, DevOps / Cloud, Data / ML / AI, Security, QA / Testing, Technical Management, UX / Product Design"
American University of Armenia,Computer Science,Bachelor,Security Auditing,2,"Software Engineering, Hardware / Embedded, IT Support / Admin / ERP, DevOps / Cloud, Data / ML / AI, Security, QA / Testing, Technical Management, UX / Product Design"
American University of Armenia,Computer Science,Bachelor,Okta Universal Directory,2,"Software Engineering, Hardware / Embedded, IT Support / Admin / ERP, DevOps / Cloud, Data / ML / AI, Security, QA / Testing, Technical Management, UX / Product Design"
American University of Armenia,Computer Science,Bachelor,DevSecOps,2,"Software Engineering, Hardware / Embedded, IT Support / Admin / ERP, DevOps / Cloud, Data / ML / AI, Security, QA / Testing, Technical Management, UX / Product Design"
American University of Armenia,Computer Science,Bachelor,Dashboard Development,9,"Software Engineering, Hardware / Embedded, IT Support / Admin / ERP, DevOps / Cloud, Data / ML / AI, Security, QA / Testing, Technical Management, UX / Product Design"
American University of Armenia,Computer Science,Bachelor,App Store Optimization,1,"Software Engineering, Hardware / Embedded, IT Support / Admin / ERP, DevOps / Cloud, Data / ML / AI, Security, QA / Testing, Technical Management, UX / Product Design"
American University of Armenia,Computer Science,Bachelor,AI-Driven Design Software,2,"Software Engineering, Hardware / Embedded, IT Support / Admin / ERP, DevOps / Cloud, Data / ML / AI, Security, QA / Testing, Technical Management, UX / Product Design"
American University of Armenia,Computer Science,Bachelor,Test Case Design,4,"Software Engineering, Hardware / Embedded, IT Support / Admin / ERP, DevOps / Cloud, Data / ML / AI, Security, QA / Testing, Technical Management, UX / Product Design"
American University of Armenia,Computer Science,Bachelor,PyTorch,8,"Software Engineering, Hardware / Embedded, IT Support / Admin / ERP, DevOps / Cloud, Data / ML / AI, Security, QA / Testing, Technical Management, UX / Product Design"
American University of Armenia,Computer Science,Bachelor,MySQL,25,"Software Engineering, Hardware / Embedded, IT Support / Admin / ERP, DevOps / Cloud, Data / ML / AI, Security, QA / Testing, Technical Management, UX / Product Design"
American University of Armenia,Computer Science,Bachelor,ASP.NET Core,18,"Software Engineering, Hardware / Embedded, IT Support / Admin / ERP, DevOps / Cloud, Data / ML / AI, Security, QA / Testing, Technical Management, UX / Product Design"
American University of Armenia,Computer Science,Bachelor,Circuit Board Layout,2,"Software Engineering, Hardware / Embedded, IT Support / Admin / ERP, DevOps / Cloud, Data / ML / AI, Security, QA / Testing, Technical Management, UX / Product Design"
American University of Armenia,Computer Science,Bachelor,Risk Management,2,"Software Engineering, Hardware / Embedded, IT Support / Admin / ERP, DevOps / Cloud, Data / ML / AI, Security, QA / Testing, Technical Management, UX / Product Design"
American University of Armenia,Computer Science,Bachelor,Static Application Security Testing (SAST),1,"Software Engineering, Hardware / Embedded, IT Support / Admin / ERP, DevOps / Cloud, Data / ML / AI, Security, QA / Testing, Technical Management, UX / Product Design"
American University of Armenia,Computer Science,Bachelor,PowerShell,6,"Software Engineering, Hardware / Embedded, IT Support / Admin / ERP, DevOps / Cloud, Data / ML / AI, Security, QA / Testing, Technical Management, UX / Product Design"
American University of Armenia,Computer Science,Bachelor,Windows Server,4,"Software Engineering, Hardware / Embedded, IT Support / Admin / ERP, DevOps / Cloud, Data / ML / AI, Security, QA / Testing, Technical Management, UX / Product Design"
American University of Armenia,Computer Science,Bachelor,Docker,51,"Software Engineering, Hardware / Embedded, IT Support / Admin / ERP, DevOps / Cloud, Data / ML / AI, Security, QA / Testing, Technical Management, UX / Product Design"
American University of Armenia,Computer Science,Bachelor,UX Research,1,"Software Engineering, Hardware / Embedded, IT Support / Admin / ERP, DevOps / Cloud, Data / ML / AI, Security, QA / Testing, Technical Management, UX / Product Design"
American University of Armenia,Computer Science,Bachelor,ABAP,8,"Software Engineering, Hardware / Embedded, IT Support / Admin / ERP, DevOps / Cloud, Data / ML / AI, Security, QA / Testing, Technical Management, UX / Product Design"
American University of Armenia,Computer Science,Bachelor,App Icon Design,1,"Software Engineering, Hardware / Embedded, IT Support / Admin / ERP, DevOps / Cloud, Data / ML / AI, Security, QA / Testing, Technical Management, UX / Product Design"
American University of Armenia,Computer Science,Bachelor,Active Directory,7,"Software Engineering, Hardware / Embedded, IT Support / Admin / ERP, DevOps / Cloud, Data / ML / AI, Security, QA / Testing, Technical Management, UX / Product Design"
American University of Armenia,Computer Science,Bachelor,Clock Tree Synthesis,5,"Software Engineering, Hardware / Embedded, IT Support / Admin / ERP, DevOps / Cloud, Data / ML / AI, Security, QA / Testing, Technical Management, UX / Product Design"
American University of Armenia,Computer Science,Bachelor,Real-Time Data Processing,1,"Software Engineering, Hardware / Embedded, IT Support / Admin / ERP, DevOps / Cloud, Data / ML / AI, Security, QA / Testing, Technical Management, UX / Product Design"
American University of Armenia,Computer Science,Bachelor,VMware,7,"Software Engineering, Hardware / Embedded, IT Support / Admin / ERP, DevOps / Cloud, Data / ML / AI, Security, QA / Testing, Technical Management, UX / Product Design"
American University of Armenia,Computer Science,Bachelor,SAP S/4HANA,15,"Software Engineering, Hardware / Embedded, IT Support / Admin / ERP, DevOps / Cloud, Data / ML / AI, Security, QA / Testing, Technical Management, UX / Product Design"
American University of Armenia,Computer Science,Bachelor,Adobe Creative Cloud,1,"Software Engineering, Hardware / Embedded, IT Support / Admin / ERP, DevOps / Cloud, Data / ML / AI, Security, QA / Testing, Technical Management, UX / Product Design"
American University of Armenia,Computer Science,Bachelor,Electrical Systems,2,"Software Engineering, Hardware / Embedded, IT Support / Admin / ERP, DevOps / Cloud, Data / ML / AI, Security, QA / Testing, Technical Management, UX / Product Design"
American University of Armenia,Computer Science,Bachelor,Curriculum Development,3,"Software Engineering, Hardware / Embedded, IT Support / Admin / ERP, DevOps / Cloud, Data / ML / AI, Security, QA / Testing, Technical Management, UX / Product Design"
American University of Armenia,Computer Science,Bachelor,Microsoft Azure,27,"Software Engineering, Hardware / Embedded, IT Support / Admin / ERP, DevOps / Cloud, Data / ML / AI, Security, QA / Testing, Technical Management, UX / Product Design"
American University of Armenia,Computer Science,Bachelor,Bash,9,"Software Engineering, Hardware / Embedded, IT Support / Admin / ERP, DevOps / Cloud, Data / ML / AI, Security, QA / Testing, Technical Management, UX / Product Design"
American University of Armenia,Computer Science,Bachelor,Azure DevOps,9,"Software Engineering, Hardware / Embedded, IT Support / Admin / ERP, DevOps / Cloud, Data / ML / AI, Security, QA / Testing, Technical Management, UX / Product Design"
American University of Armenia,Computer Science,Bachelor,Layout Versus Schematic (LVS),3,"Software Engineering, Hardware / Embedded, IT Support / Admin / ERP, DevOps / Cloud, Data / ML / AI, Security, QA / Testing, Technical Management, UX / Product Design"
American University of Armenia,Computer Science,Bachelor,SystemVerilog,5,"Software Engineering, Hardware / Embedded, IT Support / Admin / ERP, DevOps / Cloud, Data / ML / AI, Security, QA / Testing, Technical Management, UX / Product Design"
American University of Armenia,Computer Science,Bachelor,Single Sign-On,3,"Software Engineering, Hardware / Embedded, IT Support / Admin / ERP, DevOps / Cloud, Data / ML / AI, Security, QA / Testing, Technical Management, UX / Product Design"
American University of Armenia,Computer Science,Bachelor,Tableau,8,"Software Engineering, Hardware / Embedded, IT Support / Admin / ERP, DevOps / Cloud, Data / ML / AI, Security, QA / Testing, Technical Management, UX / Product Design"
American University of Armenia,Computer Science,Bachelor,SDC,5,"Software Engineering, Hardware / Embedded, IT Support / Admin / ERP, DevOps / Cloud, Data / ML / AI, Security, QA / Testing, Technical Management, UX / Product Design"
American University of Armenia,Computer Science,Bachelor,Fortinet,1,"Software Engineering, Hardware / Embedded, IT Support / Admin / ERP, DevOps / Cloud, Data / ML / AI, Security, QA / Testing, Technical Management, UX / Product Design"
American University of Armenia,Computer Science,Bachelor,Qualitative Analysis,1,"Software Engineering, Hardware / Embedded, IT Support / Admin / ERP, DevOps / Cloud, Data / ML / AI, Security, QA / Testing, Technical Management, UX / Product Design"
American University of Armenia,Computer Science,Bachelor,ELK Stack,1,"Software Engineering, Hardware / Embedded, IT Support / Admin / ERP, DevOps / Cloud, Data / ML / AI, Security, QA / Testing, Technical Management, UX / Product Design"
American University of Armenia,Computer Science,Bachelor,CCTV Systems,2,"Software Engineering, Hardware / Embedded, IT Support / Admin / ERP, DevOps / Cloud, Data / ML / AI, Security, QA / Testing, Technical Management, UX / Product Design"
American University of Armenia,Computer Science,Bachelor,Virtual Private Network,4,"Software Engineering, Hardware / Embedded, IT Support / Admin / ERP, DevOps / Cloud, Data / ML / AI, Security, QA / Testing, Technical Management, UX / Product Design"
American University of Armenia,Computer Science,Bachelor,Incident Response,4,"Software Engineering, Hardware / Embedded, IT Support / Admin / ERP, DevOps / Cloud, Data / ML / AI, Security, QA / Testing, Technical Management, UX / Product Design"
American University of Armenia,Computer Science,Bachelor,Single Page Application,2,"Software Engineering, Hardware / Embedded, IT Support / Admin / ERP, DevOps / Cloud, Data / ML / AI, Security, QA / Testing, Technical Management, UX / Product Design"
American University of Armenia,Computer Science,Bachelor,Large Language Models,37,"Software Engineering, Hardware / Embedded, IT Support / Admin / ERP, DevOps / Cloud, Data / ML / AI, Security, QA / Testing, Technical Management, UX / Product Design"
American University of Armenia,Computer Science,Bachelor,Jenkins,15,"Software Engineering, Hardware / Embedded, IT Support / Admin / ERP, DevOps / Cloud, Data / ML / AI, Security, QA / Testing, Technical Management, UX / Product Design"
American University of Armenia,Computer Science,Bachelor,Adobe Photoshop,3,"Software Engineering, Hardware / Embedded, IT Support / Admin / ERP, DevOps / Cloud, Data / ML / AI, Security, QA / Testing, Technical Management, UX / Product Design"
American University of Armenia,Computer Science,Bachelor,Calibre DRC,2,"Software Engineering, Hardware / Embedded, IT Support / Admin / ERP, DevOps / Cloud, Data / ML / AI, Security, QA / Testing, Technical Management, UX / Product Design"
American University of Armenia,Computer Science,Bachelor,Grafana,10,"Software Engineering, Hardware / Embedded, IT Support / Admin / ERP, DevOps / Cloud, Data / ML / AI, Security, QA / Testing, Technical Management, UX / Product Design"
American University of Armenia,Computer Science,Bachelor,Identity and Access Management,6,"Software Engineering, Hardware / Embedded, IT Support / Admin / ERP, DevOps / Cloud, Data / ML / AI, Security, QA / Testing, Technical Management, UX / Product Design"
American University of Armenia,Computer Science,Bachelor,ISO 27001,1,"Software Engineering, Hardware / Embedded, IT Support / Admin / ERP, DevOps / Cloud, Data / ML / AI, Security, QA / Testing, Technical Management, UX / Product Design"
American University of Armenia,Computer Science,Bachelor,Python,173,"Software Engineering, Hardware / Embedded, IT Support / Admin / ERP, DevOps / Cloud, Data / ML / AI, Security, QA / Testing, Technical Management, UX / Product Design"
American University of Armenia,Computer Science,Bachelor,TCP/IP,9,"Software Engineering, Hardware / Embedded, IT Support / Admin / ERP, DevOps / Cloud, Data / ML / AI, Security, QA / Testing, Technical Management, UX / Product Design"
American University of Armenia,Computer Science,Bachelor,Splunk,1,"Software Engineering, Hardware / Embedded, IT Support / Admin / ERP, DevOps / Cloud, Data / ML / AI, Security, QA / Testing, Technical Management, UX / Product Design"
American University of Armenia,Computer Science,Bachelor,Adobe Illustrator,2,"Software Engineering, Hardware / Embedded, IT Support / Admin / ERP, DevOps / Cloud, Data / ML / AI, Security, QA / Testing, Technical Management, UX / Product Design"
American University of Armenia,Computer Science,Bachelor,Power Performance Area (PPA) Optimization,2,"Software Engineering, Hardware / Embedded, IT Support / Admin / ERP, DevOps / Cloud, Data / ML / AI, Security, QA / Testing, Technical Management, UX / Product Design"
American University of Armenia,Computer Science,Bachelor,Burp Suite,1,"Software Engineering, Hardware / Embedded, IT Support / Admin / ERP, DevOps / Cloud, Data / ML / AI, Security, QA / Testing, Technical Management, UX / Product Design"
American University of Armenia,Computer Science,Bachelor,Equipment Installation,2,"Software Engineering, Hardware / Embedded, IT Support / Admin / ERP, DevOps / Cloud, Data / ML / AI, Security, QA / Testing, Technical Management, UX / Product Design"
American University of Armenia,Computer Science,Bachelor,LDAP,5,"Software Engineering, Hardware / Embedded, IT Support / Admin / ERP, DevOps / Cloud, Data / ML / AI, Security, QA / Testing, Technical Management, UX / Product Design"
American University of Armenia,Computer Science,Bachelor,HDMI,2,"Software Engineering, Hardware / Embedded, IT Support / Admin / ERP, DevOps / Cloud, Data / ML / AI, Security, QA / Testing, Technical Management, UX / Product Design"
American University of Armenia,Computer Science,Bachelor,Threat Intelligence,1,"Software Engineering, Hardware / Embedded, IT Support / Admin / ERP, DevOps / Cloud, Data / ML / AI, Security, QA / Testing, Technical Management, UX / Product Design"
American University of Armenia,Computer Science,Bachelor,Floorplanning,4,"Software Engineering, Hardware / Embedded, IT Support / Admin / ERP, DevOps / Cloud, Data / ML / AI, Security, QA / Testing, Technical Management, UX / Product Design"
American University of Armenia,Computer Science,Bachelor,Datadog,5,"Software Engineering, Hardware / Embedded, IT Support / Admin / ERP, DevOps / Cloud, Data / ML / AI, Security, QA / Testing, Technical Management, UX / Product Design"
American University of Armenia,Computer Science,Bachelor,Cisco,2,"Software Engineering, Hardware / Embedded, IT Support / Admin / ERP, DevOps / Cloud, Data / ML / AI, Security, QA / Testing, Technical Management, UX / Product Design"
American University of Armenia,Computer Science,Bachelor,Account Management,2,"Software Engineering, Hardware / Embedded, IT Support / Admin / ERP, DevOps / Cloud, Data / ML / AI, Security, QA / Testing, Technical Management, UX / Product Design"
American University of Armenia,Computer Science,Bachelor,Master Data Management,3,"Software Engineering, Hardware / Embedded, IT Support / Admin / ERP, DevOps / Cloud, Data / ML / AI, Security, QA / Testing, Technical Management, UX / Product Design"
American University of Armenia,Computer Science,Bachelor,3D Animation,1,"Software Engineering, Hardware / Embedded, IT Support / Admin / ERP, DevOps / Cloud, Data / ML / AI, Security, QA / Testing, Technical Management, UX / Product Design"
American University of Armenia,Computer Science,Bachelor,Angular,20,"Software Engineering, Hardware / Embedded, IT Support / Admin / ERP, DevOps / Cloud, Data / ML / AI, Security, QA / Testing, Technical Management, UX / Product Design"
American University of Armenia,Computer Science,Bachelor,ABAP Core Data Services,3,"Software Engineering, Hardware / Embedded, IT Support / Admin / ERP, DevOps / Cloud, Data / ML / AI, Security, QA / Testing, Technical Management, UX / Product Design"
American University of Armenia,Computer Science,Bachelor,Test Planning,6,"Software Engineering, Hardware / Embedded, IT Support / Admin / ERP, DevOps / Cloud, Data / ML / AI, Security, QA / Testing, Technical Management, UX / Product Design"
American University of Armenia,Computer Science,Bachelor,Cybersecurity,2,"Software Engineering, Hardware / Embedded, IT Support / Admin / ERP, DevOps / Cloud, Data / ML / AI, Security, QA / Testing, Technical Management, UX / Product Design"
American University of Armenia,Computer Science,Bachelor,Bug Bounty Programs,1,"Software Engineering, Hardware / Embedded, IT Support / Admin / ERP, DevOps / Cloud, Data / ML / AI, Security, QA / Testing, Technical Management, UX / Product Design"
American University of Armenia,Computer Science,Bachelor,Compliance,4,"Software Engineering, Hardware / Embedded, IT Support / Admin / ERP, DevOps / Cloud, Data / ML / AI, Security, QA / Testing, Technical Management, UX / Product Design"
American University of Armenia,Computer Science,Bachelor,IT Governance,1,"Software Engineering, Hardware / Embedded, IT Support / Admin / ERP, DevOps / Cloud, Data / ML / AI, Security, QA / Testing, Technical Management, UX / Product Design"
American University of Armenia,Computer Science,Bachelor,Broadcast Equipment,2,"Software Engineering, Hardware / Embedded, IT Support / Admin / ERP, DevOps / Cloud, Data / ML / AI, Security, QA / Testing, Technical Management, UX / Product Design"
American University of Armenia,Computer Science,Bachelor,Hardware Troubleshooting,6,"Software Engineering, Hardware / Embedded, IT Support / Admin / ERP, DevOps / Cloud, Data / ML / AI, Security, QA / Testing, Technical Management, UX / Product Design"
American University of Armenia,Computer Science,Bachelor,Quantitative Research Methods,1,"Software Engineering, Hardware / Embedded, IT Support / Admin / ERP, DevOps / Cloud, Data / ML / AI, Security, QA / Testing, Technical Management, UX / Product Design"
American University of Armenia,Computer Science,Bachelor,Low-Latency Systems,2,"Software Engineering, Hardware / Embedded, IT Support / Admin / ERP, DevOps / Cloud, Data / ML / AI, Security, QA / Testing, Technical Management, UX / Product Design"
American University of Armenia,Computer Science,Bachelor,"GRC (Governance, Risk & Compliance)",1,"Software Engineering, Hardware / Embedded, IT Support / Admin / ERP, DevOps / Cloud, Data / ML / AI, Security, QA / Testing, Technical Management, UX / Product Design"
American University of Armenia,Computer Science,Bachelor,Verilog,2,"Software Engineering, Hardware / Embedded, IT Support / Admin / ERP, DevOps / Cloud, Data / ML / AI, Security, QA / Testing, Technical Management, UX / Product Design"
American University of Armenia,Computer Science,Bachelor,Retrieval-Augmented Generation,12,"Software Engineering, Hardware / Embedded, IT Support / Admin / ERP, DevOps / Cloud, Data / ML / AI, Security, QA / Testing, Technical Management, UX / Product Design"
American University of Armenia,Computer Science,Bachelor,SAP Configuration,8,"Software Engineering, Hardware / Embedded, IT Support / Admin / ERP, DevOps / Cloud, Data / ML / AI, Security, QA / Testing, Technical Management, UX / Product Design"
American University of Armenia,Computer Science,Bachelor,Information Architecture,2,"Software Engineering, Hardware / Embedded, IT Support / Admin / ERP, DevOps / Cloud, Data / ML / AI, Security, QA / Testing, Technical Management, UX / Product Design"
American University of Armenia,Computer Science,Bachelor,RTL Design,6,"Software Engineering, Hardware / Embedded, IT Support / Admin / ERP, DevOps / Cloud, Data / ML / AI, Security, QA / Testing, Technical Management, UX / Product Design"
American University of Armenia,Computer Science,Bachelor,Ansible,5,"Software Engineering, Hardware / Embedded, IT Support / Admin / ERP, DevOps / Cloud, Data / ML / AI, Security, QA / Testing, Technical Management, UX / Product Design"
American University of Armenia,Computer Science,Bachelor,Tcl,15,"Software Engineering, Hardware / Embedded, IT Support / Admin / ERP, DevOps / Cloud, Data / ML / AI, Security, QA / Testing, Technical Management, UX / Product Design"
American University of Armenia,Computer Science,Bachelor,Selenium,11,"Software Engineering, Hardware / Embedded, IT Support / Admin / ERP, DevOps / Cloud, Data / ML / AI, Security, QA / Testing, Technical Management, UX / Product Design"
American University of Armenia,Computer Science,Bachelor,E-Commerce,1,"Software Engineering, Hardware / Embedded, IT Support / Admin / ERP, DevOps / Cloud, Data / ML / AI, Security, QA / Testing, Technical Management, UX / Product Design"
American University of Armenia,Computer Science,Bachelor,ASIC Design,13,"Software Engineering, Hardware / Embedded, IT Support / Admin / ERP, DevOps / Cloud, Data / ML / AI, Security, QA / Testing, Technical Management, UX / Product Design"
American University of Armenia,Computer Science,Bachelor,NGFW Firewalls,1,"Software Engineering, Hardware / Embedded, IT Support / Admin / ERP, DevOps / Cloud, Data / ML / AI, Security, QA / Testing, Technical Management, UX / Product Design"
American University of Armenia,Computer Science,Bachelor,Microsoft System Center Configuration Manager,1,"Software Engineering, Hardware / Embedded, IT Support / Admin / ERP, DevOps / Cloud, Data / ML / AI, Security, QA / Testing, Technical Management, UX / Product Design"
American University of Armenia,Computer Science,Bachelor,Privilege Escalation,1,"Software Engineering, Hardware / Embedded, IT Support / Admin / ERP, DevOps / Cloud, Data / ML / AI, Security, QA / Testing, Technical Management, UX / Product Design"
American University of Armenia,Computer Science,Bachelor,User Research,8,"Software Engineering, Hardware / Embedded, IT Support / Admin / ERP, DevOps / Cloud, Data / ML / AI, Security, QA / Testing, Technical Management, UX / Product Design"
American University of Armenia,Computer Science,Bachelor,Competitor Analysis,1,"Software Engineering, Hardware / Embedded, IT Support / Admin / ERP, DevOps / Cloud, Data / ML / AI, Security, QA / Testing, Technical Management, UX / Product Design"
American University of Armenia,Computer Science,Bachelor,DevOps,16,"Software Engineering, Hardware / Embedded, IT Support / Admin / ERP, DevOps / Cloud, Data / ML / AI, Security, QA / Testing, Technical Management, UX / Product Design"
American University of Armenia,Computer Science,Bachelor,Jira,19,"Software Engineering, Hardware / Embedded, IT Support / Admin / ERP, DevOps / Cloud, Data / ML / AI, Security, QA / Testing, Technical Management, UX / Product Design"
American University of Armenia,Computer Science,Bachelor,Print Design,1,"Software Engineering, Hardware / Embedded, IT Support / Admin / ERP, DevOps / Cloud, Data / ML / AI, Security, QA / Testing, Technical Management, UX / Product Design"
American University of Armenia,Computer Science,Bachelor,TypeScript,78,"Software Engineering, Hardware / Embedded, IT Support / Admin / ERP, DevOps / Cloud, Data / ML / AI, Security, QA / Testing, Technical Management, UX / Product Design"
American University of Armenia,Computer Science,Bachelor,VLSI,2,"Software Engineering, Hardware / Embedded, IT Support / Admin / ERP, DevOps / Cloud, Data / ML / AI, Security, QA / Testing, Technical Management, UX / Product Design"
American University of Armenia,Computer Science,Bachelor,SoC Design,2,"Software Engineering, Hardware / Embedded, IT Support / Admin / ERP, DevOps / Cloud, Data / ML / AI, Security, QA / Testing, Technical Management, UX / Product Design"
American University of Armenia,Computer Science,Bachelor,Functional Testing,7,"Software Engineering, Hardware / Embedded, IT Support / Admin / ERP, DevOps / Cloud, Data / ML / AI, Security, QA / Testing, Technical Management, UX / Product Design"
American University of Armenia,Computer Science,Bachelor,ETL,16,"Software Engineering, Hardware / Embedded, IT Support / Admin / ERP, DevOps / Cloud, Data / ML / AI, Security, QA / Testing, Technical Management, UX / Product Design"
American University of Armenia,Computer Science,Bachelor,SAP Sales and Distribution,3,"Software Engineering, Hardware / Embedded, IT Support / Admin / ERP, DevOps / Cloud, Data / ML / AI, Security, QA / Testing, Technical Management, UX / Product Design"
American University of Armenia,Computer Science,Bachelor,Perl,7,"Software Engineering, Hardware / Embedded, IT Support / Admin / ERP, DevOps / Cloud, Data / ML / AI, Security, QA / Testing, Technical Management, UX / Product Design"
American University of Armenia,Computer Science,Bachelor,macOS,5,"Software Engineering, Hardware / Embedded, IT Support / Admin / ERP, DevOps / Cloud, Data / ML / AI, Security, QA / Testing, Technical Management, UX / Product Design"
American University of Armenia,Computer Science,Bachelor,Conversion Rate Optimization,2,"Software Engineering, Hardware / Embedded, IT Support / Admin / ERP, DevOps / Cloud, Data / ML / AI, Security, QA / Testing, Technical Management, UX / Product Design"
American University of Armenia,Computer Science,Bachelor,Quality Assurance,7,"Software Engineering, Hardware / Embedded, IT Support / Admin / ERP, DevOps / Cloud, Data / ML / AI, Security, QA / Testing, Technical Management, UX / Product Design"
American University of Armenia,Computer Science,Bachelor,Data Center Infrastructure Management (DCIM),5,"Software Engineering, Hardware / Embedded, IT Support / Admin / ERP, DevOps / Cloud, Data / ML / AI, Security, QA / Testing, Technical Management, UX / Product Design"
American University of Armenia,Computer Science,Bachelor,C#,38,"Software Engineering, Hardware / Embedded, IT Support / Admin / ERP, DevOps / Cloud, Data / ML / AI, Security, QA / Testing, Technical Management, UX / Product Design"
American University of Armenia,Computer Science,Bachelor,VLANs,2,"Software Engineering, Hardware / Embedded, IT Support / Admin / ERP, DevOps / Cloud, Data / ML / AI, Security, QA / Testing, Technical Management, UX / Product Design"
American University of Armenia,Computer Science,Bachelor,Business Intelligence,9,"Software Engineering, Hardware / Embedded, IT Support / Admin / ERP, DevOps / Cloud, Data / ML / AI, Security, QA / Testing, Technical Management, UX / Product Design"
American University of Armenia,Computer Science,Bachelor,PHP,24,"Software Engineering, Hardware / Embedded, IT Support / Admin / ERP, DevOps / Cloud, Data / ML / AI, Security, QA / Testing, Technical Management, UX / Product Design"
American University of Armenia,Computer Science,Bachelor,Apache Airflow,10,"Software Engineering, Hardware / Embedded, IT Support / Admin / ERP, DevOps / Cloud, Data / ML / AI, Security, QA / Testing, Technical Management, UX / Product Design"
American University of Armenia,Computer Science,Bachelor,MongoDB,17,"Software Engineering, Hardware / Embedded, IT Support / Admin / ERP, DevOps / Cloud, Data / ML / AI, Security, QA / Testing, Technical Management, UX / Product Design"
American University of Armenia,Computer Science,Bachelor,Compliance Frameworks,1,"Software Engineering, Hardware / Embedded, IT Support / Admin / ERP, DevOps / Cloud, Data / ML / AI, Security, QA / Testing, Technical Management, UX / Product Design"
American University of Armenia,Computer Science,Bachelor,Telecommunications,2,"Software Engineering, Hardware / Embedded, IT Support / Admin / ERP, DevOps / Cloud, Data / ML / AI, Security, QA / Testing, Technical Management, UX / Product Design"
American University of Armenia,Computer Science,Bachelor,Vulnerability Assessment,3,"Software Engineering, Hardware / Embedded, IT Support / Admin / ERP, DevOps / Cloud, Data / ML / AI, Security, QA / Testing, Technical Management, UX / Product Design"
American University of Armenia,Computer Science,Bachelor,EM/IR Analysis,4,"Software Engineering, Hardware / Embedded, IT Support / Admin / ERP, DevOps / Cloud, Data / ML / AI, Security, QA / Testing, Technical Management, UX / Product Design"
American University of Armenia,Computer Science,Bachelor,Cadence Virtuoso,3,"Software Engineering, Hardware / Embedded, IT Support / Admin / ERP, DevOps / Cloud, Data / ML / AI, Security, QA / Testing, Technical Management, UX / Product Design"
American University of Armenia,Computer Science,Bachelor,PostgreSQL,52,"Software Engineering, Hardware / Embedded, IT Support / Admin / ERP, DevOps / Cloud, Data / ML / AI, Security, QA / Testing, Technical Management, UX / Product Design"
American University of Armenia,Computer Science,Bachelor,Signal Integrity,3,"Software Engineering, Hardware / Embedded, IT Support / Admin / ERP, DevOps / Cloud, Data / ML / AI, Security, QA / Testing, Technical Management, UX / Product Design"
American University of Armenia,Computer Science,Bachelor,Access Control,4,"Software Engineering, Hardware / Embedded, IT Support / Admin / ERP, DevOps / Cloud, Data / ML / AI, Security, QA / Testing, Technical Management, UX / Product Design"
American University of Armenia,Computer Science,Bachelor,Cypress,6,"Software Engineering, Hardware / Embedded, IT Support / Admin / ERP, DevOps / Cloud, Data / ML / AI, Security, QA / Testing, Technical Management, UX / Product Design"
American University of Armenia,Computer Science,Bachelor,MLOps,13,"Software Engineering, Hardware / Embedded, IT Support / Admin / ERP, DevOps / Cloud, Data / ML / AI, Security, QA / Testing, Technical Management, UX / Product Design"
American University of Armenia,Computer Science,Bachelor,Okta API Access Management,1,"Software Engineering, Hardware / Embedded, IT Support / Admin / ERP, DevOps / Cloud, Data / ML / AI, Security, QA / Testing, Technical Management, UX / Product Design"
American University of Armenia,Computer Science,Bachelor,Go,27,"Software Engineering, Hardware / Embedded, IT Support / Admin / ERP, DevOps / Cloud, Data / ML / AI, Security, QA / Testing, Technical Management, UX / Product Design"
American University of Armenia,Computer Science,Bachelor,Secure Architecture Design,1,"Software Engineering, Hardware / Embedded, IT Support / Admin / ERP, DevOps / Cloud, Data / ML / AI, Security, QA / Testing, Technical Management, UX / Product Design"
American University of Armenia,Computer Science,Bachelor,Social Media Design,1,"Software Engineering, Hardware / Embedded, IT Support / Admin / ERP, DevOps / Cloud, Data / ML / AI, Security, QA / Testing, Technical Management, UX / Product Design"
American University of Armenia,Computer Science,Bachelor,Observability,5,"Software Engineering, Hardware / Embedded, IT Support / Admin / ERP, DevOps / Cloud, Data / ML / AI, Security, QA / Testing, Technical Management, UX / Product Design"
American University of Armenia,Computer Science,Bachelor,Azure Virtual Desktop,1,"Software Engineering, Hardware / Embedded, IT Support / Admin / ERP, DevOps / Cloud, Data / ML / AI, Security, QA / Testing, Technical Management, UX / Product Design"
American University of Armenia,Computer Science,Bachelor,Redis,19,"Software Engineering, Hardware / Embedded, IT Support / Admin / ERP, DevOps / Cloud, Data / ML / AI, Security, QA / Testing, Technical Management, UX / Product Design"
American University of Armenia,Computer Science,Bachelor,PrimeTime,4,"Software Engineering, Hardware / Embedded, IT Support / Admin / ERP, DevOps / Cloud, Data / ML / AI, Security, QA / Testing, Technical Management, UX / Product Design"
American University of Armenia,Computer Science,Bachelor,FastAPI,9,"Software Engineering, Hardware / Embedded, IT Support / Admin / ERP, DevOps / Cloud, Data / ML / AI, Security, QA / Testing, Technical Management, UX / Product Design"
American University of Armenia,Computer Science,Bachelor,Zabbix,5,"Software Engineering, Hardware / Embedded, IT Support / Admin / ERP, DevOps / Cloud, Data / ML / AI, Security, QA / Testing, Technical Management, UX / Product Design"
American University of Armenia,Computer Science,Bachelor,Postman,14,"Software Engineering, Hardware / Embedded, IT Support / Admin / ERP, DevOps / Cloud, Data / ML / AI, Security, QA / Testing, Technical Management, UX / Product Design"
American University of Armenia,Computer Science,Bachelor,Audio-Visual (AV) Infrastructure,2,"Software Engineering, Hardware / Embedded, IT Support / Admin / ERP, DevOps / Cloud, Data / ML / AI, Security, QA / Testing, Technical Management, UX / Product Design"
American University of Armenia,Computer Science,Bachelor,Product Analytics,7,"Software Engineering, Hardware / Embedded, IT Support / Admin / ERP, DevOps / Cloud, Data / ML / AI, Security, QA / Testing, Technical Management, UX / Product Design"
American University of Armenia,Computer Science,Bachelor,Cable Installation,3,"Software Engineering, Hardware / Embedded, IT Support / Admin / ERP, DevOps / Cloud, Data / ML / AI, Security, QA / Testing, Technical Management, UX / Product Design"
American University of Armenia,Computer Science,Bachelor,Place and Route,3,"Software Engineering, Hardware / Embedded, IT Support / Admin / ERP, DevOps / Cloud, Data / ML / AI, Security, QA / Testing, Technical Management, UX / Product Design"
American University of Armenia,Computer Science,Bachelor,CI/CD Pipelines,5,"Software Engineering, Hardware / Embedded, IT Support / Admin / ERP, DevOps / Cloud, Data / ML / AI, Security, QA / Testing, Technical Management, UX / Product Design"
American University of Armenia,Computer Science,Bachelor,React,60,"Software Engineering, Hardware / Embedded, IT Support / Admin / ERP, DevOps / Cloud, Data / ML / AI, Security, QA / Testing, Technical Management, UX / Product Design"
American University of Armenia,Computer Science,Bachelor,SAP HANA,6,"Software Engineering, Hardware / Embedded, IT Support / Admin / ERP, DevOps / Cloud, Data / ML / AI, Security, QA / Testing, Technical Management, UX / Product Design"
American University of Armenia,Computer Science,Bachelor,Product Discovery,1,"Software Engineering, Hardware / Embedded, IT Support / Admin / ERP, DevOps / Cloud, Data / ML / AI, Security, QA / Testing, Technical Management, UX / Product Design"
American University of Armenia,Computer Science,Bachelor,TensorFlow,6,"Software Engineering, Hardware / Embedded, IT Support / Admin / ERP, DevOps / Cloud, Data / ML / AI, Security, QA / Testing, Technical Management, UX / Product Design"
American University of Armenia,Computer Science,Bachelor,Kotlin,14,"Software Engineering, Hardware / Embedded, IT Support / Admin / ERP, DevOps / Cloud, Data / ML / AI, Security, QA / Testing, Technical Management, UX / Product Design"
American University of Armenia,Computer Science,Bachelor,Regression Testing,11,"Software Engineering, Hardware / Embedded, IT Support / Admin / ERP, DevOps / Cloud, Data / ML / AI, Security, QA / Testing, Technical Management, UX / Product Design"
American University of Armenia,Computer Science,Bachelor,Data Engineering,9,"Software Engineering, Hardware / Embedded, IT Support / Admin / ERP, DevOps / Cloud, Data / ML / AI, Security, QA / Testing, Technical Management, UX / Product Design"
American University of Armenia,Computer Science,Bachelor,Landing Page Development,2,"Software Engineering, Hardware / Embedded, IT Support / Admin / ERP, DevOps / Cloud, Data / ML / AI, Security, QA / Testing, Technical Management, UX / Product Design"
American University of Armenia,Computer Science,Bachelor,Vulnerability Management,1,"Software Engineering, Hardware / Embedded, IT Support / Admin / ERP, DevOps / Cloud, Data / ML / AI, Security, QA / Testing, Technical Management, UX / Product Design"
American University of Armenia,Computer Science,Bachelor,Gate-Level Netlist Synthesis,2,"Software Engineering, Hardware / Embedded, IT Support / Admin / ERP, DevOps / Cloud, Data / ML / AI, Security, QA / Testing, Technical Management, UX / Product Design"
American University of Armenia,Computer Science,Bachelor,C++,22,"Software Engineering, Hardware / Embedded, IT Support / Admin / ERP, DevOps / Cloud, Data / ML / AI, Security, QA / Testing, Technical Management, UX / Product Design"
American University of Armenia,Computer Science,Bachelor,Confluence,6,"Software Engineering, Hardware / Embedded, IT Support / Admin / ERP, DevOps / Cloud, Data / ML / AI, Security, QA / Testing, Technical Management, UX / Product Design"
American University of Armenia,Computer Science,Bachelor,Midjourney,1,"Software Engineering, Hardware / Embedded, IT Support / Admin / ERP, DevOps / Cloud, Data / ML / AI, Security, QA / Testing, Technical Management, UX / Product Design"
American University of Armenia,Computer Science,Bachelor,Software Bill of Materials,1,"Software Engineering, Hardware / Embedded, IT Support / Admin / ERP, DevOps / Cloud, Data / ML / AI, Security, QA / Testing, Technical Management, UX / Product Design"
American University of Armenia,Computer Science,Bachelor,Infrastructure as Code,10,"Software Engineering, Hardware / Embedded, IT Support / Admin / ERP, DevOps / Cloud, Data / ML / AI, Security, QA / Testing, Technical Management, UX / Product Design"
American University of Armenia,Computer Science,Bachelor,SAP Controlling,3,"Software Engineering, Hardware / Embedded, IT Support / Admin / ERP, DevOps / Cloud, Data / ML / AI, Security, QA / Testing, Technical Management, UX / Product Design"
American University of Armenia,Computer Science,Bachelor,Java,43,"Software Engineering, Hardware / Embedded, IT Support / Admin / ERP, DevOps / Cloud, Data / ML / AI, Security, QA / Testing, Technical Management, UX / Product Design"
American University of Armenia,Computer Science,Bachelor,Git,52,"Software Engineering, Hardware / Embedded, IT Support / Admin / ERP, DevOps / Cloud, Data / ML / AI, Security, QA / Testing, Technical Management, UX / Product Design"
American University of Armenia,Computer Science,Bachelor,GitHub Actions,11,"Software Engineering, Hardware / Embedded, IT Support / Admin / ERP, DevOps / Cloud, Data / ML / AI, Security, QA / Testing, Technical Management, UX / Product Design"
American University of Armenia,Computer Science,Bachelor,Kali Linux,1,"Software Engineering, Hardware / Embedded, IT Support / Admin / ERP, DevOps / Cloud, Data / ML / AI, Security, QA / Testing, Technical Management, UX / Product Design"
American University of Armenia,Computer Science,Bachelor,Static Timing Analysis,13,"Software Engineering, Hardware / Embedded, IT Support / Admin / ERP, DevOps / Cloud, Data / ML / AI, Security, QA / Testing, Technical Management, UX / Product Design"
American University of Armenia,Computer and Information Science,Master,F5,1,"Software Engineering, Hardware / Embedded, IT Support / Admin / ERP, DevOps / Cloud, Data / ML / AI, Security, QA / Testing, Technical Management, UX / Product Design"
American University of Armenia,Computer and Information Science,Master,Terraform,25,"Software Engineering, Hardware / Embedded, IT Support / Admin / ERP, DevOps / Cloud, Data / ML / AI, Security, QA / Testing, Technical Management, UX / Product Design"
American University of Armenia,Computer and Information Science,Master,Appium,3,"Software Engineering, Hardware / Embedded, IT Support / Admin / ERP, DevOps / Cloud, Data / ML / AI, Security, QA / Testing, Technical Management, UX / Product Design"
American University of Armenia,Computer and Information Science,Master,Software Composition Analysis,1,"Software Engineering, Hardware / Embedded, IT Support / Admin / ERP, DevOps / Cloud, Data / ML / AI, Security, QA / Testing, Technical Management, UX / Product Design"
American University of Armenia,Computer and Information Science,Master,Prometheus,7,"Software Engineering, Hardware / Embedded, IT Support / Admin / ERP, DevOps / Cloud, Data / ML / AI, Security, QA / Testing, Technical Management, UX / Product Design"
American University of Armenia,Computer and Information Science,Master,Adobe After Effects,1,"Software Engineering, Hardware / Embedded, IT Support / Admin / ERP, DevOps / Cloud, Data / ML / AI, Security, QA / Testing, Technical Management, UX / Product Design"
American University of Armenia,Computer and Information Science,Master,Physical Verification,4,"Software Engineering, Hardware / Embedded, IT Support / Admin / ERP, DevOps / Cloud, Data / ML / AI, Security, QA / Testing, Technical Management, UX / Product Design"
American University of Armenia,Computer and Information Science,Master,API Testing,17,"Software Engineering, Hardware / Embedded, IT Support / Admin / ERP, DevOps / Cloud, Data / ML / AI, Security, QA / Testing, Technical Management, UX / Product Design"
American University of Armenia,Computer and Information Science,Master,Calibre LVS,2,"Software Engineering, Hardware / Embedded, IT Support / Admin / ERP, DevOps / Cloud, Data / ML / AI, Security, QA / Testing, Technical Management, UX / Product Design"
American University of Armenia,Computer and Information Science,Master,UI/UX QA,1,"Software Engineering, Hardware / Embedded, IT Support / Admin / ERP, DevOps / Cloud, Data / ML / AI, Security, QA / Testing, Technical Management, UX / Product Design"
American University of Armenia,Computer and Information Science,Master,Palo Alto Networks,1,"Software Engineering, Hardware / Embedded, IT Support / Admin / ERP, DevOps / Cloud, Data / ML / AI, Security, QA / Testing, Technical Management, UX / Product Design"
American University of Armenia,Computer and Information Science,Master,Screenshot Design,1,"Software Engineering, Hardware / Embedded, IT Support / Admin / ERP, DevOps / Cloud, Data / ML / AI, Security, QA / Testing, Technical Management, UX / Product Design"
American University of Armenia,Computer and Information Science,Master,Search Systems,1,"Software Engineering, Hardware / Embedded, IT Support / Admin / ERP, DevOps / Cloud, Data / ML / AI, Security, QA / Testing, Technical Management, UX / Product Design"
American University of Armenia,Computer and Information Science,Master,SAP Logistics,6,"Software Engineering, Hardware / Embedded, IT Support / Admin / ERP, DevOps / Cloud, Data / ML / AI, Security, QA / Testing, Technical Management, UX / Product Design"
American University of Armenia,Computer and Information Science,Master,REST APIs,120,"Software Engineering, Hardware / Embedded, IT Support / Admin / ERP, DevOps / Cloud, Data / ML / AI, Security, QA / Testing, Technical Management, UX / Product Design"
American University of Armenia,Computer and Information Science,Master,Model Context Protocol,4,"Software Engineering, Hardware / Embedded, IT Support / Admin / ERP, DevOps / Cloud, Data / ML / AI, Security, QA / Testing, Technical Management, UX / Product Design"
American University of Armenia,Computer and Information Science,Master,Linux,40,"Software Engineering, Hardware / Embedded, IT Support / Admin / ERP, DevOps / Cloud, Data / ML / AI, Security, QA / Testing, Technical Management, UX / Product Design"
American University of Armenia,Computer and Information Science,Master,Data Protection,1,"Software Engineering, Hardware / Embedded, IT Support / Admin / ERP, DevOps / Cloud, Data / ML / AI, Security, QA / Testing, Technical Management, UX / Product Design"
American University of Armenia,Computer and Information Science,Master,Windows Autopilot,1,"Software Engineering, Hardware / Embedded, IT Support / Admin / ERP, DevOps / Cloud, Data / ML / AI, Security, QA / Testing, Technical Management, UX / Product Design"
American University of Armenia,Computer and Information Science,Master,GitLab,10,"Software Engineering, Hardware / Embedded, IT Support / Admin / ERP, DevOps / Cloud, Data / ML / AI, Security, QA / Testing, Technical Management, UX / Product Design"
American University of Armenia,Computer and Information Science,Master,API Integration,8,"Software Engineering, Hardware / Embedded, IT Support / Admin / ERP, DevOps / Cloud, Data / ML / AI, Security, QA / Testing, Technical Management, UX / Product Design"
American University of Armenia,Computer and Information Science,Master,Google Workspace,7,"Software Engineering, Hardware / Embedded, IT Support / Admin / ERP, DevOps / Cloud, Data / ML / AI, Security, QA / Testing, Technical Management, UX / Product Design"
American University of Armenia,Computer and Information Science,Master,Microsoft Office,6,"Software Engineering, Hardware / Embedded, IT Support / Admin / ERP, DevOps / Cloud, Data / ML / AI, Security, QA / Testing, Technical Management, UX / Product Design"
American University of Armenia,Computer and Information Science,Master,Structured Cabling,7,"Software Engineering, Hardware / Embedded, IT Support / Admin / ERP, DevOps / Cloud, Data / ML / AI, Security, QA / Testing, Technical Management, UX / Product Design"
American University of Armenia,Computer and Information Science,Master,User Interviews,1,"Software Engineering, Hardware / Embedded, IT Support / Admin / ERP, DevOps / Cloud, Data / ML / AI, Security, QA / Testing, Technical Management, UX / Product Design"
American University of Armenia,Computer and Information Science,Master,Verdi,3,"Software Engineering, Hardware / Embedded, IT Support / Admin / ERP, DevOps / Cloud, Data / ML / AI, Security, QA / Testing, Technical Management, UX / Product Design"
American University of Armenia,Computer and Information Science,Master,AI-Powered Workflows,2,"Software Engineering, Hardware / Embedded, IT Support / Admin / ERP, DevOps / Cloud, Data / ML / AI, Security, QA / Testing, Technical Management, UX / Product Design"
American University of Armenia,Computer and Information Science,Master,Apache Kafka,22,"Software Engineering, Hardware / Embedded, IT Support / Admin / ERP, DevOps / Cloud, Data / ML / AI, Security, QA / Testing, Technical Management, UX / Product Design"
American University of Armenia,Computer and Information Science,Master,Backend Testing,3,"Software Engineering, Hardware / Embedded, IT Support / Admin / ERP, DevOps / Cloud, Data / ML / AI, Security, QA / Testing, Technical Management, UX / Product Design"
American University of Armenia,Computer and Information Science,Master,Wireframing,9,"Software Engineering, Hardware / Embedded, IT Support / Admin / ERP, DevOps / Cloud, Data / ML / AI, Security, QA / Testing, Technical Management, UX / Product Design"
American University of Armenia,Computer and Information Science,Master,Physical Design,8,"Software Engineering, Hardware / Embedded, IT Support / Admin / ERP, DevOps / Cloud, Data / ML / AI, Security, QA / Testing, Technical Management, UX / Product Design"
American University of Armenia,Computer and Information Science,Master,Node.js,52,"Software Engineering, Hardware / Embedded, IT Support / Admin / ERP, DevOps / Cloud, Data / ML / AI, Security, QA / Testing, Technical Management, UX / Product Design"
American University of Armenia,Computer and Information Science,Master,Production Video Switchers,2,"Software Engineering, Hardware / Embedded, IT Support / Admin / ERP, DevOps / Cloud, Data / ML / AI, Security, QA / Testing, Technical Management, UX / Product Design"
American University of Armenia,Computer and Information Science,Master,Technical Support,3,"Software Engineering, Hardware / Embedded, IT Support / Admin / ERP, DevOps / Cloud, Data / ML / AI, Security, QA / Testing, Technical Management, UX / Product Design"
American University of Armenia,Computer and Information Science,Master,SAP HANA Calculation Views,3,"Software Engineering, Hardware / Embedded, IT Support / Admin / ERP, DevOps / Cloud, Data / ML / AI, Security, QA / Testing, Technical Management, UX / Product Design"
American University of Armenia,Computer and Information Science,Master,Server Hardware,5,"Software Engineering, Hardware / Embedded, IT Support / Admin / ERP, DevOps / Cloud, Data / ML / AI, Security, QA / Testing, Technical Management, UX / Product Design"
American University of Armenia,Computer and Information Science,Master,Okta Lifecycle Management,2,"Software Engineering, Hardware / Embedded, IT Support / Admin / ERP, DevOps / Cloud, Data / ML / AI, Security, QA / Testing, Technical Management, UX / Product Design"
American University of Armenia,Computer and Information Science,Master,Audio-Visual Systems,2,"Software Engineering, Hardware / Embedded, IT Support / Admin / ERP, DevOps / Cloud, Data / ML / AI, Security, QA / Testing, Technical Management, UX / Product Design"
American University of Armenia,Computer and Information Science,Master,Fiber Optic Networking,5,"Software Engineering, Hardware / Embedded, IT Support / Admin / ERP, DevOps / Cloud, Data / ML / AI, Security, QA / Testing, Technical Management, UX / Product Design"
American University of Armenia,Computer and Information Science,Master,Intrusion Detection Systems,1,"Software Engineering, Hardware / Embedded, IT Support / Admin / ERP, DevOps / Cloud, Data / ML / AI, Security, QA / Testing, Technical Management, UX / Product Design"
American University of Armenia,Computer and Information Science,Master,SAP Financial Accounting,3,"Software Engineering, Hardware / Embedded, IT Support / Admin / ERP, DevOps / Cloud, Data / ML / AI, Security, QA / Testing, Technical Management, UX / Product Design"
American University of Armenia,Computer and Information Science,Master,RTL-to-GDSII,6,"Software Engineering, Hardware / Embedded, IT Support / Admin / ERP, DevOps / Cloud, Data / ML / AI, Security, QA / Testing, Technical Management, UX / Product Design"
American University of Armenia,Computer and Information Science,Master,Databricks,8,"Software Engineering, Hardware / Embedded, IT Support / Admin / ERP, DevOps / Cloud, Data / ML / AI, Security, QA / Testing, Technical Management, UX / Product Design"
American University of Armenia,Computer and Information Science,Master,Adobe Firefly,1,"Software Engineering, Hardware / Embedded, IT Support / Admin / ERP, DevOps / Cloud, Data / ML / AI, Security, QA / Testing, Technical Management, UX / Product Design"
American University of Armenia,Computer and Information Science,Master,Cat5e/6/6a Cabling,4,"Software Engineering, Hardware / Embedded, IT Support / Admin / ERP, DevOps / Cloud, Data / ML / AI, Security, QA / Testing, Technical Management, UX / Product Design"
American University of Armenia,Computer and Information Science,Master,Help Desk Software,3,"Software Engineering, Hardware / Embedded, IT Support / Admin / ERP, DevOps / Cloud, Data / ML / AI, Security, QA / Testing, Technical Management, UX / Product Design"
American University of Armenia,Computer and Information Science,Master,Test Automation,39,"Software Engineering, Hardware / Embedded, IT Support / Admin / ERP, DevOps / Cloud, Data / ML / AI, Security, QA / Testing, Technical Management, UX / Product Design"
American University of Armenia,Computer and Information Science,Master,Next.js,14,"Software Engineering, Hardware / Embedded, IT Support / Admin / ERP, DevOps / Cloud, Data / ML / AI, Security, QA / Testing, Technical Management, UX / Product Design"
American University of Armenia,Computer and Information Science,Master,Webflow,2,"Software Engineering, Hardware / Embedded, IT Support / Admin / ERP, DevOps / Cloud, Data / ML / AI, Security, QA / Testing, Technical Management, UX / Product Design"
American University of Armenia,Computer and Information Science,Master,CMOS Process,2,"Software Engineering, Hardware / Embedded, IT Support / Admin / ERP, DevOps / Cloud, Data / ML / AI, Security, QA / Testing, Technical Management, UX / Product Design"
American University of Armenia,Computer and Information Science,Master,SAP Materials Management,4,"Software Engineering, Hardware / Embedded, IT Support / Admin / ERP, DevOps / Cloud, Data / ML / AI, Security, QA / Testing, Technical Management, UX / Product Design"
American University of Armenia,Computer and Information Science,Master,AI Tools,4,"Software Engineering, Hardware / Embedded, IT Support / Admin / ERP, DevOps / Cloud, Data / ML / AI, Security, QA / Testing, Technical Management, UX / Product Design"
American University of Armenia,Computer and Information Science,Master,Memory BIST (MBIST),2,"Software Engineering, Hardware / Embedded, IT Support / Admin / ERP, DevOps / Cloud, Data / ML / AI, Security, QA / Testing, Technical Management, UX / Product Design"
American University of Armenia,Computer and Information Science,Master,Intrusion Detection System/Intrusion Prevention System,1,"Software Engineering, Hardware / Embedded, IT Support / Admin / ERP, DevOps / Cloud, Data / ML / AI, Security, QA / Testing, Technical Management, UX / Product Design"
American University of Armenia,Computer and Information Science,Master,Component Libraries,2,"Software Engineering, Hardware / Embedded, IT Support / Admin / ERP, DevOps / Cloud, Data / ML / AI, Security, QA / Testing, Technical Management, UX / Product Design"
American University of Armenia,Computer and Information Science,Master,Security Information and Event Management (SIEM),3,"Software Engineering, Hardware / Embedded, IT Support / Admin / ERP, DevOps / Cloud, Data / ML / AI, Security, QA / Testing, Technical Management, UX / Product Design"
American University of Armenia,Computer and Information Science,Master,Serial Digital Interface (SDI),2,"Software Engineering, Hardware / Embedded, IT Support / Admin / ERP, DevOps / Cloud, Data / ML / AI, Security, QA / Testing, Technical Management, UX / Product Design"
American University of Armenia,Computer and Information Science,Master,SAP Retail,3,"Software Engineering, Hardware / Embedded, IT Support / Admin / ERP, DevOps / Cloud, Data / ML / AI, Security, QA / Testing, Technical Management, UX / Product Design"
American University of Armenia,Computer and Information Science,Master,Automation,8,"Software Engineering, Hardware / Embedded, IT Support / Admin / ERP, DevOps / Cloud, Data / ML / AI, Security, QA / Testing, Technical Management, UX / Product Design"
American University of Armenia,Computer and Information Science,Master,Microsoft Intune,1,"Software Engineering, Hardware / Embedded, IT Support / Admin / ERP, DevOps / Cloud, Data / ML / AI, Security, QA / Testing, Technical Management, UX / Product Design"
American University of Armenia,Computer and Information Science,Master,Network Troubleshooting,8,"Software Engineering, Hardware / Embedded, IT Support / Admin / ERP, DevOps / Cloud, Data / ML / AI, Security, QA / Testing, Technical Management, UX / Product Design"
American University of Armenia,Computer and Information Science,Master,IT Infrastructure,3,"Software Engineering, Hardware / Embedded, IT Support / Admin / ERP, DevOps / Cloud, Data / ML / AI, Security, QA / Testing, Technical Management, UX / Product Design"
American University of Armenia,Computer and Information Science,Master,Full-Stack Development,9,"Software Engineering, Hardware / Embedded, IT Support / Admin / ERP, DevOps / Cloud, Data / ML / AI, Security, QA / Testing, Technical Management, UX / Product Design"
American University of Armenia,Computer and Information Science,Master,Microservices,47,"Software Engineering, Hardware / Embedded, IT Support / Admin / ERP, DevOps / Cloud, Data / ML / AI, Security, QA / Testing, Technical Management, UX / Product Design"
American University of Armenia,Computer and Information Science,Master,UX Design,8,"Software Engineering, Hardware / Embedded, IT Support / Admin / ERP, DevOps / Cloud, Data / ML / AI, Security, QA / Testing, Technical Management, UX / Product Design"
American University of Armenia,Computer and Information Science,Master,Kubernetes,41,"Software Engineering, Hardware / Embedded, IT Support / Admin / ERP, DevOps / Cloud, Data / ML / AI, Security, QA / Testing, Technical Management, UX / Product Design"
American University of Armenia,Computer and Information Science,Master,Playwright,15,"Software Engineering, Hardware / Embedded, IT Support / Admin / ERP, DevOps / Cloud, Data / ML / AI, Security, QA / Testing, Technical Management, UX / Product Design"
American University of Armenia,Computer and Information Science,Master,Metasploit,1,"Software Engineering, Hardware / Embedded, IT Support / Admin / ERP, DevOps / Cloud, Data / ML / AI, Security, QA / Testing, Technical Management, UX / Product Design"
American University of Armenia,Computer and Information Science,Master,Circuit Breakers,1,"Software Engineering, Hardware / Embedded, IT Support / Admin / ERP, DevOps / Cloud, Data / ML / AI, Security, QA / Testing, Technical Management, UX / Product Design"
American University of Armenia,Computer and Information Science,Master,Endpoint Detection and Response/Extended Detection and Response,1,"Software Engineering, Hardware / Embedded, IT Support / Admin / ERP, DevOps / Cloud, Data / ML / AI, Security, QA / Testing, Technical Management, UX / Product Design"
American University of Armenia,Computer and Information Science,Master,A/B Testing,20,"Software Engineering, Hardware / Embedded, IT Support / Admin / ERP, DevOps / Cloud, Data / ML / AI, Security, QA / Testing, Technical Management, UX / Product Design"
American University of Armenia,Computer and Information Science,Master,Adobe XD,2,"Software Engineering, Hardware / Embedded, IT Support / Admin / ERP, DevOps / Cloud, Data / ML / AI, Security, QA / Testing, Technical Management, UX / Product Design"
American University of Armenia,Computer and Information Science,Master,Adobe Creative Suite,1,"Software Engineering, Hardware / Embedded, IT Support / Admin / ERP, DevOps / Cloud, Data / ML / AI, Security, QA / Testing, Technical Management, UX / Product Design"
American University of Armenia,Computer and Information Science,Master,CI/CD,61,"Software Engineering, Hardware / Embedded, IT Support / Admin / ERP, DevOps / Cloud, Data / ML / AI, Security, QA / Testing, Technical Management, UX / Product Design"
American University of Armenia,Computer and Information Science,Master,Equipment Maintenance,2,"Software Engineering, Hardware / Embedded, IT Support / Admin / ERP, DevOps / Cloud, Data / ML / AI, Security, QA / Testing, Technical Management, UX / Product Design"
American University of Armenia,Computer and Information Science,Master,Patch Panel Configuration,4,"Software Engineering, Hardware / Embedded, IT Support / Admin / ERP, DevOps / Cloud, Data / ML / AI, Security, QA / Testing, Technical Management, UX / Product Design"
American University of Armenia,Computer and Information Science,Master,Prompt Engineering,7,"Software Engineering, Hardware / Embedded, IT Support / Admin / ERP, DevOps / Cloud, Data / ML / AI, Security, QA / Testing, Technical Management, UX / Product Design"
American University of Armenia,Computer and Information Science,Master,CSS3,6,"Software Engineering, Hardware / Embedded, IT Support / Admin / ERP, DevOps / Cloud, Data / ML / AI, Security, QA / Testing, Technical Management, UX / Product Design"
American University of Armenia,Computer and Information Science,Master,Power BI,12,"Software Engineering, Hardware / Embedded, IT Support / Admin / ERP, DevOps / Cloud, Data / ML / AI, Security, QA / Testing, Technical Management, UX / Product Design"
American University of Armenia,Computer and Information Science,Master,DALL·E,1,"Software Engineering, Hardware / Embedded, IT Support / Admin / ERP, DevOps / Cloud, Data / ML / AI, Security, QA / Testing, Technical Management, UX / Product Design"
American University of Armenia,Computer and Information Science,Master,.NET,29,"Software Engineering, Hardware / Embedded, IT Support / Admin / ERP, DevOps / Cloud, Data / ML / AI, Security, QA / Testing, Technical Management, UX / Product Design"
American University of Armenia,Computer and Information Science,Master,Project Management Professional (PMP),3,"Software Engineering, Hardware / Embedded, IT Support / Admin / ERP, DevOps / Cloud, Data / ML / AI, Security, QA / Testing, Technical Management, UX / Product Design"
American University of Armenia,Computer and Information Science,Master,Secure Sdlc Practices,1,"Software Engineering, Hardware / Embedded, IT Support / Admin / ERP, DevOps / Cloud, Data / ML / AI, Security, QA / Testing, Technical Management, UX / Product Design"
American University of Armenia,Computer and Information Science,Master,GitHub Advanced Security,1,"Software Engineering, Hardware / Embedded, IT Support / Admin / ERP, DevOps / Cloud, Data / ML / AI, Security, QA / Testing, Technical Management, UX / Product Design"
American University of Armenia,Computer and Information Science,Master,UVM,2,"Software Engineering, Hardware / Embedded, IT Support / Admin / ERP, DevOps / Cloud, Data / ML / AI, Security, QA / Testing, Technical Management, UX / Product Design"
American University of Armenia,Computer and Information Science,Master,Windows 10/11,1,"Software Engineering, Hardware / Embedded, IT Support / Admin / ERP, DevOps / Cloud, Data / ML / AI, Security, QA / Testing, Technical Management, UX / Product Design"
American University of Armenia,Computer and Information Science,Master,App Store,1,"Software Engineering, Hardware / Embedded, IT Support / Admin / ERP, DevOps / Cloud, Data / ML / AI, Security, QA / Testing, Technical Management, UX / Product Design"
American University of Armenia,Computer and Information Science,Master,Synthesis,4,"Software Engineering, Hardware / Embedded, IT Support / Admin / ERP, DevOps / Cloud, Data / ML / AI, Security, QA / Testing, Technical Management, UX / Product Design"
American University of Armenia,Computer and Information Science,Master,API Access Management,1,"Software Engineering, Hardware / Embedded, IT Support / Admin / ERP, DevOps / Cloud, Data / ML / AI, Security, QA / Testing, Technical Management, UX / Product Design"
American University of Armenia,Computer and Information Science,Master,Design Rule Check (DRC),3,"Software Engineering, Hardware / Embedded, IT Support / Admin / ERP, DevOps / Cloud, Data / ML / AI, Security, QA / Testing, Technical Management, UX / Product Design"
American University of Armenia,Computer and Information Science,Master,SAP FICO,6,"Software Engineering, Hardware / Embedded, IT Support / Admin / ERP, DevOps / Cloud, Data / ML / AI, Security, QA / Testing, Technical Management, UX / Product Design"
American University of Armenia,Computer and Information Science,Master,IT Auditing,1,"Software Engineering, Hardware / Embedded, IT Support / Admin / ERP, DevOps / Cloud, Data / ML / AI, Security, QA / Testing, Technical Management, UX / Product Design"
American University of Armenia,Computer and Information Science,Master,Group Policy,1,"Software Engineering, Hardware / Embedded, IT Support / Admin / ERP, DevOps / Cloud, Data / ML / AI, Security, QA / Testing, Technical Management, UX / Product Design"
American University of Armenia,Computer and Information Science,Master,Analytics,6,"Software Engineering, Hardware / Embedded, IT Support / Admin / ERP, DevOps / Cloud, Data / ML / AI, Security, QA / Testing, Technical Management, UX / Product Design"
American University of Armenia,Computer and Information Science,Master,Project Based Learning,4,"Software Engineering, Hardware / Embedded, IT Support / Admin / ERP, DevOps / Cloud, Data / ML / AI, Security, QA / Testing, Technical Management, UX / Product Design"
American University of Armenia,Computer and Information Science,Master,Design for Testability (DFT),9,"Software Engineering, Hardware / Embedded, IT Support / Admin / ERP, DevOps / Cloud, Data / ML / AI, Security, QA / Testing, Technical Management, UX / Product Design"
American University of Armenia,Computer and Information Science,Master,Okta,5,"Software Engineering, Hardware / Embedded, IT Support / Admin / ERP, DevOps / Cloud, Data / ML / AI, Security, QA / Testing, Technical Management, UX / Product Design"
American University of Armenia,Computer and Information Science,Master,pytest,5,"Software Engineering, Hardware / Embedded, IT Support / Admin / ERP, DevOps / Cloud, Data / ML / AI, Security, QA / Testing, Technical Management, UX / Product Design"
American University of Armenia,Computer and Information Science,Master,Microsoft Project,3,"Software Engineering, Hardware / Embedded, IT Support / Admin / ERP, DevOps / Cloud, Data / ML / AI, Security, QA / Testing, Technical Management, UX / Product Design"
American University of Armenia,Computer and Information Science,Master,App Preview Video,1,"Software Engineering, Hardware / Embedded, IT Support / Admin / ERP, DevOps / Cloud, Data / ML / AI, Security, QA / Testing, Technical Management, UX / Product Design"
American University of Armenia,Computer and Information Science,Master,Data Pipelines,16,"Software Engineering, Hardware / Embedded, IT Support / Admin / ERP, DevOps / Cloud, Data / ML / AI, Security, QA / Testing, Technical Management, UX / Product Design"
American University of Armenia,Computer and Information Science,Master,Video Surveillance Systems,2,"Software Engineering, Hardware / Embedded, IT Support / Admin / ERP, DevOps / Cloud, Data / ML / AI, Security, QA / Testing, Technical Management, UX / Product Design"
American University of Armenia,Computer and Information Science,Master,Apache Spark,9,"Software Engineering, Hardware / Embedded, IT Support / Admin / ERP, DevOps / Cloud, Data / ML / AI, Security, QA / Testing, Technical Management, UX / Product Design"
American University of Armenia,Computer and Information Science,Master,Multi-Factor Authentication,2,"Software Engineering, Hardware / Embedded, IT Support / Admin / ERP, DevOps / Cloud, Data / ML / AI, Security, QA / Testing, Technical Management, UX / Product Design"
American University of Armenia,Computer and Information Science,Master,Chroma Keying,2,"Software Engineering, Hardware / Embedded, IT Support / Admin / ERP, DevOps / Cloud, Data / ML / AI, Security, QA / Testing, Technical Management, UX / Product Design"
American University of Armenia,Computer and Information Science,Master,Figma,17,"Software Engineering, Hardware / Embedded, IT Support / Admin / ERP, DevOps / Cloud, Data / ML / AI, Security, QA / Testing, Technical Management, UX / Product Design"
American University of Armenia,Computer and Information Science,Master,Incident Management,4,"Software Engineering, Hardware / Embedded, IT Support / Admin / ERP, DevOps / Cloud, Data / ML / AI, Security, QA / Testing, Technical Management, UX / Product Design"
American University of Armenia,Computer and Information Science,Master,Safety Procedures,2,"Software Engineering, Hardware / Embedded, IT Support / Admin / ERP, DevOps / Cloud, Data / ML / AI, Security, QA / Testing, Technical Management, UX / Product Design"
American University of Armenia,Computer and Information Science,Master,Okta Universal Directory,2,"Software Engineering, Hardware / Embedded, IT Support / Admin / ERP, DevOps / Cloud, Data / ML / AI, Security, QA / Testing, Technical Management, UX / Product Design"
American University of Armenia,Computer and Information Science,Master,DevSecOps,2,"Software Engineering, Hardware / Embedded, IT Support / Admin / ERP, DevOps / Cloud, Data / ML / AI, Security, QA / Testing, Technical Management, UX / Product Design"
American University of Armenia,Computer and Information Science,Master,App Store Optimization,1,"Software Engineering, Hardware / Embedded, IT Support / Admin / ERP, DevOps / Cloud, Data / ML / AI, Security, QA / Testing, Technical Management, UX / Product Design"
American University of Armenia,Computer and Information Science,Master,AI-Driven Design Software,2,"Software Engineering, Hardware / Embedded, IT Support / Admin / ERP, DevOps / Cloud, Data / ML / AI, Security, QA / Testing, Technical Management, UX / Product Design"
American University of Armenia,Computer and Information Science,Master,Test Case Design,4,"Software Engineering, Hardware / Embedded, IT Support / Admin / ERP, DevOps / Cloud, Data / ML / AI, Security, QA / Testing, Technical Management, UX / Product Design"
American University of Armenia,Computer and Information Science,Master,PyTorch,8,"Software Engineering, Hardware / Embedded, IT Support / Admin / ERP, DevOps / Cloud, Data / ML / AI, Security, QA / Testing, Technical Management, UX / Product Design"
American University of Armenia,Computer and Information Science,Master,ASP.NET Core,18,"Software Engineering, Hardware / Embedded, IT Support / Admin / ERP, DevOps / Cloud, Data / ML / AI, Security, QA / Testing, Technical Management, UX / Product Design"
American University of Armenia,Computer and Information Science,Master,Circuit Board Layout,2,"Software Engineering, Hardware / Embedded, IT Support / Admin / ERP, DevOps / Cloud, Data / ML / AI, Security, QA / Testing, Technical Management, UX / Product Design"
American University of Armenia,Computer and Information Science,Master,Static Application Security Testing (SAST),1,"Software Engineering, Hardware / Embedded, IT Support / Admin / ERP, DevOps / Cloud, Data / ML / AI, Security, QA / Testing, Technical Management, UX / Product Design"
American University of Armenia,Computer and Information Science,Master,PowerShell,6,"Software Engineering, Hardware / Embedded, IT Support / Admin / ERP, DevOps / Cloud, Data / ML / AI, Security, QA / Testing, Technical Management, UX / Product Design"
American University of Armenia,Computer and Information Science,Master,Windows Server,4,"Software Engineering, Hardware / Embedded, IT Support / Admin / ERP, DevOps / Cloud, Data / ML / AI, Security, QA / Testing, Technical Management, UX / Product Design"
American University of Armenia,Computer and Information Science,Master,Docker,51,"Software Engineering, Hardware / Embedded, IT Support / Admin / ERP, DevOps / Cloud, Data / ML / AI, Security, QA / Testing, Technical Management, UX / Product Design"
American University of Armenia,Computer and Information Science,Master,UX Research,1,"Software Engineering, Hardware / Embedded, IT Support / Admin / ERP, DevOps / Cloud, Data / ML / AI, Security, QA / Testing, Technical Management, UX / Product Design"
American University of Armenia,Computer and Information Science,Master,ABAP,8,"Software Engineering, Hardware / Embedded, IT Support / Admin / ERP, DevOps / Cloud, Data / ML / AI, Security, QA / Testing, Technical Management, UX / Product Design"
American University of Armenia,Computer and Information Science,Master,App Icon Design,1,"Software Engineering, Hardware / Embedded, IT Support / Admin / ERP, DevOps / Cloud, Data / ML / AI, Security, QA / Testing, Technical Management, UX / Product Design"
American University of Armenia,Computer and Information Science,Master,Active Directory,7,"Software Engineering, Hardware / Embedded, IT Support / Admin / ERP, DevOps / Cloud, Data / ML / AI, Security, QA / Testing, Technical Management, UX / Product Design"
American University of Armenia,Computer and Information Science,Master,Clock Tree Synthesis,5,"Software Engineering, Hardware / Embedded, IT Support / Admin / ERP, DevOps / Cloud, Data / ML / AI, Security, QA / Testing, Technical Management, UX / Product Design"
American University of Armenia,Computer and Information Science,Master,Real-Time Data Processing,1,"Software Engineering, Hardware / Embedded, IT Support / Admin / ERP, DevOps / Cloud, Data / ML / AI, Security, QA / Testing, Technical Management, UX / Product Design"
American University of Armenia,Computer and Information Science,Master,VMware,7,"Software Engineering, Hardware / Embedded, IT Support / Admin / ERP, DevOps / Cloud, Data / ML / AI, Security, QA / Testing, Technical Management, UX / Product Design"
American University of Armenia,Computer and Information Science,Master,SAP S/4HANA,15,"Software Engineering, Hardware / Embedded, IT Support / Admin / ERP, DevOps / Cloud, Data / ML / AI, Security, QA / Testing, Technical Management, UX / Product Design"
American University of Armenia,Computer and Information Science,Master,Adobe Creative Cloud,1,"Software Engineering, Hardware / Embedded, IT Support / Admin / ERP, DevOps / Cloud, Data / ML / AI, Security, QA / Testing, Technical Management, UX / Product Design"
American University of Armenia,Computer and Information Science,Master,Mobile Application Testing,6,"Software Engineering, Hardware / Embedded, IT Support / Admin / ERP, DevOps / Cloud, Data / ML / AI, Security, QA / Testing, Technical Management, UX / Product Design"
American University of Armenia,Computer and Information Science,Master,Electrical Systems,2,"Software Engineering, Hardware / Embedded, IT Support / Admin / ERP, DevOps / Cloud, Data / ML / AI, Security, QA / Testing, Technical Management, UX / Product Design"
American University of Armenia,Computer and Information Science,Master,Manual Testing,13,"Software Engineering, Hardware / Embedded, IT Support / Admin / ERP, DevOps / Cloud, Data / ML / AI, Security, QA / Testing, Technical Management, UX / Product Design"
American University of Armenia,Computer and Information Science,Master,Curriculum Development,3,"Software Engineering, Hardware / Embedded, IT Support / Admin / ERP, DevOps / Cloud, Data / ML / AI, Security, QA / Testing, Technical Management, UX / Product Design"
American University of Armenia,Computer and Information Science,Master,Microsoft Azure,27,"Software Engineering, Hardware / Embedded, IT Support / Admin / ERP, DevOps / Cloud, Data / ML / AI, Security, QA / Testing, Technical Management, UX / Product Design"
American University of Armenia,Computer and Information Science,Master,Bash,9,"Software Engineering, Hardware / Embedded, IT Support / Admin / ERP, DevOps / Cloud, Data / ML / AI, Security, QA / Testing, Technical Management, UX / Product Design"
American University of Armenia,Computer and Information Science,Master,Azure DevOps,9,"Software Engineering, Hardware / Embedded, IT Support / Admin / ERP, DevOps / Cloud, Data / ML / AI, Security, QA / Testing, Technical Management, UX / Product Design"
American University of Armenia,Computer and Information Science,Master,Layout Versus Schematic (LVS),3,"Software Engineering, Hardware / Embedded, IT Support / Admin / ERP, DevOps / Cloud, Data / ML / AI, Security, QA / Testing, Technical Management, UX / Product Design"
American University of Armenia,Computer and Information Science,Master,SystemVerilog,5,"Software Engineering, Hardware / Embedded, IT Support / Admin / ERP, DevOps / Cloud, Data / ML / AI, Security, QA / Testing, Technical Management, UX / Product Design"
American University of Armenia,Computer and Information Science,Master,Single Sign-On,3,"Software Engineering, Hardware / Embedded, IT Support / Admin / ERP, DevOps / Cloud, Data / ML / AI, Security, QA / Testing, Technical Management, UX / Product Design"
American University of Armenia,Computer and Information Science,Master,Tableau,8,"Software Engineering, Hardware / Embedded, IT Support / Admin / ERP, DevOps / Cloud, Data / ML / AI, Security, QA / Testing, Technical Management, UX / Product Design"
American University of Armenia,Computer and Information Science,Master,SDC,5,"Software Engineering, Hardware / Embedded, IT Support / Admin / ERP, DevOps / Cloud, Data / ML / AI, Security, QA / Testing, Technical Management, UX / Product Design"
American University of Armenia,Computer and Information Science,Master,Fortinet,1,"Software Engineering, Hardware / Embedded, IT Support / Admin / ERP, DevOps / Cloud, Data / ML / AI, Security, QA / Testing, Technical Management, UX / Product Design"
American University of Armenia,Computer and Information Science,Master,Qualitative Analysis,1,"Software Engineering, Hardware / Embedded, IT Support / Admin / ERP, DevOps / Cloud, Data / ML / AI, Security, QA / Testing, Technical Management, UX / Product Design"
American University of Armenia,Computer and Information Science,Master,ELK Stack,1,"Software Engineering, Hardware / Embedded, IT Support / Admin / ERP, DevOps / Cloud, Data / ML / AI, Security, QA / Testing, Technical Management, UX / Product Design"
American University of Armenia,Computer and Information Science,Master,CCTV Systems,2,"Software Engineering, Hardware / Embedded, IT Support / Admin / ERP, DevOps / Cloud, Data / ML / AI, Security, QA / Testing, Technical Management, UX / Product Design"
American University of Armenia,Computer and Information Science,Master,Virtual Private Network,4,"Software Engineering, Hardware / Embedded, IT Support / Admin / ERP, DevOps / Cloud, Data / ML / AI, Security, QA / Testing, Technical Management, UX / Product Design"
American University of Armenia,Computer and Information Science,Master,Incident Response,4,"Software Engineering, Hardware / Embedded, IT Support / Admin / ERP, DevOps / Cloud, Data / ML / AI, Security, QA / Testing, Technical Management, UX / Product Design"
American University of Armenia,Computer and Information Science,Master,Single Page Application,2,"Software Engineering, Hardware / Embedded, IT Support / Admin / ERP, DevOps / Cloud, Data / ML / AI, Security, QA / Testing, Technical Management, UX / Product Design"
American University of Armenia,Computer and Information Science,Master,Jenkins,15,"Software Engineering, Hardware / Embedded, IT Support / Admin / ERP, DevOps / Cloud, Data / ML / AI, Security, QA / Testing, Technical Management, UX / Product Design"
American University of Armenia,Computer and Information Science,Master,Adobe Photoshop,3,"Software Engineering, Hardware / Embedded, IT Support / Admin / ERP, DevOps / Cloud, Data / ML / AI, Security, QA / Testing, Technical Management, UX / Product Design"
American University of Armenia,Computer and Information Science,Master,Calibre DRC,2,"Software Engineering, Hardware / Embedded, IT Support / Admin / ERP, DevOps / Cloud, Data / ML / AI, Security, QA / Testing, Technical Management, UX / Product Design"
American University of Armenia,Computer and Information Science,Master,Grafana,10,"Software Engineering, Hardware / Embedded, IT Support / Admin / ERP, DevOps / Cloud, Data / ML / AI, Security, QA / Testing, Technical Management, UX / Product Design"
American University of Armenia,Computer and Information Science,Master,Identity and Access Management,6,"Software Engineering, Hardware / Embedded, IT Support / Admin / ERP, DevOps / Cloud, Data / ML / AI, Security, QA / Testing, Technical Management, UX / Product Design"
American University of Armenia,Computer and Information Science,Master,ISO 27001,1,"Software Engineering, Hardware / Embedded, IT Support / Admin / ERP, DevOps / Cloud, Data / ML / AI, Security, QA / Testing, Technical Management, UX / Product Design"
American University of Armenia,Computer and Information Science,Master,Python,173,"Software Engineering, Hardware / Embedded, IT Support / Admin / ERP, DevOps / Cloud, Data / ML / AI, Security, QA / Testing, Technical Management, UX / Product Design"
American University of Armenia,Computer and Information Science,Master,Splunk,1,"Software Engineering, Hardware / Embedded, IT Support / Admin / ERP, DevOps / Cloud, Data / ML / AI, Security, QA / Testing, Technical Management, UX / Product Design"
American University of Armenia,Computer and Information Science,Master,Mobile-First Design,1,"Software Engineering, Hardware / Embedded, IT Support / Admin / ERP, DevOps / Cloud, Data / ML / AI, Security, QA / Testing, Technical Management, UX / Product Design"
American University of Armenia,Computer and Information Science,Master,Adobe Illustrator,2,"Software Engineering, Hardware / Embedded, IT Support / Admin / ERP, DevOps / Cloud, Data / ML / AI, Security, QA / Testing, Technical Management, UX / Product Design"
American University of Armenia,Computer and Information Science,Master,Power Performance Area (PPA) Optimization,2,"Software Engineering, Hardware / Embedded, IT Support / Admin / ERP, DevOps / Cloud, Data / ML / AI, Security, QA / Testing, Technical Management, UX / Product Design"
American University of Armenia,Computer and Information Science,Master,Burp Suite,1,"Software Engineering, Hardware / Embedded, IT Support / Admin / ERP, DevOps / Cloud, Data / ML / AI, Security, QA / Testing, Technical Management, UX / Product Design"
American University of Armenia,Computer and Information Science,Master,Equipment Installation,2,"Software Engineering, Hardware / Embedded, IT Support / Admin / ERP, DevOps / Cloud, Data / ML / AI, Security, QA / Testing, Technical Management, UX / Product Design"
American University of Armenia,Computer and Information Science,Master,LDAP,5,"Software Engineering, Hardware / Embedded, IT Support / Admin / ERP, DevOps / Cloud, Data / ML / AI, Security, QA / Testing, Technical Management, UX / Product Design"
American University of Armenia,Computer and Information Science,Master,HDMI,2,"Software Engineering, Hardware / Embedded, IT Support / Admin / ERP, DevOps / Cloud, Data / ML / AI, Security, QA / Testing, Technical Management, UX / Product Design"
American University of Armenia,Computer and Information Science,Master,Threat Intelligence,1,"Software Engineering, Hardware / Embedded, IT Support / Admin / ERP, DevOps / Cloud, Data / ML / AI, Security, QA / Testing, Technical Management, UX / Product Design"
American University of Armenia,Computer and Information Science,Master,Floorplanning,4,"Software Engineering, Hardware / Embedded, IT Support / Admin / ERP, DevOps / Cloud, Data / ML / AI, Security, QA / Testing, Technical Management, UX / Product Design"
American University of Armenia,Computer and Information Science,Master,Datadog,5,"Software Engineering, Hardware / Embedded, IT Support / Admin / ERP, DevOps / Cloud, Data / ML / AI, Security, QA / Testing, Technical Management, UX / Product Design"
American University of Armenia,Computer and Information Science,Master,Cisco,2,"Software Engineering, Hardware / Embedded, IT Support / Admin / ERP, DevOps / Cloud, Data / ML / AI, Security, QA / Testing, Technical Management, UX / Product Design"
American University of Armenia,Computer and Information Science,Master,Account Management,2,"Software Engineering, Hardware / Embedded, IT Support / Admin / ERP, DevOps / Cloud, Data / ML / AI, Security, QA / Testing, Technical Management, UX / Product Design"
American University of Armenia,Computer and Information Science,Master,Master Data Management,3,"Software Engineering, Hardware / Embedded, IT Support / Admin / ERP, DevOps / Cloud, Data / ML / AI, Security, QA / Testing, Technical Management, UX / Product Design"
American University of Armenia,Computer and Information Science,Master,3D Animation,1,"Software Engineering, Hardware / Embedded, IT Support / Admin / ERP, DevOps / Cloud, Data / ML / AI, Security, QA / Testing, Technical Management, UX / Product Design"
American University of Armenia,Computer and Information Science,Master,Angular,20,"Software Engineering, Hardware / Embedded, IT Support / Admin / ERP, DevOps / Cloud, Data / ML / AI, Security, QA / Testing, Technical Management, UX / Product Design"
American University of Armenia,Computer and Information Science,Master,ABAP Core Data Services,3,"Software Engineering, Hardware / Embedded, IT Support / Admin / ERP, DevOps / Cloud, Data / ML / AI, Security, QA / Testing, Technical Management, UX / Product Design"
American University of Armenia,Computer and Information Science,Master,Test Planning,6,"Software Engineering, Hardware / Embedded, IT Support / Admin / ERP, DevOps / Cloud, Data / ML / AI, Security, QA / Testing, Technical Management, UX / Product Design"
American University of Armenia,Computer and Information Science,Master,Cybersecurity,2,"Software Engineering, Hardware / Embedded, IT Support / Admin / ERP, DevOps / Cloud, Data / ML / AI, Security, QA / Testing, Technical Management, UX / Product Design"
American University of Armenia,Computer and Information Science,Master,Web Application Testing,5,"Software Engineering, Hardware / Embedded, IT Support / Admin / ERP, DevOps / Cloud, Data / ML / AI, Security, QA / Testing, Technical Management, UX / Product Design"
American University of Armenia,Computer and Information Science,Master,Bug Bounty Programs,1,"Software Engineering, Hardware / Embedded, IT Support / Admin / ERP, DevOps / Cloud, Data / ML / AI, Security, QA / Testing, Technical Management, UX / Product Design"
American University of Armenia,Computer and Information Science,Master,Compliance,4,"Software Engineering, Hardware / Embedded, IT Support / Admin / ERP, DevOps / Cloud, Data / ML / AI, Security, QA / Testing, Technical Management, UX / Product Design"
American University of Armenia,Computer and Information Science,Master,IT Governance,1,"Software Engineering, Hardware / Embedded, IT Support / Admin / ERP, DevOps / Cloud, Data / ML / AI, Security, QA / Testing, Technical Management, UX / Product Design"
American University of Armenia,Computer and Information Science,Master,Broadcast Equipment,2,"Software Engineering, Hardware / Embedded, IT Support / Admin / ERP, DevOps / Cloud, Data / ML / AI, Security, QA / Testing, Technical Management, UX / Product Design"
American University of Armenia,Computer and Information Science,Master,Hardware Troubleshooting,6,"Software Engineering, Hardware / Embedded, IT Support / Admin / ERP, DevOps / Cloud, Data / ML / AI, Security, QA / Testing, Technical Management, UX / Product Design"
American University of Armenia,Computer and Information Science,Master,Low-Latency Systems,2,"Software Engineering, Hardware / Embedded, IT Support / Admin / ERP, DevOps / Cloud, Data / ML / AI, Security, QA / Testing, Technical Management, UX / Product Design"
American University of Armenia,Computer and Information Science,Master,"GRC (Governance, Risk & Compliance)",1,"Software Engineering, Hardware / Embedded, IT Support / Admin / ERP, DevOps / Cloud, Data / ML / AI, Security, QA / Testing, Technical Management, UX / Product Design"
American University of Armenia,Computer and Information Science,Master,Formal Verification,5,"Software Engineering, Hardware / Embedded, IT Support / Admin / ERP, DevOps / Cloud, Data / ML / AI, Security, QA / Testing, Technical Management, UX / Product Design"
American University of Armenia,Computer and Information Science,Master,Verilog,2,"Software Engineering, Hardware / Embedded, IT Support / Admin / ERP, DevOps / Cloud, Data / ML / AI, Security, QA / Testing, Technical Management, UX / Product Design"
American University of Armenia,Computer and Information Science,Master,Retrieval-Augmented Generation,12,"Software Engineering, Hardware / Embedded, IT Support / Admin / ERP, DevOps / Cloud, Data / ML / AI, Security, QA / Testing, Technical Management, UX / Product Design"
American University of Armenia,Computer and Information Science,Master,SAP Configuration,8,"Software Engineering, Hardware / Embedded, IT Support / Admin / ERP, DevOps / Cloud, Data / ML / AI, Security, QA / Testing, Technical Management, UX / Product Design"
American University of Armenia,Computer and Information Science,Master,RTL Design,6,"Software Engineering, Hardware / Embedded, IT Support / Admin / ERP, DevOps / Cloud, Data / ML / AI, Security, QA / Testing, Technical Management, UX / Product Design"
American University of Armenia,Computer and Information Science,Master,Ansible,5,"Software Engineering, Hardware / Embedded, IT Support / Admin / ERP, DevOps / Cloud, Data / ML / AI, Security, QA / Testing, Technical Management, UX / Product Design"
American University of Armenia,Computer and Information Science,Master,Backend Development,25,"Software Engineering, Hardware / Embedded, IT Support / Admin / ERP, DevOps / Cloud, Data / ML / AI, Security, QA / Testing, Technical Management, UX / Product Design"
American University of Armenia,Computer and Information Science,Master,Tcl,15,"Software Engineering, Hardware / Embedded, IT Support / Admin / ERP, DevOps / Cloud, Data / ML / AI, Security, QA / Testing, Technical Management, UX / Product Design"
American University of Armenia,Computer and Information Science,Master,Mobile Application Design,1,"Software Engineering, Hardware / Embedded, IT Support / Admin / ERP, DevOps / Cloud, Data / ML / AI, Security, QA / Testing, Technical Management, UX / Product Design"
American University of Armenia,Computer and Information Science,Master,Selenium,11,"Software Engineering, Hardware / Embedded, IT Support / Admin / ERP, DevOps / Cloud, Data / ML / AI, Security, QA / Testing, Technical Management, UX / Product Design"
American University of Armenia,Computer and Information Science,Master,E-Commerce,1,"Software Engineering, Hardware / Embedded, IT Support / Admin / ERP, DevOps / Cloud, Data / ML / AI, Security, QA / Testing, Technical Management, UX / Product Design"
American University of Armenia,Computer and Information Science,Master,ASIC Design,13,"Software Engineering, Hardware / Embedded, IT Support / Admin / ERP, DevOps / Cloud, Data / ML / AI, Security, QA / Testing, Technical Management, UX / Product Design"
American University of Armenia,Computer and Information Science,Master,NGFW Firewalls,1,"Software Engineering, Hardware / Embedded, IT Support / Admin / ERP, DevOps / Cloud, Data / ML / AI, Security, QA / Testing, Technical Management, UX / Product Design"
American University of Armenia,Computer and Information Science,Master,Microsoft System Center Configuration Manager,1,"Software Engineering, Hardware / Embedded, IT Support / Admin / ERP, DevOps / Cloud, Data / ML / AI, Security, QA / Testing, Technical Management, UX / Product Design"
American University of Armenia,Computer and Information Science,Master,Privilege Escalation,1,"Software Engineering, Hardware / Embedded, IT Support / Admin / ERP, DevOps / Cloud, Data / ML / AI, Security, QA / Testing, Technical Management, UX / Product Design"
American University of Armenia,Computer and Information Science,Master,User Research,8,"Software Engineering, Hardware / Embedded, IT Support / Admin / ERP, DevOps / Cloud, Data / ML / AI, Security, QA / Testing, Technical Management, UX / Product Design"
American University of Armenia,Computer and Information Science,Master,Competitor Analysis,1,"Software Engineering, Hardware / Embedded, IT Support / Admin / ERP, DevOps / Cloud, Data / ML / AI, Security, QA / Testing, Technical Management, UX / Product Design"
American University of Armenia,Computer and Information Science,Master,DevOps,16,"Software Engineering, Hardware / Embedded, IT Support / Admin / ERP, DevOps / Cloud, Data / ML / AI, Security, QA / Testing, Technical Management, UX / Product Design"
American University of Armenia,Computer and Information Science,Master,Web and Mobile Design,1,"Software Engineering, Hardware / Embedded, IT Support / Admin / ERP, DevOps / Cloud, Data / ML / AI, Security, QA / Testing, Technical Management, UX / Product Design"
American University of Armenia,Computer and Information Science,Master,Jira,19,"Software Engineering, Hardware / Embedded, IT Support / Admin / ERP, DevOps / Cloud, Data / ML / AI, Security, QA / Testing, Technical Management, UX / Product Design"
American University of Armenia,Computer and Information Science,Master,Print Design,1,"Software Engineering, Hardware / Embedded, IT Support / Admin / ERP, DevOps / Cloud, Data / ML / AI, Security, QA / Testing, Technical Management, UX / Product Design"
American University of Armenia,Computer and Information Science,Master,TypeScript,78,"Software Engineering, Hardware / Embedded, IT Support / Admin / ERP, DevOps / Cloud, Data / ML / AI, Security, QA / Testing, Technical Management, UX / Product Design"
American University of Armenia,Computer and Information Science,Master,Functional Testing,7,"Software Engineering, Hardware / Embedded, IT Support / Admin / ERP, DevOps / Cloud, Data / ML / AI, Security, QA / Testing, Technical Management, UX / Product Design"
American University of Armenia,Computer and Information Science,Master,HTML5,8,"Software Engineering, Hardware / Embedded, IT Support / Admin / ERP, DevOps / Cloud, Data / ML / AI, Security, QA / Testing, Technical Management, UX / Product Design"
American University of Armenia,Computer and Information Science,Master,SAP Sales and Distribution,3,"Software Engineering, Hardware / Embedded, IT Support / Admin / ERP, DevOps / Cloud, Data / ML / AI, Security, QA / Testing, Technical Management, UX / Product Design"
American University of Armenia,Computer and Information Science,Master,Perl,7,"Software Engineering, Hardware / Embedded, IT Support / Admin / ERP, DevOps / Cloud, Data / ML / AI, Security, QA / Testing, Technical Management, UX / Product Design"
American University of Armenia,Computer and Information Science,Master,macOS,5,"Software Engineering, Hardware / Embedded, IT Support / Admin / ERP, DevOps / Cloud, Data / ML / AI, Security, QA / Testing, Technical Management, UX / Product Design"
American University of Armenia,Computer and Information Science,Master,Conversion Rate Optimization,2,"Software Engineering, Hardware / Embedded, IT Support / Admin / ERP, DevOps / Cloud, Data / ML / AI, Security, QA / Testing, Technical Management, UX / Product Design"
American University of Armenia,Computer and Information Science,Master,Data Center Infrastructure Management (DCIM),5,"Software Engineering, Hardware / Embedded, IT Support / Admin / ERP, DevOps / Cloud, Data / ML / AI, Security, QA / Testing, Technical Management, UX / Product Design"
American University of Armenia,Computer and Information Science,Master,UX Motion Design,1,"Software Engineering, Hardware / Embedded, IT Support / Admin / ERP, DevOps / Cloud, Data / ML / AI, Security, QA / Testing, Technical Management, UX / Product Design"
American University of Armenia,Computer and Information Science,Master,C#,38,"Software Engineering, Hardware / Embedded, IT Support / Admin / ERP, DevOps / Cloud, Data / ML / AI, Security, QA / Testing, Technical Management, UX / Product Design"
American University of Armenia,Computer and Information Science,Master,VLANs,2,"Software Engineering, Hardware / Embedded, IT Support / Admin / ERP, DevOps / Cloud, Data / ML / AI, Security, QA / Testing, Technical Management, UX / Product Design"
American University of Armenia,Computer and Information Science,Master,PHP,24,"Software Engineering, Hardware / Embedded, IT Support / Admin / ERP, DevOps / Cloud, Data / ML / AI, Security, QA / Testing, Technical Management, UX / Product Design"
American University of Armenia,Computer and Information Science,Master,Apache Airflow,10,"Software Engineering, Hardware / Embedded, IT Support / Admin / ERP, DevOps / Cloud, Data / ML / AI, Security, QA / Testing, Technical Management, UX / Product Design"
American University of Armenia,Computer and Information Science,Master,MongoDB,17,"Software Engineering, Hardware / Embedded, IT Support / Admin / ERP, DevOps / Cloud, Data / ML / AI, Security, QA / Testing, Technical Management, UX / Product Design"
American University of Armenia,Computer and Information Science,Master,Compliance Frameworks,1,"Software Engineering, Hardware / Embedded, IT Support / Admin / ERP, DevOps / Cloud, Data / ML / AI, Security, QA / Testing, Technical Management, UX / Product Design"
American University of Armenia,Computer and Information Science,Master,Telecommunications,2,"Software Engineering, Hardware / Embedded, IT Support / Admin / ERP, DevOps / Cloud, Data / ML / AI, Security, QA / Testing, Technical Management, UX / Product Design"
American University of Armenia,Computer and Information Science,Master,Vulnerability Assessment,3,"Software Engineering, Hardware / Embedded, IT Support / Admin / ERP, DevOps / Cloud, Data / ML / AI, Security, QA / Testing, Technical Management, UX / Product Design"
American University of Armenia,Computer and Information Science,Master,EM/IR Analysis,4,"Software Engineering, Hardware / Embedded, IT Support / Admin / ERP, DevOps / Cloud, Data / ML / AI, Security, QA / Testing, Technical Management, UX / Product Design"
American University of Armenia,Computer and Information Science,Master,Cadence Virtuoso,3,"Software Engineering, Hardware / Embedded, IT Support / Admin / ERP, DevOps / Cloud, Data / ML / AI, Security, QA / Testing, Technical Management, UX / Product Design"
American University of Armenia,Computer and Information Science,Master,PostgreSQL,52,"Software Engineering, Hardware / Embedded, IT Support / Admin / ERP, DevOps / Cloud, Data / ML / AI, Security, QA / Testing, Technical Management, UX / Product Design"
American University of Armenia,Computer and Information Science,Master,Signal Integrity,3,"Software Engineering, Hardware / Embedded, IT Support / Admin / ERP, DevOps / Cloud, Data / ML / AI, Security, QA / Testing, Technical Management, UX / Product Design"
American University of Armenia,Computer and Information Science,Master,UI Testing,4,"Software Engineering, Hardware / Embedded, IT Support / Admin / ERP, DevOps / Cloud, Data / ML / AI, Security, QA / Testing, Technical Management, UX / Product Design"
American University of Armenia,Computer and Information Science,Master,JavaScript,79,"Software Engineering, Hardware / Embedded, IT Support / Admin / ERP, DevOps / Cloud, Data / ML / AI, Security, QA / Testing, Technical Management, UX / Product Design"
American University of Armenia,Computer and Information Science,Master,Access Control,4,"Software Engineering, Hardware / Embedded, IT Support / Admin / ERP, DevOps / Cloud, Data / ML / AI, Security, QA / Testing, Technical Management, UX / Product Design"
American University of Armenia,Computer and Information Science,Master,Cypress,6,"Software Engineering, Hardware / Embedded, IT Support / Admin / ERP, DevOps / Cloud, Data / ML / AI, Security, QA / Testing, Technical Management, UX / Product Design"
American University of Armenia,Computer and Information Science,Master,Graphic Design,2,"Software Engineering, Hardware / Embedded, IT Support / Admin / ERP, DevOps / Cloud, Data / ML / AI, Security, QA / Testing, Technical Management, UX / Product Design"
American University of Armenia,Computer and Information Science,Master,MLOps,13,"Software Engineering, Hardware / Embedded, IT Support / Admin / ERP, DevOps / Cloud, Data / ML / AI, Security, QA / Testing, Technical Management, UX / Product Design"
American University of Armenia,Computer and Information Science,Master,Okta API Access Management,1,"Software Engineering, Hardware / Embedded, IT Support / Admin / ERP, DevOps / Cloud, Data / ML / AI, Security, QA / Testing, Technical Management, UX / Product Design"
American University of Armenia,Computer and Information Science,Master,Go,27,"Software Engineering, Hardware / Embedded, IT Support / Admin / ERP, DevOps / Cloud, Data / ML / AI, Security, QA / Testing, Technical Management, UX / Product Design"
American University of Armenia,Computer and Information Science,Master,Secure Architecture Design,1,"Software Engineering, Hardware / Embedded, IT Support / Admin / ERP, DevOps / Cloud, Data / ML / AI, Security, QA / Testing, Technical Management, UX / Product Design"
American University of Armenia,Computer and Information Science,Master,Social Media Design,1,"Software Engineering, Hardware / Embedded, IT Support / Admin / ERP, DevOps / Cloud, Data / ML / AI, Security, QA / Testing, Technical Management, UX / Product Design"
American University of Armenia,Computer and Information Science,Master,Observability,5,"Software Engineering, Hardware / Embedded, IT Support / Admin / ERP, DevOps / Cloud, Data / ML / AI, Security, QA / Testing, Technical Management, UX / Product Design"
American University of Armenia,Computer and Information Science,Master,Azure Virtual Desktop,1,"Software Engineering, Hardware / Embedded, IT Support / Admin / ERP, DevOps / Cloud, Data / ML / AI, Security, QA / Testing, Technical Management, UX / Product Design"
American University of Armenia,Computer and Information Science,Master,Redis,19,"Software Engineering, Hardware / Embedded, IT Support / Admin / ERP, DevOps / Cloud, Data / ML / AI, Security, QA / Testing, Technical Management, UX / Product Design"
American University of Armenia,Computer and Information Science,Master,PrimeTime,4,"Software Engineering, Hardware / Embedded, IT Support / Admin / ERP, DevOps / Cloud, Data / ML / AI, Security, QA / Testing, Technical Management, UX / Product Design"
American University of Armenia,Computer and Information Science,Master,Software Testing,8,"Software Engineering, Hardware / Embedded, IT Support / Admin / ERP, DevOps / Cloud, Data / ML / AI, Security, QA / Testing, Technical Management, UX / Product Design"
American University of Armenia,Computer and Information Science,Master,FastAPI,9,"Software Engineering, Hardware / Embedded, IT Support / Admin / ERP, DevOps / Cloud, Data / ML / AI, Security, QA / Testing, Technical Management, UX / Product Design"
American University of Armenia,Computer and Information Science,Master,Zabbix,5,"Software Engineering, Hardware / Embedded, IT Support / Admin / ERP, DevOps / Cloud, Data / ML / AI, Security, QA / Testing, Technical Management, UX / Product Design"
American University of Armenia,Computer and Information Science,Master,Postman,14,"Software Engineering, Hardware / Embedded, IT Support / Admin / ERP, DevOps / Cloud, Data / ML / AI, Security, QA / Testing, Technical Management, UX / Product Design"
American University of Armenia,Computer and Information Science,Master,Audio-Visual (AV) Infrastructure,2,"Software Engineering, Hardware / Embedded, IT Support / Admin / ERP, DevOps / Cloud, Data / ML / AI, Security, QA / Testing, Technical Management, UX / Product Design"
American University of Armenia,Computer and Information Science,Master,Static Application Security Testing,1,"Software Engineering, Hardware / Embedded, IT Support / Admin / ERP, DevOps / Cloud, Data / ML / AI, Security, QA / Testing, Technical Management, UX / Product Design"
American University of Armenia,Computer and Information Science,Master,Test Pattern Generation,3,"Software Engineering, Hardware / Embedded, IT Support / Admin / ERP, DevOps / Cloud, Data / ML / AI, Security, QA / Testing, Technical Management, UX / Product Design"
American University of Armenia,Computer and Information Science,Master,Product Analytics,7,"Software Engineering, Hardware / Embedded, IT Support / Admin / ERP, DevOps / Cloud, Data / ML / AI, Security, QA / Testing, Technical Management, UX / Product Design"
American University of Armenia,Computer and Information Science,Master,Cable Installation,3,"Software Engineering, Hardware / Embedded, IT Support / Admin / ERP, DevOps / Cloud, Data / ML / AI, Security, QA / Testing, Technical Management, UX / Product Design"
American University of Armenia,Computer and Information Science,Master,Place and Route,3,"Software Engineering, Hardware / Embedded, IT Support / Admin / ERP, DevOps / Cloud, Data / ML / AI, Security, QA / Testing, Technical Management, UX / Product Design"
American University of Armenia,Computer and Information Science,Master,System Testing,2,"Software Engineering, Hardware / Embedded, IT Support / Admin / ERP, DevOps / Cloud, Data / ML / AI, Security, QA / Testing, Technical Management, UX / Product Design"
American University of Armenia,Computer and Information Science,Master,CI/CD Pipelines,5,"Software Engineering, Hardware / Embedded, IT Support / Admin / ERP, DevOps / Cloud, Data / ML / AI, Security, QA / Testing, Technical Management, UX / Product Design"
American University of Armenia,Computer and Information Science,Master,React,60,"Software Engineering, Hardware / Embedded, IT Support / Admin / ERP, DevOps / Cloud, Data / ML / AI, Security, QA / Testing, Technical Management, UX / Product Design"
American University of Armenia,Computer and Information Science,Master,SAP HANA,6,"Software Engineering, Hardware / Embedded, IT Support / Admin / ERP, DevOps / Cloud, Data / ML / AI, Security, QA / Testing, Technical Management, UX / Product Design"
American University of Armenia,Computer and Information Science,Master,TensorFlow,6,"Software Engineering, Hardware / Embedded, IT Support / Admin / ERP, DevOps / Cloud, Data / ML / AI, Security, QA / Testing, Technical Management, UX / Product Design"
American University of Armenia,Computer and Information Science,Master,Kotlin,14,"Software Engineering, Hardware / Embedded, IT Support / Admin / ERP, DevOps / Cloud, Data / ML / AI, Security, QA / Testing, Technical Management, UX / Product Design"
American University of Armenia,Computer and Information Science,Master,Regression Testing,11,"Software Engineering, Hardware / Embedded, IT Support / Admin / ERP, DevOps / Cloud, Data / ML / AI, Security, QA / Testing, Technical Management, UX / Product Design"
American University of Armenia,Computer and Information Science,Master,Landing Page Development,2,"Software Engineering, Hardware / Embedded, IT Support / Admin / ERP, DevOps / Cloud, Data / ML / AI, Security, QA / Testing, Technical Management, UX / Product Design"
American University of Armenia,Computer and Information Science,Master,Gate-Level Netlist Synthesis,2,"Software Engineering, Hardware / Embedded, IT Support / Admin / ERP, DevOps / Cloud, Data / ML / AI, Security, QA / Testing, Technical Management, UX / Product Design"
American University of Armenia,Computer and Information Science,Master,Confluence,6,"Software Engineering, Hardware / Embedded, IT Support / Admin / ERP, DevOps / Cloud, Data / ML / AI, Security, QA / Testing, Technical Management, UX / Product Design"
American University of Armenia,Computer and Information Science,Master,Midjourney,1,"Software Engineering, Hardware / Embedded, IT Support / Admin / ERP, DevOps / Cloud, Data / ML / AI, Security, QA / Testing, Technical Management, UX / Product Design"
American University of Armenia,Computer and Information Science,Master,Software Bill of Materials,1,"Software Engineering, Hardware / Embedded, IT Support / Admin / ERP, DevOps / Cloud, Data / ML / AI, Security, QA / Testing, Technical Management, UX / Product Design"
American University of Armenia,Computer and Information Science,Master,Infrastructure as Code,10,"Software Engineering, Hardware / Embedded, IT Support / Admin / ERP, DevOps / Cloud, Data / ML / AI, Security, QA / Testing, Technical Management, UX / Product Design"
American University of Armenia,Computer and Information Science,Master,SAP Controlling,3,"Software Engineering, Hardware / Embedded, IT Support / Admin / ERP, DevOps / Cloud, Data / ML / AI, Security, QA / Testing, Technical Management, UX / Product Design"
American University of Armenia,Computer and Information Science,Master,Java,43,"Software Engineering, Hardware / Embedded, IT Support / Admin / ERP, DevOps / Cloud, Data / ML / AI, Security, QA / Testing, Technical Management, UX / Product Design"
American University of Armenia,Computer and Information Science,Master,Git,52,"Software Engineering, Hardware / Embedded, IT Support / Admin / ERP, DevOps / Cloud, Data / ML / AI, Security, QA / Testing, Technical Management, UX / Product Design"
American University of Armenia,Computer and Information Science,Master,GitHub Actions,11,"Software Engineering, Hardware / Embedded, IT Support / Admin / ERP, DevOps / Cloud, Data / ML / AI, Security, QA / Testing, Technical Management, UX / Product Design"
American University of Armenia,Computer and Information Science,Master,Kali Linux,1,"Software Engineering, Hardware / Embedded, IT Support / Admin / ERP, DevOps / Cloud, Data / ML / AI, Security, QA / Testing, Technical Management, UX / Product Design"
American University of Armenia,Computer and Information Science,Master,Static Timing Analysis,13,"Software Engineering, Hardware / Embedded, IT Support / Admin / ERP, DevOps / Cloud, Data / ML / AI, Security, QA / Testing, Technical Management, UX / Product Design"
American University of Armenia,Computer and Information Science,Master,Software Troubleshooting,3,"Software Engineering, Hardware / Embedded, IT Support / Admin / ERP, DevOps / Cloud, Data / ML / AI, Security, QA / Testing, Technical Management, UX / Product Design"
American University of Armenia,Data Science,Bachelor,FastAPI,8,Data / ML / AI
American University of Armenia,Data Science,Bachelor,A/B Testing,18,Data / ML / AI
American University of Armenia,Data Science,Bachelor,Tableau,8,Data / ML / AI
American University of Armenia,Data Science,Bachelor,PyTorch,8,Data / ML / AI
American University of Armenia,Data Science,Bachelor,Apache Airflow,6,Data / ML / AI
American University of Armenia,Data Science,Bachelor,AWS,14,Data / ML / AI
American University of Armenia,Data Science,Bachelor,Retrieval-Augmented Generation,11,Data / ML / AI
American University of Armenia,Data Science,Bachelor,Power BI,11,Data / ML / AI
American University of Armenia,Data Science,Bachelor,TensorFlow,6,Data / ML / AI
American University of Armenia,Data Science,Bachelor,Databricks,6,Data / ML / AI
American University of Armenia,Data Science,Bachelor,REST APIs,7,Data / ML / AI
American University of Armenia,Data Science,Bachelor,Docker,7,Data / ML / AI
American University of Armenia,Data Science,Bachelor,Apache Spark,6,Data / ML / AI
American University of Armenia,Industrial Engineering and Systems Management,Master,Microservices,4,"IT Support / Admin / ERP, Technical Management"
American University of Armenia,Industrial Engineering and Systems Management,Master,Microsoft Azure,4,"IT Support / Admin / ERP, Technical Management"
American University of Armenia,Industrial Engineering and Systems Management,Master,Kubernetes,5,"IT Support / Admin / ERP, Technical Management"
American University of Armenia,Industrial Engineering and Systems Management,Master,Postman,4,"IT Support / Admin / ERP, Technical Management"
American University of Armenia,Industrial Engineering and Systems Management,Master,SAP Sales and Distribution,3,"IT Support / Admin / ERP, Technical Management"
American University of Armenia,Industrial Engineering and Systems Management,Master,macOS,3,"IT Support / Admin / ERP, Technical Management"
American University of Armenia,Industrial Engineering and Systems Management,Master,Hardware Troubleshooting,5,"IT Support / Admin / ERP, Technical Management"
American University of Armenia,Industrial Engineering and Systems Management,Master,Artificial Intelligence,3,"IT Support / Admin / ERP, Technical Management"
American University of Armenia,Industrial Engineering and Systems Management,Master,Solution Architecture,4,"IT Support / Admin / ERP, Technical Management"
American University of Armenia,Industrial Engineering and Systems Management,Master,PHP,5,"IT Support / Admin / ERP, Technical Management"
American University of Armenia,Industrial Engineering and Systems Management,Master,Scrum,6,"IT Support / Admin / ERP, Technical Management"
American University of Armenia,Industrial Engineering and Systems Management,Master,Operating System Support,3,"IT Support / Admin / ERP, Technical Management"
American University of Armenia,Industrial Engineering and Systems Management,Master,Node.js,4,"IT Support / Admin / ERP, Technical Management"
American University of Armenia,Industrial Engineering and Systems Management,Master,React,4,"IT Support / Admin / ERP, Technical Management"
American University of Armenia,Industrial Engineering and Systems Management,Master,MongoDB,4,"IT Support / Admin / ERP, Technical Management"
American University of Armenia,Industrial Engineering and Systems Management,Master,Technical Support,3,"IT Support / Admin / ERP, Technical Management"
American University of Armenia,Industrial Engineering and Systems Management,Master,AWS,9,"IT Support / Admin / ERP, Technical Management"
American University of Armenia,Industrial Engineering and Systems Management,Master,SAP HANA Calculation Views,3,"IT Support / Admin / ERP, Technical Management"
American University of Armenia,Industrial Engineering and Systems Management,Master,Prompt Engineering,4,"IT Support / Admin / ERP, Technical Management"
American University of Armenia,Industrial Engineering and Systems Management,Master,SAP HANA,3,"IT Support / Admin / ERP, Technical Management"
American University of Armenia,Industrial Engineering and Systems Management,Master,.NET,4,"IT Support / Admin / ERP, Technical Management"
American University of Armenia,Industrial Engineering and Systems Management,Master,Large Language Models,4,"IT Support / Admin / ERP, Technical Management"
American University of Armenia,Industrial Engineering and Systems Management,Master,SAP Financial Accounting,3,"IT Support / Admin / ERP, Technical Management"
American University of Armenia,Industrial Engineering and Systems Management,Master,SAP Configuration,8,"IT Support / Admin / ERP, Technical Management"
American University of Armenia,Industrial Engineering and Systems Management,Master,SAP Logistics,6,"IT Support / Admin / ERP, Technical Management"
American University of Armenia,Industrial Engineering and Systems Management,Master,REST APIs,7,"IT Support / Admin / ERP, Technical Management"
American University of Armenia,Industrial Engineering and Systems Management,Master,Help Desk Software,3,"IT Support / Admin / ERP, Technical Management"
American University of Armenia,Industrial Engineering and Systems Management,Master,Agile,10,"IT Support / Admin / ERP, Technical Management"
American University of Armenia,Industrial Engineering and Systems Management,Master,Python,14,"IT Support / Admin / ERP, Technical Management"
American University of Armenia,Industrial Engineering and Systems Management,Master,ABAP,4,"IT Support / Admin / ERP, Technical Management"
American University of Armenia,Industrial Engineering and Systems Management,Master,SAP Materials Management,4,"IT Support / Admin / ERP, Technical Management"
American University of Armenia,Industrial Engineering and Systems Management,Master,Windows OS,6,"IT Support / Admin / ERP, Technical Management"
American University of Armenia,Industrial Engineering and Systems Management,Master,Active Directory,3,"IT Support / Admin / ERP, Technical Management"
American University of Armenia,Industrial Engineering and Systems Management,Master,Database Support,3,"IT Support / Admin / ERP, Technical Management"
American University of Armenia,Industrial Engineering and Systems Management,Master,SAP FICO,6,"IT Support / Admin / ERP, Technical Management"
American University of Armenia,Industrial Engineering and Systems Management,Master,Cloud Platforms,5,"IT Support / Admin / ERP, Technical Management"
American University of Armenia,Industrial Engineering and Systems Management,Master,Confluence,5,"IT Support / Admin / ERP, Technical Management"
American University of Armenia,Industrial Engineering and Systems Management,Master,Generative AI,3,"IT Support / Admin / ERP, Technical Management"
American University of Armenia,Industrial Engineering and Systems Management,Master,Distributed Systems,5,"IT Support / Admin / ERP, Technical Management"
American University of Armenia,Industrial Engineering and Systems Management,Master,SAP Controlling,3,"IT Support / Admin / ERP, Technical Management"
American University of Armenia,Industrial Engineering and Systems Management,Master,SAP S/4HANA,11,"IT Support / Admin / ERP, Technical Management"
American University of Armenia,Industrial Engineering and Systems Management,Master,Project Based Learning,3,"IT Support / Admin / ERP, Technical Management"
American University of Armenia,Industrial Engineering and Systems Management,Master,Linux,5,"IT Support / Admin / ERP, Technical Management"
American University of Armenia,Industrial Engineering and Systems Management,Master,Go,3,"IT Support / Admin / ERP, Technical Management"
American University of Armenia,Industrial Engineering and Systems Management,Master,Microsoft Project,3,"IT Support / Admin / ERP, Technical Management"
American University of Armenia,Industrial Engineering and Systems Management,Master,Java,4,"IT Support / Admin / ERP, Technical Management"
American University of Armenia,Industrial Engineering and Systems Management,Master,SAP Retail,3,"IT Support / Admin / ERP, Technical Management"
American University of Armenia,Industrial Engineering and Systems Management,Master,LDAP,3,"IT Support / Admin / ERP, Technical Management"
American University of Armenia,Industrial Engineering and Systems Management,Master,Jira,8,"IT Support / Admin / ERP, Technical Management"
American University of Armenia,Industrial Engineering and Systems Management,Master,API Integration,5,"IT Support / Admin / ERP, Technical Management"
American University of Armenia,Industrial Engineering and Systems Management,Master,TypeScript,4,"IT Support / Admin / ERP, Technical Management"
American University of Armenia,Industrial Engineering and Systems Management,Master,Network Troubleshooting,4,"IT Support / Admin / ERP, Technical Management"
American University of Armenia,Industrial Engineering and Systems Management,Master,IT Infrastructure,3,"IT Support / Admin / ERP, Technical Management"
American University of Armenia,Industrial Engineering and Systems Management,Master,Google Workspace,3,"IT Support / Admin / ERP, Technical Management"
American University of Armenia,Industrial Engineering and Systems Management,Master,Redis,4,"IT Support / Admin / ERP, Technical Management"
American University of Armenia,Industrial Engineering and Systems Management,Master,Microsoft Office,4,"IT Support / Admin / ERP, Technical Management"
American University of Armenia,Industrial Engineering and Systems Management,Master,Master Data Management,3,"IT Support / Admin / ERP, Technical Management"
American University of Armenia,Industrial Engineering and Systems Management,Master,Software Troubleshooting,3,"IT Support / Admin / ERP, Technical Management"
American University of Armenia,Industrial Engineering and Systems Management,Master,Curriculum Development,3,"IT Support / Admin / ERP, Technical Management"
American University of Armenia,Industrial Engineering and Systems Management,Master,Full-Stack Development,5,"IT Support / Admin / ERP, Technical Management"
American University of Armenia,Industrial Engineering and Systems Management,Master,ABAP Core Data Services,3,"IT Support / Admin / ERP, Technical Management"
American University of Armenia,Industrial Engineering and Systems Management,Master,Incident Management,3,"IT Support / Admin / ERP, Technical Management"
Armenian State Pedagogical University,Informatics,Bachelor,Microservices,36,"Software Engineering, IT Support / Admin / ERP"
Armenian State Pedagogical University,Informatics,Bachelor,Kubernetes,16,"Software Engineering, IT Support / Admin / ERP"
Armenian State Pedagogical University,Informatics,Bachelor,SAP Sales and Distribution,3,"Software Engineering, IT Support / Admin / ERP"
Armenian State Pedagogical University,Informatics,Bachelor,macOS,4,"Software Engineering, IT Support / Admin / ERP"
Armenian State Pedagogical University,Informatics,Bachelor,C#,33,"Software Engineering, IT Support / Admin / ERP"
Armenian State Pedagogical University,Informatics,Bachelor,PHP,20,"Software Engineering, IT Support / Admin / ERP"
Armenian State Pedagogical University,Informatics,Bachelor,CI/CD,27,"Software Engineering, IT Support / Admin / ERP"
Armenian State Pedagogical University,Informatics,Bachelor,.NET,21,"Software Engineering, IT Support / Admin / ERP"
Armenian State Pedagogical University,Informatics,Bachelor,SAP Logistics,6,"Software Engineering, IT Support / Admin / ERP"
Armenian State Pedagogical University,Informatics,Bachelor,SAP FICO,6,"Software Engineering, IT Support / Admin / ERP"
Armenian State Pedagogical University,Informatics,Bachelor,Distributed Systems,24,"Software Engineering, IT Support / Admin / ERP"
Armenian State Pedagogical University,Informatics,Bachelor,Project Based Learning,4,"Software Engineering, IT Support / Admin / ERP"
Armenian State Pedagogical University,Informatics,Bachelor,Go,21,"Software Engineering, IT Support / Admin / ERP"
Armenian State Pedagogical University,Informatics,Bachelor,LDAP,3,"Software Engineering, IT Support / Admin / ERP"
Armenian State Pedagogical University,Informatics,Bachelor,Redis,14,"Software Engineering, IT Support / Admin / ERP"
Armenian State Pedagogical University,Informatics,Bachelor,Google Workspace,4,"Software Engineering, IT Support / Admin / ERP"
Armenian State Pedagogical University,Informatics,Bachelor,Microsoft Office,4,"Software Engineering, IT Support / Admin / ERP"
Armenian State Pedagogical University,Informatics,Bachelor,Master Data Management,3,"Software Engineering, IT Support / Admin / ERP"
Armenian State Pedagogical University,Informatics,Bachelor,Angular,18,"Software Engineering, IT Support / Admin / ERP"
Armenian State Pedagogical University,Informatics,Bachelor,ABAP Core Data Services,3,"Software Engineering, IT Support / Admin / ERP"
Armenian State Pedagogical University,Informatics,Bachelor,Incident Management,4,"Software Engineering, IT Support / Admin / ERP"
Armenian State Pedagogical University,Informatics,Bachelor,Apache Kafka,17,"Software Engineering, IT Support / Admin / ERP"
Armenian State Pedagogical University,Informatics,Bachelor,Hardware Troubleshooting,5,"Software Engineering, IT Support / Admin / ERP"
Armenian State Pedagogical University,Informatics,Bachelor,ASP.NET Core,18,"Software Engineering, IT Support / Admin / ERP"
Armenian State Pedagogical University,Informatics,Bachelor,Node.js,47,"Software Engineering, IT Support / Admin / ERP"
Armenian State Pedagogical University,Informatics,Bachelor,React,55,"Software Engineering, IT Support / Admin / ERP"
Armenian State Pedagogical University,Informatics,Bachelor,Technical Support,3,"Software Engineering, IT Support / Admin / ERP"
Armenian State Pedagogical University,Informatics,Bachelor,AWS,32,"Software Engineering, IT Support / Admin / ERP"
Armenian State Pedagogical University,Informatics,Bachelor,SAP HANA Calculation Views,3,"Software Engineering, IT Support / Admin / ERP"
Armenian State Pedagogical University,Informatics,Bachelor,SAP HANA,6,"Software Engineering, IT Support / Admin / ERP"
Armenian State Pedagogical University,Informatics,Bachelor,SAP Financial Accounting,3,"Software Engineering, IT Support / Admin / ERP"
Armenian State Pedagogical University,Informatics,Bachelor,SAP Configuration,8,"Software Engineering, IT Support / Admin / ERP"
Armenian State Pedagogical University,Informatics,Bachelor,Help Desk Software,3,"Software Engineering, IT Support / Admin / ERP"
Armenian State Pedagogical University,Informatics,Bachelor,Docker,29,"Software Engineering, IT Support / Admin / ERP"
Armenian State Pedagogical University,Informatics,Bachelor,Backend Development,21,"Software Engineering, IT Support / Admin / ERP"
Armenian State Pedagogical University,Informatics,Bachelor,Next.js,14,"Software Engineering, IT Support / Admin / ERP"
Armenian State Pedagogical University,Informatics,Bachelor,ABAP,7,"Software Engineering, IT Support / Admin / ERP"
Armenian State Pedagogical University,Informatics,Bachelor,SAP Materials Management,4,"Software Engineering, IT Support / Admin / ERP"
Armenian State Pedagogical University,Informatics,Bachelor,Active Directory,3,"Software Engineering, IT Support / Admin / ERP"
Armenian State Pedagogical University,Informatics,Bachelor,C++,18,"Software Engineering, IT Support / Admin / ERP"
Armenian State Pedagogical University,Informatics,Bachelor,SAP Controlling,3,"Software Engineering, IT Support / Admin / ERP"
Armenian State Pedagogical University,Informatics,Bachelor,SAP S/4HANA,14,"Software Engineering, IT Support / Admin / ERP"
Armenian State Pedagogical University,Informatics,Bachelor,Java,27,"Software Engineering, IT Support / Admin / ERP"
Armenian State Pedagogical University,Informatics,Bachelor,SAP Retail,3,"Software Engineering, IT Support / Admin / ERP"
Armenian State Pedagogical University,Informatics,Bachelor,Jira,6,"Software Engineering, IT Support / Admin / ERP"
Armenian State Pedagogical University,Informatics,Bachelor,TypeScript,58,"Software Engineering, IT Support / Admin / ERP"
Armenian State Pedagogical University,Informatics,Bachelor,Network Troubleshooting,3,"Software Engineering, IT Support / Admin / ERP"
Armenian State Pedagogical University,Informatics,Bachelor,IT Infrastructure,3,"Software Engineering, IT Support / Admin / ERP"
Armenian State Pedagogical University,Informatics,Bachelor,Curriculum Development,3,"Software Engineering, IT Support / Admin / ERP"
Armenian State Pedagogical University,Informatics,Master,Microservices,36,"IT Support / Admin / ERP, Software Engineering"
Armenian State Pedagogical University,Informatics,Master,CSS,21,"IT Support / Admin / ERP, Software Engineering"
Armenian State Pedagogical University,Informatics,Master,Kubernetes,16,"IT Support / Admin / ERP, Software Engineering"
Armenian State Pedagogical University,Informatics,Master,SAP Sales and Distribution,3,"IT Support / Admin / ERP, Software Engineering"
Armenian State Pedagogical University,Informatics,Master,Apache Kafka,17,"IT Support / Admin / ERP, Software Engineering"
Armenian State Pedagogical University,Informatics,Master,macOS,4,"IT Support / Admin / ERP, Software Engineering"
Armenian State Pedagogical University,Informatics,Master,Hardware Troubleshooting,5,"IT Support / Admin / ERP, Software Engineering"
Armenian State Pedagogical University,Informatics,Master,C#,33,"IT Support / Admin / ERP, Software Engineering"
Armenian State Pedagogical University,Informatics,Master,HTML,13,"IT Support / Admin / ERP, Software Engineering"
Armenian State Pedagogical University,Informatics,Master,SQL,37,"IT Support / Admin / ERP, Software Engineering"
Armenian State Pedagogical University,Informatics,Master,MySQL,25,"IT Support / Admin / ERP, Software Engineering"
Armenian State Pedagogical University,Informatics,Master,ASP.NET Core,18,"IT Support / Admin / ERP, Software Engineering"
Armenian State Pedagogical University,Informatics,Master,PHP,20,"IT Support / Admin / ERP, Software Engineering"
Armenian State Pedagogical University,Informatics,Master,CI/CD,27,"IT Support / Admin / ERP, Software Engineering"
Armenian State Pedagogical University,Informatics,Master,Node.js,47,"IT Support / Admin / ERP, Software Engineering"
Armenian State Pedagogical University,Informatics,Master,React,55,"IT Support / Admin / ERP, Software Engineering"
Armenian State Pedagogical University,Informatics,Master,Technical Support,3,"IT Support / Admin / ERP, Software Engineering"
Armenian State Pedagogical University,Informatics,Master,AWS,32,"IT Support / Admin / ERP, Software Engineering"
Armenian State Pedagogical University,Informatics,Master,SAP HANA Calculation Views,3,"IT Support / Admin / ERP, Software Engineering"
Armenian State Pedagogical University,Informatics,Master,SAP HANA,6,"IT Support / Admin / ERP, Software Engineering"
Armenian State Pedagogical University,Informatics,Master,.NET,21,"IT Support / Admin / ERP, Software Engineering"
Armenian State Pedagogical University,Informatics,Master,SAP Financial Accounting,3,"IT Support / Admin / ERP, Software Engineering"
Armenian State Pedagogical University,Informatics,Master,SAP Configuration,8,"IT Support / Admin / ERP, Software Engineering"
Armenian State Pedagogical University,Informatics,Master,Angular,18,"IT Support / Admin / ERP, Software Engineering"
Armenian State Pedagogical University,Informatics,Master,SAP Logistics,6,"IT Support / Admin / ERP, Software Engineering"
Armenian State Pedagogical University,Informatics,Master,REST APIs,98,"IT Support / Admin / ERP, Software Engineering"
Armenian State Pedagogical University,Informatics,Master,Help Desk Software,3,"IT Support / Admin / ERP, Software Engineering"
Armenian State Pedagogical University,Informatics,Master,PostgreSQL,35,"IT Support / Admin / ERP, Software Engineering"
Armenian State Pedagogical University,Informatics,Master,Docker,29,"IT Support / Admin / ERP, Software Engineering"
Armenian State Pedagogical University,Informatics,Master,Backend Development,21,"IT Support / Admin / ERP, Software Engineering"
Armenian State Pedagogical University,Informatics,Master,Next.js,14,"IT Support / Admin / ERP, Software Engineering"
Armenian State Pedagogical University,Informatics,Master,Python,49,"IT Support / Admin / ERP, Software Engineering"
Armenian State Pedagogical University,Informatics,Master,ABAP,7,"IT Support / Admin / ERP, Software Engineering"
Armenian State Pedagogical University,Informatics,Master,SAP Materials Management,4,"IT Support / Admin / ERP, Software Engineering"
Armenian State Pedagogical University,Informatics,Master,Active Directory,3,"IT Support / Admin / ERP, Software Engineering"
Armenian State Pedagogical University,Informatics,Master,Database Support,3,"IT Support / Admin / ERP, Software Engineering"
Armenian State Pedagogical University,Informatics,Master,SAP FICO,6,"IT Support / Admin / ERP, Software Engineering"
Armenian State Pedagogical University,Informatics,Master,JavaScript,67,"IT Support / Admin / ERP, Software Engineering"
Armenian State Pedagogical University,Informatics,Master,C++,18,"IT Support / Admin / ERP, Software Engineering"
Armenian State Pedagogical University,Informatics,Master,SAP Controlling,3,"IT Support / Admin / ERP, Software Engineering"
Armenian State Pedagogical University,Informatics,Master,SAP S/4HANA,14,"IT Support / Admin / ERP, Software Engineering"
Armenian State Pedagogical University,Informatics,Master,Project Based Learning,4,"IT Support / Admin / ERP, Software Engineering"
Armenian State Pedagogical University,Informatics,Master,Go,21,"IT Support / Admin / ERP, Software Engineering"
Armenian State Pedagogical University,Informatics,Master,SAP Retail,3,"IT Support / Admin / ERP, Software Engineering"
Armenian State Pedagogical University,Informatics,Master,LDAP,3,"IT Support / Admin / ERP, Software Engineering"
Armenian State Pedagogical University,Informatics,Master,Jira,6,"IT Support / Admin / ERP, Software Engineering"
Armenian State Pedagogical University,Informatics,Master,API Integration,6,"IT Support / Admin / ERP, Software Engineering"
Armenian State Pedagogical University,Informatics,Master,TypeScript,58,"IT Support / Admin / ERP, Software Engineering"
Armenian State Pedagogical University,Informatics,Master,Network Troubleshooting,3,"IT Support / Admin / ERP, Software Engineering"
Armenian State Pedagogical University,Informatics,Master,IT Infrastructure,3,"IT Support / Admin / ERP, Software Engineering"
Armenian State Pedagogical University,Informatics,Master,Google Workspace,4,"IT Support / Admin / ERP, Software Engineering"
Armenian State Pedagogical University,Informatics,Master,Redis,14,"IT Support / Admin / ERP, Software Engineering"
Armenian State Pedagogical University,Informatics,Master,Microsoft Office,4,"IT Support / Admin / ERP, Software Engineering"
Armenian State Pedagogical University,Informatics,Master,Master Data Management,3,"IT Support / Admin / ERP, Software Engineering"
Armenian State Pedagogical University,Informatics,Master,Microsoft SQL Server,18,"IT Support / Admin / ERP, Software Engineering"
Armenian State Pedagogical University,Informatics,Master,Curriculum Development,3,"IT Support / Admin / ERP, Software Engineering"
Armenian State Pedagogical University,Informatics,Master,ABAP Core Data Services,3,"IT Support / Admin / ERP, Software Engineering"
Armenian State Pedagogical University,Informatics,Master,Incident Management,4,"IT Support / Admin / ERP, Software Engineering"
Armenian State University of Economics,Applied Statistics and Data Science,Master,FastAPI,8,Data / ML / AI
Armenian State University of Economics,Applied Statistics and Data Science,Master,ETL,13,Data / ML / AI
Armenian State University of Economics,Applied Statistics and Data Science,Master,Dashboard Development,9,Data / ML / AI
Armenian State University of Economics,Applied Statistics and Data Science,Master,A/B Testing,18,Data / ML / AI
Armenian State University of Economics,Applied Statistics and Data Science,Master,Tableau,8,Data / ML / AI
Armenian State University of Economics,Applied Statistics and Data Science,Master,PyTorch,8,Data / ML / AI
Armenian State University of Economics,Applied Statistics and Data Science,Master,SQL,50,Data / ML / AI
Armenian State University of Economics,Applied Statistics and Data Science,Master,Apache Airflow,6,Data / ML / AI
Armenian State University of Economics,Applied Statistics and Data Science,Master,AWS,14,Data / ML / AI
Armenian State University of Economics,Applied Statistics and Data Science,Master,Retrieval-Augmented Generation,11,Data / ML / AI
Armenian State University of Economics,Applied Statistics and Data Science,Master,Power BI,11,Data / ML / AI
Armenian State University of Economics,Applied Statistics and Data Science,Master,TensorFlow,6,Data / ML / AI
Armenian State University of Economics,Applied Statistics and Data Science,Master,Large Language Models,25,Data / ML / AI
Armenian State University of Economics,Applied Statistics and Data Science,Master,Databricks,6,Data / ML / AI
Armenian State University of Economics,Applied Statistics and Data Science,Master,REST APIs,7,Data / ML / AI
Armenian State University of Economics,Applied Statistics and Data Science,Master,Docker,7,Data / ML / AI
Armenian State University of Economics,Applied Statistics and Data Science,Master,PostgreSQL,7,Data / ML / AI
Armenian State University of Economics,Applied Statistics and Data Science,Master,Natural Language Processing,10,Data / ML / AI
Armenian State University of Economics,Applied Statistics and Data Science,Master,Generative AI,10,Data / ML / AI
Armenian State University of Economics,Applied Statistics and Data Science,Master,MLOps,9,Data / ML / AI
Armenian State University of Economics,Applied Statistics and Data Science,Master,Data Pipelines,10,Data / ML / AI
Armenian State University of Economics,Applied Statistics and Data Science,Master,Apache Spark,6,Data / ML / AI
Armenian State University of Economics,Information Systems,Bachelor,Microservices,36,"IT Support / Admin / ERP, Software Engineering"
Armenian State University of Economics,Information Systems,Bachelor,Kubernetes,16,"IT Support / Admin / ERP, Software Engineering"
Armenian State University of Economics,Information Systems,Bachelor,SAP Sales and Distribution,3,"IT Support / Admin / ERP, Software Engineering"
Armenian State University of Economics,Information Systems,Bachelor,Apache Kafka,17,"IT Support / Admin / ERP, Software Engineering"
Armenian State University of Economics,Information Systems,Bachelor,macOS,4,"IT Support / Admin / ERP, Software Engineering"
Armenian State University of Economics,Information Systems,Bachelor,Hardware Troubleshooting,5,"IT Support / Admin / ERP, Software Engineering"
Armenian State University of Economics,Information Systems,Bachelor,C#,33,"IT Support / Admin / ERP, Software Engineering"
Armenian State University of Economics,Information Systems,Bachelor,ASP.NET Core,18,"IT Support / Admin / ERP, Software Engineering"
Armenian State University of Economics,Information Systems,Bachelor,PHP,20,"IT Support / Admin / ERP, Software Engineering"
Armenian State University of Economics,Information Systems,Bachelor,CI/CD,27,"IT Support / Admin / ERP, Software Engineering"
Armenian State University of Economics,Information Systems,Bachelor,Node.js,47,"IT Support / Admin / ERP, Software Engineering"
Armenian State University of Economics,Information Systems,Bachelor,React,55,"IT Support / Admin / ERP, Software Engineering"
Armenian State University of Economics,Information Systems,Bachelor,Technical Support,3,"IT Support / Admin / ERP, Software Engineering"
Armenian State University of Economics,Information Systems,Bachelor,SAP HANA Calculation Views,3,"IT Support / Admin / ERP, Software Engineering"
Armenian State University of Economics,Information Systems,Bachelor,SAP HANA,6,"IT Support / Admin / ERP, Software Engineering"
Armenian State University of Economics,Information Systems,Bachelor,.NET,21,"IT Support / Admin / ERP, Software Engineering"
Armenian State University of Economics,Information Systems,Bachelor,SAP Financial Accounting,3,"IT Support / Admin / ERP, Software Engineering"
Armenian State University of Economics,Information Systems,Bachelor,SAP Configuration,8,"IT Support / Admin / ERP, Software Engineering"
Armenian State University of Economics,Information Systems,Bachelor,Angular,18,"IT Support / Admin / ERP, Software Engineering"
Armenian State University of Economics,Information Systems,Bachelor,SAP Logistics,6,"IT Support / Admin / ERP, Software Engineering"
Armenian State University of Economics,Information Systems,Bachelor,Help Desk Software,3,"IT Support / Admin / ERP, Software Engineering"
Armenian State University of Economics,Information Systems,Bachelor,Backend Development,21,"IT Support / Admin / ERP, Software Engineering"
Armenian State University of Economics,Information Systems,Bachelor,Next.js,14,"IT Support / Admin / ERP, Software Engineering"
Armenian State University of Economics,Information Systems,Bachelor,ABAP,7,"IT Support / Admin / ERP, Software Engineering"
Armenian State University of Economics,Information Systems,Bachelor,SAP Materials Management,4,"IT Support / Admin / ERP, Software Engineering"
Armenian State University of Economics,Information Systems,Bachelor,Active Directory,3,"IT Support / Admin / ERP, Software Engineering"
Armenian State University of Economics,Information Systems,Bachelor,SAP FICO,6,"IT Support / Admin / ERP, Software Engineering"
Armenian State University of Economics,Information Systems,Bachelor,C++,18,"IT Support / Admin / ERP, Software Engineering"
Armenian State University of Economics,Information Systems,Bachelor,SAP Controlling,3,"IT Support / Admin / ERP, Software Engineering"
Armenian State University of Economics,Information Systems,Bachelor,SAP S/4HANA,14,"IT Support / Admin / ERP, Software Engineering"
Armenian State University of Economics,Information Systems,Bachelor,Project Based Learning,4,"IT Support / Admin / ERP, Software Engineering"
Armenian State University of Economics,Information Systems,Bachelor,Go,21,"IT Support / Admin / ERP, Software Engineering"
Armenian State University of Economics,Information Systems,Bachelor,Java,27,"IT Support / Admin / ERP, Software Engineering"
Armenian State University of Economics,Information Systems,Bachelor,SAP Retail,3,"IT Support / Admin / ERP, Software Engineering"
Armenian State University of Economics,Information Systems,Bachelor,LDAP,3,"IT Support / Admin / ERP, Software Engineering"
Armenian State University of Economics,Information Systems,Bachelor,TypeScript,58,"IT Support / Admin / ERP, Software Engineering"
Armenian State University of Economics,Information Systems,Bachelor,Network Troubleshooting,3,"IT Support / Admin / ERP, Software Engineering"
Armenian State University of Economics,Information Systems,Bachelor,IT Infrastructure,3,"IT Support / Admin / ERP, Software Engineering"
Armenian State University of Economics,Information Systems,Bachelor,Google Workspace,4,"IT Support / Admin / ERP, Software Engineering"
Armenian State University of Economics,Information Systems,Bachelor,Redis,14,"IT Support / Admin / ERP, Software Engineering"
Armenian State University of Economics,Information Systems,Bachelor,Microsoft Office,4,"IT Support / Admin / ERP, Software Engineering"
Armenian State University of Economics,Information Systems,Bachelor,Master Data Management,3,"IT Support / Admin / ERP, Software Engineering"
Armenian State University of Economics,Information Systems,Bachelor,Software Troubleshooting,3,"IT Support / Admin / ERP, Software Engineering"
Armenian State University of Economics,Information Systems,Bachelor,Curriculum Development,3,"IT Support / Admin / ERP, Software Engineering"
Armenian State University of Economics,Information Systems,Bachelor,ABAP Core Data Services,3,"IT Support / Admin / ERP, Software Engineering"
Armenian State University of Economics,Information Systems,Bachelor,Incident Management,4,"IT Support / Admin / ERP, Software Engineering"
Armenian State University of Economics,Information Technology in Business,Master,Microservices,40,"IT Support / Admin / ERP, Technical Management, Software Engineering"
Armenian State University of Economics,Information Technology in Business,Master,Microsoft Azure,15,"IT Support / Admin / ERP, Technical Management, Software Engineering"
Armenian State University of Economics,Information Technology in Business,Master,Kubernetes,20,"IT Support / Admin / ERP, Technical Management, Software Engineering"
Armenian State University of Economics,Information Technology in Business,Master,SAP Sales and Distribution,3,"IT Support / Admin / ERP, Technical Management, Software Engineering"
Armenian State University of Economics,Information Technology in Business,Master,macOS,4,"IT Support / Admin / ERP, Technical Management, Software Engineering"
Armenian State University of Economics,Information Technology in Business,Master,Quality Assurance,4,"IT Support / Admin / ERP, Technical Management, Software Engineering"
Armenian State University of Economics,Information Technology in Business,Master,C#,33,"IT Support / Admin / ERP, Technical Management, Software Engineering"
Armenian State University of Economics,Information Technology in Business,Master,SQL,38,"IT Support / Admin / ERP, Technical Management, Software Engineering"
Armenian State University of Economics,Information Technology in Business,Master,PHP,24,"IT Support / Admin / ERP, Technical Management, Software Engineering"
Armenian State University of Economics,Information Technology in Business,Master,CI/CD,28,"IT Support / Admin / ERP, Technical Management, Software Engineering"
Armenian State University of Economics,Information Technology in Business,Master,Operating System Support,3,"IT Support / Admin / ERP, Technical Management, Software Engineering"
Armenian State University of Economics,Information Technology in Business,Master,Prompt Engineering,4,"IT Support / Admin / ERP, Technical Management, Software Engineering"
Armenian State University of Economics,Information Technology in Business,Master,MongoDB,13,"IT Support / Admin / ERP, Technical Management, Software Engineering"
Armenian State University of Economics,Information Technology in Business,Master,.NET,25,"IT Support / Admin / ERP, Technical Management, Software Engineering"
Armenian State University of Economics,Information Technology in Business,Master,Large Language Models,9,"IT Support / Admin / ERP, Technical Management, Software Engineering"
Armenian State University of Economics,Information Technology in Business,Master,SAP Logistics,6,"IT Support / Admin / ERP, Technical Management, Software Engineering"
Armenian State University of Economics,Information Technology in Business,Master,PostgreSQL,37,"IT Support / Admin / ERP, Technical Management, Software Engineering"
Armenian State University of Economics,Information Technology in Business,Master,Database Support,3,"IT Support / Admin / ERP, Technical Management, Software Engineering"
Armenian State University of Economics,Information Technology in Business,Master,SAP FICO,6,"IT Support / Admin / ERP, Technical Management, Software Engineering"
Armenian State University of Economics,Information Technology in Business,Master,Distributed Systems,28,"IT Support / Admin / ERP, Technical Management, Software Engineering"
Armenian State University of Economics,Information Technology in Business,Master,Project Based Learning,4,"IT Support / Admin / ERP, Technical Management, Software Engineering"
Armenian State University of Economics,Information Technology in Business,Master,Go,24,"IT Support / Admin / ERP, Technical Management, Software Engineering"
Armenian State University of Economics,Information Technology in Business,Master,Microsoft Project,3,"IT Support / Admin / ERP, Technical Management, Software Engineering"
Armenian State University of Economics,Information Technology in Business,Master,LDAP,3,"IT Support / Admin / ERP, Technical Management, Software Engineering"
Armenian State University of Economics,Information Technology in Business,Master,Redis,18,"IT Support / Admin / ERP, Technical Management, Software Engineering"
Armenian State University of Economics,Information Technology in Business,Master,Google Workspace,4,"IT Support / Admin / ERP, Technical Management, Software Engineering"
Armenian State University of Economics,Information Technology in Business,Master,Microsoft SQL Server,18,"IT Support / Admin / ERP, Technical Management, Software Engineering"
Armenian State University of Economics,Information Technology in Business,Master,Microsoft Office,4,"IT Support / Admin / ERP, Technical Management, Software Engineering"
Armenian State University of Economics,Information Technology in Business,Master,Master Data Management,3,"IT Support / Admin / ERP, Technical Management, Software Engineering"
Armenian State University of Economics,Information Technology in Business,Master,Angular,20,"IT Support / Admin / ERP, Technical Management, Software Engineering"
Armenian State University of Economics,Information Technology in Business,Master,ABAP Core Data Services,3,"IT Support / Admin / ERP, Technical Management, Software Engineering"
Armenian State University of Economics,Information Technology in Business,Master,Incident Management,4,"IT Support / Admin / ERP, Technical Management, Software Engineering"
Armenian State University of Economics,Information Technology in Business,Master,Postman,4,"IT Support / Admin / ERP, Technical Management, Software Engineering"
Armenian State University of Economics,Information Technology in Business,Master,Machine Learning,13,"IT Support / Admin / ERP, Technical Management, Software Engineering"
Armenian State University of Economics,Information Technology in Business,Master,Apache Kafka,19,"IT Support / Admin / ERP, Technical Management, Software Engineering"
Armenian State University of Economics,Information Technology in Business,Master,Hardware Troubleshooting,5,"IT Support / Admin / ERP, Technical Management, Software Engineering"
Armenian State University of Economics,Information Technology in Business,Master,MySQL,25,"IT Support / Admin / ERP, Technical Management, Software Engineering"
Armenian State University of Economics,Information Technology in Business,Master,Artificial Intelligence,4,"IT Support / Admin / ERP, Technical Management, Software Engineering"
Armenian State University of Economics,Information Technology in Business,Master,ASP.NET Core,18,"IT Support / Admin / ERP, Technical Management, Software Engineering"
Armenian State University of Economics,Information Technology in Business,Master,Node.js,50,"IT Support / Admin / ERP, Technical Management, Software Engineering"
Armenian State University of Economics,Information Technology in Business,Master,React,58,"IT Support / Admin / ERP, Technical Management, Software Engineering"
Armenian State University of Economics,Information Technology in Business,Master,Technical Support,3,"IT Support / Admin / ERP, Technical Management, Software Engineering"
Armenian State University of Economics,Information Technology in Business,Master,AWS,38,"IT Support / Admin / ERP, Technical Management, Software Engineering"
Armenian State University of Economics,Information Technology in Business,Master,SAP HANA Calculation Views,3,"IT Support / Admin / ERP, Technical Management, Software Engineering"
Armenian State University of Economics,Information Technology in Business,Master,SAP HANA,6,"IT Support / Admin / ERP, Technical Management, Software Engineering"
Armenian State University of Economics,Information Technology in Business,Master,SAP Financial Accounting,3,"IT Support / Admin / ERP, Technical Management, Software Engineering"
Armenian State University of Economics,Information Technology in Business,Master,SAP Configuration,8,"IT Support / Admin / ERP, Technical Management, Software Engineering"
Armenian State University of Economics,Information Technology in Business,Master,Help Desk Software,3,"IT Support / Admin / ERP, Technical Management, Software Engineering"
Armenian State University of Economics,Information Technology in Business,Master,Docker,31,"IT Support / Admin / ERP, Technical Management, Software Engineering"
Armenian State University of Economics,Information Technology in Business,Master,Backend Development,23,"IT Support / Admin / ERP, Technical Management, Software Engineering"
Armenian State University of Economics,Information Technology in Business,Master,Next.js,14,"IT Support / Admin / ERP, Technical Management, Software Engineering"
Armenian State University of Economics,Information Technology in Business,Master,Data Engineering,3,"IT Support / Admin / ERP, Technical Management, Software Engineering"
Armenian State University of Economics,Information Technology in Business,Master,ABAP,8,"IT Support / Admin / ERP, Technical Management, Software Engineering"
Armenian State University of Economics,Information Technology in Business,Master,SAP Materials Management,4,"IT Support / Admin / ERP, Technical Management, Software Engineering"
Armenian State University of Economics,Information Technology in Business,Master,Windows OS,9,"IT Support / Admin / ERP, Technical Management, Software Engineering"
Armenian State University of Economics,Information Technology in Business,Master,Active Directory,3,"IT Support / Admin / ERP, Technical Management, Software Engineering"
Armenian State University of Economics,Information Technology in Business,Master,Cloud Platforms,14,"IT Support / Admin / ERP, Technical Management, Software Engineering"
Armenian State University of Economics,Information Technology in Business,Master,Confluence,5,"IT Support / Admin / ERP, Technical Management, Software Engineering"
Armenian State University of Economics,Information Technology in Business,Master,C++,18,"IT Support / Admin / ERP, Technical Management, Software Engineering"
Armenian State University of Economics,Information Technology in Business,Master,Generative AI,5,"IT Support / Admin / ERP, Technical Management, Software Engineering"
Armenian State University of Economics,Information Technology in Business,Master,SAP Controlling,3,"IT Support / Admin / ERP, Technical Management, Software Engineering"
Armenian State University of Economics,Information Technology in Business,Master,SAP S/4HANA,15,"IT Support / Admin / ERP, Technical Management, Software Engineering"
Armenian State University of Economics,Information Technology in Business,Master,Java,31,"IT Support / Admin / ERP, Technical Management, Software Engineering"
Armenian State University of Economics,Information Technology in Business,Master,SAP Retail,3,"IT Support / Admin / ERP, Technical Management, Software Engineering"
Armenian State University of Economics,Information Technology in Business,Master,TypeScript,61,"IT Support / Admin / ERP, Technical Management, Software Engineering"
Armenian State University of Economics,Information Technology in Business,Master,Network Troubleshooting,4,"IT Support / Admin / ERP, Technical Management, Software Engineering"
Armenian State University of Economics,Information Technology in Business,Master,IT Infrastructure,3,"IT Support / Admin / ERP, Technical Management, Software Engineering"
Armenian State University of Economics,Information Technology in Business,Master,Solution Architecture,4,"IT Support / Admin / ERP, Technical Management, Software Engineering"
Armenian State University of Economics,Information Technology in Business,Master,Curriculum Development,3,"IT Support / Admin / ERP, Technical Management, Software Engineering"
Armenian State University of Economics,Information Technology in Business,Master,Full-Stack Development,9,"IT Support / Admin / ERP, Technical Management, Software Engineering"
Armenian State University of Economics,Information Technology in Business,Master,Data Modeling,4,"IT Support / Admin / ERP, Technical Management, Software Engineering"
National Polytechnic University of Armenia,Computer Engineering,Bachelor,Microservices,36,"Hardware / Embedded, Software Engineering"
National Polytechnic University of Armenia,Computer Engineering,Bachelor,Kubernetes,15,"Hardware / Embedded, Software Engineering"
National Polytechnic University of Armenia,Computer Engineering,Bachelor,Perl,5,"Hardware / Embedded, Software Engineering"
National Polytechnic University of Armenia,Computer Engineering,Bachelor,Technical Documentation,2,"Hardware / Embedded, Software Engineering"
National Polytechnic University of Armenia,Computer Engineering,Bachelor,Layout Versus Schematic (LVS),3,"Hardware / Embedded, Software Engineering"
National Polytechnic University of Armenia,Computer Engineering,Bachelor,SystemVerilog,5,"Hardware / Embedded, Software Engineering"
National Polytechnic University of Armenia,Computer Engineering,Bachelor,VLSI Design,5,"Hardware / Embedded, Software Engineering"
National Polytechnic University of Armenia,Computer Engineering,Bachelor,C#,33,"Hardware / Embedded, Software Engineering"
National Polytechnic University of Armenia,Computer Engineering,Bachelor,HTML,13,"Hardware / Embedded, Software Engineering"
National Polytechnic University of Armenia,Computer Engineering,Bachelor,SDC,4,"Hardware / Embedded, Software Engineering"
National Polytechnic University of Armenia,Computer Engineering,Bachelor,PHP,19,"Hardware / Embedded, Software Engineering"
National Polytechnic University of Armenia,Computer Engineering,Bachelor,Equipment Maintenance,2,"Hardware / Embedded, Software Engineering"
National Polytechnic University of Armenia,Computer Engineering,Bachelor,CI/CD,27,"Hardware / Embedded, Software Engineering"
National Polytechnic University of Armenia,Computer Engineering,Bachelor,Telecommunications,2,"Hardware / Embedded, Software Engineering"
National Polytechnic University of Armenia,Computer Engineering,Bachelor,Calibre LVS,2,"Hardware / Embedded, Software Engineering"
National Polytechnic University of Armenia,Computer Engineering,Bachelor,CCTV Systems,2,"Hardware / Embedded, Software Engineering"
National Polytechnic University of Armenia,Computer Engineering,Bachelor,.NET,21,"Hardware / Embedded, Software Engineering"
National Polytechnic University of Armenia,Computer Engineering,Bachelor,EM/IR Analysis,4,"Hardware / Embedded, Software Engineering"
National Polytechnic University of Armenia,Computer Engineering,Bachelor,Calibre DRC,2,"Hardware / Embedded, Software Engineering"
National Polytechnic University of Armenia,Computer Engineering,Bachelor,Cadence Virtuoso,3,"Hardware / Embedded, Software Engineering"
National Polytechnic University of Armenia,Computer Engineering,Bachelor,REST APIs,93,"Hardware / Embedded, Software Engineering"
National Polytechnic University of Armenia,Computer Engineering,Bachelor,UVM,2,"Hardware / Embedded, Software Engineering"
National Polytechnic University of Armenia,Computer Engineering,Bachelor,Python,52,"Hardware / Embedded, Software Engineering"
National Polytechnic University of Armenia,Computer Engineering,Bachelor,Design Rule Check (DRC),3,"Hardware / Embedded, Software Engineering"
National Polytechnic University of Armenia,Computer Engineering,Bachelor,JavaScript,66,"Hardware / Embedded, Software Engineering"
National Polytechnic University of Armenia,Computer Engineering,Bachelor,Design for Testability (DFT),8,"Hardware / Embedded, Software Engineering"
National Polytechnic University of Armenia,Computer Engineering,Bachelor,Go,21,"Hardware / Embedded, Software Engineering"
National Polytechnic University of Armenia,Computer Engineering,Bachelor,Equipment Installation,2,"Hardware / Embedded, Software Engineering"
National Polytechnic University of Armenia,Computer Engineering,Bachelor,Video Surveillance Systems,2,"Hardware / Embedded, Software Engineering"
National Polytechnic University of Armenia,Computer Engineering,Bachelor,HDMI,2,"Hardware / Embedded, Software Engineering"
National Polytechnic University of Armenia,Computer Engineering,Bachelor,Floorplanning,4,"Hardware / Embedded, Software Engineering"
National Polytechnic University of Armenia,Computer Engineering,Bachelor,Chroma Keying,2,"Hardware / Embedded, Software Engineering"
National Polytechnic University of Armenia,Computer Engineering,Bachelor,Redis,14,"Hardware / Embedded, Software Engineering"
National Polytechnic University of Armenia,Computer Engineering,Bachelor,Microsoft SQL Server,18,"Hardware / Embedded, Software Engineering"
National Polytechnic University of Armenia,Computer Engineering,Bachelor,PrimeTime,3,"Hardware / Embedded, Software Engineering"
National Polytechnic University of Armenia,Computer Engineering,Bachelor,Microsoft Office,2,"Hardware / Embedded, Software Engineering"
National Polytechnic University of Armenia,Computer Engineering,Bachelor,Structured Cabling,2,"Hardware / Embedded, Software Engineering"
National Polytechnic University of Armenia,Computer Engineering,Bachelor,Angular,18,"Hardware / Embedded, Software Engineering"
National Polytechnic University of Armenia,Computer Engineering,Bachelor,Video Camera Operation,2,"Hardware / Embedded, Software Engineering"
National Polytechnic University of Armenia,Computer Engineering,Bachelor,Safety Procedures,2,"Hardware / Embedded, Software Engineering"
National Polytechnic University of Armenia,Computer Engineering,Bachelor,CSS,21,"Hardware / Embedded, Software Engineering"
National Polytechnic University of Armenia,Computer Engineering,Bachelor,Audio-Visual (AV) Infrastructure,2,"Hardware / Embedded, Software Engineering"
National Polytechnic University of Armenia,Computer Engineering,Bachelor,Verdi,3,"Hardware / Embedded, Software Engineering"
National Polytechnic University of Armenia,Computer Engineering,Bachelor,Test Pattern Generation,3,"Hardware / Embedded, Software Engineering"
National Polytechnic University of Armenia,Computer Engineering,Bachelor,Apache Kafka,16,"Hardware / Embedded, Software Engineering"
National Polytechnic University of Armenia,Computer Engineering,Bachelor,Cable Installation,3,"Hardware / Embedded, Software Engineering"
National Polytechnic University of Armenia,Computer Engineering,Bachelor,Broadcast Equipment,2,"Hardware / Embedded, Software Engineering"
National Polytechnic University of Armenia,Computer Engineering,Bachelor,Physical Design,6,"Hardware / Embedded, Software Engineering"
National Polytechnic University of Armenia,Computer Engineering,Bachelor,Circuit Board Layout,2,"Hardware / Embedded, Software Engineering"
National Polytechnic University of Armenia,Computer Engineering,Bachelor,ASP.NET Core,18,"Hardware / Embedded, Software Engineering"
National Polytechnic University of Armenia,Computer Engineering,Bachelor,Node.js,47,"Hardware / Embedded, Software Engineering"
National Polytechnic University of Armenia,Computer Engineering,Bachelor,React,54,"Hardware / Embedded, Software Engineering"
National Polytechnic University of Armenia,Computer Engineering,Bachelor,Production Video Switchers,2,"Hardware / Embedded, Software Engineering"
National Polytechnic University of Armenia,Computer Engineering,Bachelor,AWS,29,"Hardware / Embedded, Software Engineering"
National Polytechnic University of Armenia,Computer Engineering,Bachelor,Formal Verification,5,"Hardware / Embedded, Software Engineering"
National Polytechnic University of Armenia,Computer Engineering,Bachelor,Audio-Visual Systems,2,"Hardware / Embedded, Software Engineering"
National Polytechnic University of Armenia,Computer Engineering,Bachelor,RTL-to-GDSII,6,"Hardware / Embedded, Software Engineering"
National Polytechnic University of Armenia,Computer Engineering,Bachelor,RTL Design,5,"Hardware / Embedded, Software Engineering"
National Polytechnic University of Armenia,Computer Engineering,Bachelor,Docker,28,"Hardware / Embedded, Software Engineering"
National Polytechnic University of Armenia,Computer Engineering,Bachelor,Backend Development,21,"Hardware / Embedded, Software Engineering"
National Polytechnic University of Armenia,Computer Engineering,Bachelor,Next.js,14,"Hardware / Embedded, Software Engineering"
National Polytechnic University of Armenia,Computer Engineering,Bachelor,Tcl,12,"Hardware / Embedded, Software Engineering"
National Polytechnic University of Armenia,Computer Engineering,Bachelor,Memory BIST (MBIST),2,"Hardware / Embedded, Software Engineering"
National Polytechnic University of Armenia,Computer Engineering,Bachelor,Clock Tree Synthesis,5,"Hardware / Embedded, Software Engineering"
National Polytechnic University of Armenia,Computer Engineering,Bachelor,Gate-Level Netlist Synthesis,2,"Hardware / Embedded, Software Engineering"
National Polytechnic University of Armenia,Computer Engineering,Bachelor,C++,19,"Hardware / Embedded, Software Engineering"
National Polytechnic University of Armenia,Computer Engineering,Bachelor,Serial Digital Interface (SDI),2,"Hardware / Embedded, Software Engineering"
National Polytechnic University of Armenia,Computer Engineering,Bachelor,Java,27,"Hardware / Embedded, Software Engineering"
National Polytechnic University of Armenia,Computer Engineering,Bachelor,Electrical Systems,2,"Hardware / Embedded, Software Engineering"
National Polytechnic University of Armenia,Computer Engineering,Bachelor,TypeScript,57,"Hardware / Embedded, Software Engineering"
National Polytechnic University of Armenia,Computer Engineering,Master,Microservices,36,"Hardware / Embedded, Software Engineering"
National Polytechnic University of Armenia,Computer Engineering,Master,Perl,5,"Hardware / Embedded, Software Engineering"
National Polytechnic University of Armenia,Computer Engineering,Master,Technical Documentation,2,"Hardware / Embedded, Software Engineering"
National Polytechnic University of Armenia,Computer Engineering,Master,Layout Versus Schematic (LVS),3,"Hardware / Embedded, Software Engineering"
National Polytechnic University of Armenia,Computer Engineering,Master,SystemVerilog,5,"Hardware / Embedded, Software Engineering"
National Polytechnic University of Armenia,Computer Engineering,Master,VLSI Design,5,"Hardware / Embedded, Software Engineering"
National Polytechnic University of Armenia,Computer Engineering,Master,C#,33,"Hardware / Embedded, Software Engineering"
National Polytechnic University of Armenia,Computer Engineering,Master,HTML,13,"Hardware / Embedded, Software Engineering"
National Polytechnic University of Armenia,Computer Engineering,Master,SDC,4,"Hardware / Embedded, Software Engineering"
National Polytechnic University of Armenia,Computer Engineering,Master,SQL,33,"Hardware / Embedded, Software Engineering"
National Polytechnic University of Armenia,Computer Engineering,Master,PHP,19,"Hardware / Embedded, Software Engineering"
National Polytechnic University of Armenia,Computer Engineering,Master,Equipment Maintenance,2,"Hardware / Embedded, Software Engineering"
National Polytechnic University of Armenia,Computer Engineering,Master,Physical Verification,4,"Hardware / Embedded, Software Engineering"
National Polytechnic University of Armenia,Computer Engineering,Master,CI/CD,27,"Hardware / Embedded, Software Engineering"
National Polytechnic University of Armenia,Computer Engineering,Master,Telecommunications,2,"Hardware / Embedded, Software Engineering"
National Polytechnic University of Armenia,Computer Engineering,Master,Calibre LVS,2,"Hardware / Embedded, Software Engineering"
National Polytechnic University of Armenia,Computer Engineering,Master,CCTV Systems,2,"Hardware / Embedded, Software Engineering"
National Polytechnic University of Armenia,Computer Engineering,Master,.NET,21,"Hardware / Embedded, Software Engineering"
National Polytechnic University of Armenia,Computer Engineering,Master,EM/IR Analysis,4,"Hardware / Embedded, Software Engineering"
National Polytechnic University of Armenia,Computer Engineering,Master,Calibre DRC,2,"Hardware / Embedded, Software Engineering"
National Polytechnic University of Armenia,Computer Engineering,Master,Cadence Virtuoso,3,"Hardware / Embedded, Software Engineering"
National Polytechnic University of Armenia,Computer Engineering,Master,REST APIs,93,"Hardware / Embedded, Software Engineering"
National Polytechnic University of Armenia,Computer Engineering,Master,PostgreSQL,33,"Hardware / Embedded, Software Engineering"
National Polytechnic University of Armenia,Computer Engineering,Master,UVM,2,"Hardware / Embedded, Software Engineering"
National Polytechnic University of Armenia,Computer Engineering,Master,Signal Integrity,3,"Hardware / Embedded, Software Engineering"
National Polytechnic University of Armenia,Computer Engineering,Master,Synthesis,4,"Hardware / Embedded, Software Engineering"
National Polytechnic University of Armenia,Computer Engineering,Master,Design Rule Check (DRC),3,"Hardware / Embedded, Software Engineering"
National Polytechnic University of Armenia,Computer Engineering,Master,JavaScript,66,"Hardware / Embedded, Software Engineering"
National Polytechnic University of Armenia,Computer Engineering,Master,Design for Testability (DFT),8,"Hardware / Embedded, Software Engineering"
National Polytechnic University of Armenia,Computer Engineering,Master,Go,21,"Hardware / Embedded, Software Engineering"
National Polytechnic University of Armenia,Computer Engineering,Master,Equipment Installation,2,"Hardware / Embedded, Software Engineering"
National Polytechnic University of Armenia,Computer Engineering,Master,Video Surveillance Systems,2,"Hardware / Embedded, Software Engineering"
National Polytechnic University of Armenia,Computer Engineering,Master,HDMI,2,"Hardware / Embedded, Software Engineering"
National Polytechnic University of Armenia,Computer Engineering,Master,Floorplanning,4,"Hardware / Embedded, Software Engineering"
National Polytechnic University of Armenia,Computer Engineering,Master,Chroma Keying,2,"Hardware / Embedded, Software Engineering"
National Polytechnic University of Armenia,Computer Engineering,Master,Redis,14,"Hardware / Embedded, Software Engineering"
National Polytechnic University of Armenia,Computer Engineering,Master,Microsoft SQL Server,18,"Hardware / Embedded, Software Engineering"
National Polytechnic University of Armenia,Computer Engineering,Master,PrimeTime,3,"Hardware / Embedded, Software Engineering"
National Polytechnic University of Armenia,Computer Engineering,Master,Microsoft Office,2,"Hardware / Embedded, Software Engineering"
National Polytechnic University of Armenia,Computer Engineering,Master,Structured Cabling,2,"Hardware / Embedded, Software Engineering"
National Polytechnic University of Armenia,Computer Engineering,Master,Angular,18,"Hardware / Embedded, Software Engineering"
National Polytechnic University of Armenia,Computer Engineering,Master,Video Camera Operation,2,"Hardware / Embedded, Software Engineering"
National Polytechnic University of Armenia,Computer Engineering,Master,Safety Procedures,2,"Hardware / Embedded, Software Engineering"
National Polytechnic University of Armenia,Computer Engineering,Master,CSS,21,"Hardware / Embedded, Software Engineering"
National Polytechnic University of Armenia,Computer Engineering,Master,Audio-Visual (AV) Infrastructure,2,"Hardware / Embedded, Software Engineering"
National Polytechnic University of Armenia,Computer Engineering,Master,Verdi,3,"Hardware / Embedded, Software Engineering"
National Polytechnic University of Armenia,Computer Engineering,Master,Test Pattern Generation,3,"Hardware / Embedded, Software Engineering"
National Polytechnic University of Armenia,Computer Engineering,Master,Apache Kafka,16,"Hardware / Embedded, Software Engineering"
National Polytechnic University of Armenia,Computer Engineering,Master,Cable Installation,3,"Hardware / Embedded, Software Engineering"
National Polytechnic University of Armenia,Computer Engineering,Master,Place and Route,3,"Hardware / Embedded, Software Engineering"
National Polytechnic University of Armenia,Computer Engineering,Master,Broadcast Equipment,2,"Hardware / Embedded, Software Engineering"
National Polytechnic University of Armenia,Computer Engineering,Master,Physical Design,6,"Hardware / Embedded, Software Engineering"
National Polytechnic University of Armenia,Computer Engineering,Master,MySQL,25,"Hardware / Embedded, Software Engineering"
National Polytechnic University of Armenia,Computer Engineering,Master,Circuit Board Layout,2,"Hardware / Embedded, Software Engineering"
National Polytechnic University of Armenia,Computer Engineering,Master,ASP.NET Core,18,"Hardware / Embedded, Software Engineering"
National Polytechnic University of Armenia,Computer Engineering,Master,Node.js,47,"Hardware / Embedded, Software Engineering"
National Polytechnic University of Armenia,Computer Engineering,Master,React,54,"Hardware / Embedded, Software Engineering"
National Polytechnic University of Armenia,Computer Engineering,Master,Production Video Switchers,2,"Hardware / Embedded, Software Engineering"
National Polytechnic University of Armenia,Computer Engineering,Master,AWS,29,"Hardware / Embedded, Software Engineering"
National Polytechnic University of Armenia,Computer Engineering,Master,Formal Verification,5,"Hardware / Embedded, Software Engineering"
National Polytechnic University of Armenia,Computer Engineering,Master,Verilog,2,"Hardware / Embedded, Software Engineering"
National Polytechnic University of Armenia,Computer Engineering,Master,Audio-Visual Systems,2,"Hardware / Embedded, Software Engineering"
National Polytechnic University of Armenia,Computer Engineering,Master,RTL-to-GDSII,6,"Hardware / Embedded, Software Engineering"
National Polytechnic University of Armenia,Computer Engineering,Master,RTL Design,5,"Hardware / Embedded, Software Engineering"
National Polytechnic University of Armenia,Computer Engineering,Master,Backend Development,21,"Hardware / Embedded, Software Engineering"
National Polytechnic University of Armenia,Computer Engineering,Master,Next.js,14,"Hardware / Embedded, Software Engineering"
National Polytechnic University of Armenia,Computer Engineering,Master,Tcl,12,"Hardware / Embedded, Software Engineering"
National Polytechnic University of Armenia,Computer Engineering,Master,CMOS Process,2,"Hardware / Embedded, Software Engineering"
National Polytechnic University of Armenia,Computer Engineering,Master,Memory BIST (MBIST),2,"Hardware / Embedded, Software Engineering"
National Polytechnic University of Armenia,Computer Engineering,Master,ASIC Design,10,"Hardware / Embedded, Software Engineering"
National Polytechnic University of Armenia,Computer Engineering,Master,Clock Tree Synthesis,5,"Hardware / Embedded, Software Engineering"
National Polytechnic University of Armenia,Computer Engineering,Master,Gate-Level Netlist Synthesis,2,"Hardware / Embedded, Software Engineering"
National Polytechnic University of Armenia,Computer Engineering,Master,C++,19,"Hardware / Embedded, Software Engineering"
National Polytechnic University of Armenia,Computer Engineering,Master,Serial Digital Interface (SDI),2,"Hardware / Embedded, Software Engineering"
National Polytechnic University of Armenia,Computer Engineering,Master,Java,27,"Hardware / Embedded, Software Engineering"
National Polytechnic University of Armenia,Computer Engineering,Master,Git,36,"Hardware / Embedded, Software Engineering"
National Polytechnic University of Armenia,Computer Engineering,Master,Static Timing Analysis,12,"Hardware / Embedded, Software Engineering"
National Polytechnic University of Armenia,Computer Engineering,Master,Electrical Systems,2,"Hardware / Embedded, Software Engineering"
National Polytechnic University of Armenia,Computer Engineering,Master,TypeScript,57,"Hardware / Embedded, Software Engineering"
National Polytechnic University of Armenia,Informatics (Computer Science),Bachelor,F5,1,"Software Engineering, Hardware / Embedded, IT Support / Admin / ERP, DevOps / Cloud, Data / ML / AI, Security, QA / Testing, Technical Management, UX / Product Design"
National Polytechnic University of Armenia,Informatics (Computer Science),Bachelor,Terraform,25,"Software Engineering, Hardware / Embedded, IT Support / Admin / ERP, DevOps / Cloud, Data / ML / AI, Security, QA / Testing, Technical Management, UX / Product Design"
National Polytechnic University of Armenia,Informatics (Computer Science),Bachelor,Appium,3,"Software Engineering, Hardware / Embedded, IT Support / Admin / ERP, DevOps / Cloud, Data / ML / AI, Security, QA / Testing, Technical Management, UX / Product Design"
National Polytechnic University of Armenia,Informatics (Computer Science),Bachelor,Software Composition Analysis,1,"Software Engineering, Hardware / Embedded, IT Support / Admin / ERP, DevOps / Cloud, Data / ML / AI, Security, QA / Testing, Technical Management, UX / Product Design"
National Polytechnic University of Armenia,Informatics (Computer Science),Bachelor,Security Controls,1,"Software Engineering, Hardware / Embedded, IT Support / Admin / ERP, DevOps / Cloud, Data / ML / AI, Security, QA / Testing, Technical Management, UX / Product Design"
National Polytechnic University of Armenia,Informatics (Computer Science),Bachelor,Prometheus,7,"Software Engineering, Hardware / Embedded, IT Support / Admin / ERP, DevOps / Cloud, Data / ML / AI, Security, QA / Testing, Technical Management, UX / Product Design"
National Polytechnic University of Armenia,Informatics (Computer Science),Bachelor,Adobe After Effects,1,"Software Engineering, Hardware / Embedded, IT Support / Admin / ERP, DevOps / Cloud, Data / ML / AI, Security, QA / Testing, Technical Management, UX / Product Design"
National Polytechnic University of Armenia,Informatics (Computer Science),Bachelor,Physical Verification,4,"Software Engineering, Hardware / Embedded, IT Support / Admin / ERP, DevOps / Cloud, Data / ML / AI, Security, QA / Testing, Technical Management, UX / Product Design"
National Polytechnic University of Armenia,Informatics (Computer Science),Bachelor,API Testing,17,"Software Engineering, Hardware / Embedded, IT Support / Admin / ERP, DevOps / Cloud, Data / ML / AI, Security, QA / Testing, Technical Management, UX / Product Design"
National Polytechnic University of Armenia,Informatics (Computer Science),Bachelor,Calibre LVS,2,"Software Engineering, Hardware / Embedded, IT Support / Admin / ERP, DevOps / Cloud, Data / ML / AI, Security, QA / Testing, Technical Management, UX / Product Design"
National Polytechnic University of Armenia,Informatics (Computer Science),Bachelor,Google Cloud Platform,23,"Software Engineering, Hardware / Embedded, IT Support / Admin / ERP, DevOps / Cloud, Data / ML / AI, Security, QA / Testing, Technical Management, UX / Product Design"
National Polytechnic University of Armenia,Informatics (Computer Science),Bachelor,UI/UX QA,1,"Software Engineering, Hardware / Embedded, IT Support / Admin / ERP, DevOps / Cloud, Data / ML / AI, Security, QA / Testing, Technical Management, UX / Product Design"
National Polytechnic University of Armenia,Informatics (Computer Science),Bachelor,Palo Alto Networks,1,"Software Engineering, Hardware / Embedded, IT Support / Admin / ERP, DevOps / Cloud, Data / ML / AI, Security, QA / Testing, Technical Management, UX / Product Design"
National Polytechnic University of Armenia,Informatics (Computer Science),Bachelor,Screenshot Design,1,"Software Engineering, Hardware / Embedded, IT Support / Admin / ERP, DevOps / Cloud, Data / ML / AI, Security, QA / Testing, Technical Management, UX / Product Design"
National Polytechnic University of Armenia,Informatics (Computer Science),Bachelor,SAP Logistics,6,"Software Engineering, Hardware / Embedded, IT Support / Admin / ERP, DevOps / Cloud, Data / ML / AI, Security, QA / Testing, Technical Management, UX / Product Design"
National Polytechnic University of Armenia,Informatics (Computer Science),Bachelor,Model Context Protocol,4,"Software Engineering, Hardware / Embedded, IT Support / Admin / ERP, DevOps / Cloud, Data / ML / AI, Security, QA / Testing, Technical Management, UX / Product Design"
National Polytechnic University of Armenia,Informatics (Computer Science),Bachelor,Windows Autopilot,1,"Software Engineering, Hardware / Embedded, IT Support / Admin / ERP, DevOps / Cloud, Data / ML / AI, Security, QA / Testing, Technical Management, UX / Product Design"
National Polytechnic University of Armenia,Informatics (Computer Science),Bachelor,GitLab,10,"Software Engineering, Hardware / Embedded, IT Support / Admin / ERP, DevOps / Cloud, Data / ML / AI, Security, QA / Testing, Technical Management, UX / Product Design"
National Polytechnic University of Armenia,Informatics (Computer Science),Bachelor,API Integration,8,"Software Engineering, Hardware / Embedded, IT Support / Admin / ERP, DevOps / Cloud, Data / ML / AI, Security, QA / Testing, Technical Management, UX / Product Design"
National Polytechnic University of Armenia,Informatics (Computer Science),Bachelor,Google Workspace,7,"Software Engineering, Hardware / Embedded, IT Support / Admin / ERP, DevOps / Cloud, Data / ML / AI, Security, QA / Testing, Technical Management, UX / Product Design"
National Polytechnic University of Armenia,Informatics (Computer Science),Bachelor,Microsoft Office,6,"Software Engineering, Hardware / Embedded, IT Support / Admin / ERP, DevOps / Cloud, Data / ML / AI, Security, QA / Testing, Technical Management, UX / Product Design"
National Polytechnic University of Armenia,Informatics (Computer Science),Bachelor,Structured Cabling,7,"Software Engineering, Hardware / Embedded, IT Support / Admin / ERP, DevOps / Cloud, Data / ML / AI, Security, QA / Testing, Technical Management, UX / Product Design"
National Polytechnic University of Armenia,Informatics (Computer Science),Bachelor,User Interviews,1,"Software Engineering, Hardware / Embedded, IT Support / Admin / ERP, DevOps / Cloud, Data / ML / AI, Security, QA / Testing, Technical Management, UX / Product Design"
National Polytechnic University of Armenia,Informatics (Computer Science),Bachelor,Verdi,3,"Software Engineering, Hardware / Embedded, IT Support / Admin / ERP, DevOps / Cloud, Data / ML / AI, Security, QA / Testing, Technical Management, UX / Product Design"
National Polytechnic University of Armenia,Informatics (Computer Science),Bachelor,AI-Powered Workflows,2,"Software Engineering, Hardware / Embedded, IT Support / Admin / ERP, DevOps / Cloud, Data / ML / AI, Security, QA / Testing, Technical Management, UX / Product Design"
National Polytechnic University of Armenia,Informatics (Computer Science),Bachelor,Apache Kafka,22,"Software Engineering, Hardware / Embedded, IT Support / Admin / ERP, DevOps / Cloud, Data / ML / AI, Security, QA / Testing, Technical Management, UX / Product Design"
National Polytechnic University of Armenia,Informatics (Computer Science),Bachelor,Backend Testing,3,"Software Engineering, Hardware / Embedded, IT Support / Admin / ERP, DevOps / Cloud, Data / ML / AI, Security, QA / Testing, Technical Management, UX / Product Design"
National Polytechnic University of Armenia,Informatics (Computer Science),Bachelor,Wireframing,9,"Software Engineering, Hardware / Embedded, IT Support / Admin / ERP, DevOps / Cloud, Data / ML / AI, Security, QA / Testing, Technical Management, UX / Product Design"
National Polytechnic University of Armenia,Informatics (Computer Science),Bachelor,Physical Design,8,"Software Engineering, Hardware / Embedded, IT Support / Admin / ERP, DevOps / Cloud, Data / ML / AI, Security, QA / Testing, Technical Management, UX / Product Design"
National Polytechnic University of Armenia,Informatics (Computer Science),Bachelor,Production Video Switchers,2,"Software Engineering, Hardware / Embedded, IT Support / Admin / ERP, DevOps / Cloud, Data / ML / AI, Security, QA / Testing, Technical Management, UX / Product Design"
National Polytechnic University of Armenia,Informatics (Computer Science),Bachelor,Technical Support,3,"Software Engineering, Hardware / Embedded, IT Support / Admin / ERP, DevOps / Cloud, Data / ML / AI, Security, QA / Testing, Technical Management, UX / Product Design"
National Polytechnic University of Armenia,Informatics (Computer Science),Bachelor,SAP HANA Calculation Views,3,"Software Engineering, Hardware / Embedded, IT Support / Admin / ERP, DevOps / Cloud, Data / ML / AI, Security, QA / Testing, Technical Management, UX / Product Design"
National Polytechnic University of Armenia,Informatics (Computer Science),Bachelor,Server Hardware,5,"Software Engineering, Hardware / Embedded, IT Support / Admin / ERP, DevOps / Cloud, Data / ML / AI, Security, QA / Testing, Technical Management, UX / Product Design"
National Polytechnic University of Armenia,Informatics (Computer Science),Bachelor,Okta Lifecycle Management,2,"Software Engineering, Hardware / Embedded, IT Support / Admin / ERP, DevOps / Cloud, Data / ML / AI, Security, QA / Testing, Technical Management, UX / Product Design"
National Polytechnic University of Armenia,Informatics (Computer Science),Bachelor,Audio-Visual Systems,2,"Software Engineering, Hardware / Embedded, IT Support / Admin / ERP, DevOps / Cloud, Data / ML / AI, Security, QA / Testing, Technical Management, UX / Product Design"
National Polytechnic University of Armenia,Informatics (Computer Science),Bachelor,Fiber Optic Networking,5,"Software Engineering, Hardware / Embedded, IT Support / Admin / ERP, DevOps / Cloud, Data / ML / AI, Security, QA / Testing, Technical Management, UX / Product Design"
National Polytechnic University of Armenia,Informatics (Computer Science),Bachelor,Intrusion Detection Systems,1,"Software Engineering, Hardware / Embedded, IT Support / Admin / ERP, DevOps / Cloud, Data / ML / AI, Security, QA / Testing, Technical Management, UX / Product Design"
National Polytechnic University of Armenia,Informatics (Computer Science),Bachelor,SAP Financial Accounting,3,"Software Engineering, Hardware / Embedded, IT Support / Admin / ERP, DevOps / Cloud, Data / ML / AI, Security, QA / Testing, Technical Management, UX / Product Design"
National Polytechnic University of Armenia,Informatics (Computer Science),Bachelor,RTL-to-GDSII,6,"Software Engineering, Hardware / Embedded, IT Support / Admin / ERP, DevOps / Cloud, Data / ML / AI, Security, QA / Testing, Technical Management, UX / Product Design"
National Polytechnic University of Armenia,Informatics (Computer Science),Bachelor,Databricks,8,"Software Engineering, Hardware / Embedded, IT Support / Admin / ERP, DevOps / Cloud, Data / ML / AI, Security, QA / Testing, Technical Management, UX / Product Design"
National Polytechnic University of Armenia,Informatics (Computer Science),Bachelor,Adobe Firefly,1,"Software Engineering, Hardware / Embedded, IT Support / Admin / ERP, DevOps / Cloud, Data / ML / AI, Security, QA / Testing, Technical Management, UX / Product Design"
National Polytechnic University of Armenia,Informatics (Computer Science),Bachelor,Cat5e/6/6a Cabling,4,"Software Engineering, Hardware / Embedded, IT Support / Admin / ERP, DevOps / Cloud, Data / ML / AI, Security, QA / Testing, Technical Management, UX / Product Design"
National Polytechnic University of Armenia,Informatics (Computer Science),Bachelor,Help Desk Software,3,"Software Engineering, Hardware / Embedded, IT Support / Admin / ERP, DevOps / Cloud, Data / ML / AI, Security, QA / Testing, Technical Management, UX / Product Design"
National Polytechnic University of Armenia,Informatics (Computer Science),Bachelor,Test Automation,39,"Software Engineering, Hardware / Embedded, IT Support / Admin / ERP, DevOps / Cloud, Data / ML / AI, Security, QA / Testing, Technical Management, UX / Product Design"
National Polytechnic University of Armenia,Informatics (Computer Science),Bachelor,Next.js,14,"Software Engineering, Hardware / Embedded, IT Support / Admin / ERP, DevOps / Cloud, Data / ML / AI, Security, QA / Testing, Technical Management, UX / Product Design"
National Polytechnic University of Armenia,Informatics (Computer Science),Bachelor,Webflow,2,"Software Engineering, Hardware / Embedded, IT Support / Admin / ERP, DevOps / Cloud, Data / ML / AI, Security, QA / Testing, Technical Management, UX / Product Design"
National Polytechnic University of Armenia,Informatics (Computer Science),Bachelor,CMOS Process,2,"Software Engineering, Hardware / Embedded, IT Support / Admin / ERP, DevOps / Cloud, Data / ML / AI, Security, QA / Testing, Technical Management, UX / Product Design"
National Polytechnic University of Armenia,Informatics (Computer Science),Bachelor,SAP Materials Management,4,"Software Engineering, Hardware / Embedded, IT Support / Admin / ERP, DevOps / Cloud, Data / ML / AI, Security, QA / Testing, Technical Management, UX / Product Design"
National Polytechnic University of Armenia,Informatics (Computer Science),Bachelor,AI Tools,4,"Software Engineering, Hardware / Embedded, IT Support / Admin / ERP, DevOps / Cloud, Data / ML / AI, Security, QA / Testing, Technical Management, UX / Product Design"
National Polytechnic University of Armenia,Informatics (Computer Science),Bachelor,Memory BIST (MBIST),2,"Software Engineering, Hardware / Embedded, IT Support / Admin / ERP, DevOps / Cloud, Data / ML / AI, Security, QA / Testing, Technical Management, UX / Product Design"
National Polytechnic University of Armenia,Informatics (Computer Science),Bachelor,Intrusion Detection System/Intrusion Prevention System,1,"Software Engineering, Hardware / Embedded, IT Support / Admin / ERP, DevOps / Cloud, Data / ML / AI, Security, QA / Testing, Technical Management, UX / Product Design"
National Polytechnic University of Armenia,Informatics (Computer Science),Bachelor,Generative AI,15,"Software Engineering, Hardware / Embedded, IT Support / Admin / ERP, DevOps / Cloud, Data / ML / AI, Security, QA / Testing, Technical Management, UX / Product Design"
National Polytechnic University of Armenia,Informatics (Computer Science),Bachelor,Component Libraries,2,"Software Engineering, Hardware / Embedded, IT Support / Admin / ERP, DevOps / Cloud, Data / ML / AI, Security, QA / Testing, Technical Management, UX / Product Design"
National Polytechnic University of Armenia,Informatics (Computer Science),Bachelor,Security Information and Event Management (SIEM),3,"Software Engineering, Hardware / Embedded, IT Support / Admin / ERP, DevOps / Cloud, Data / ML / AI, Security, QA / Testing, Technical Management, UX / Product Design"
National Polytechnic University of Armenia,Informatics (Computer Science),Bachelor,Serial Digital Interface (SDI),2,"Software Engineering, Hardware / Embedded, IT Support / Admin / ERP, DevOps / Cloud, Data / ML / AI, Security, QA / Testing, Technical Management, UX / Product Design"
National Polytechnic University of Armenia,Informatics (Computer Science),Bachelor,SAP Retail,3,"Software Engineering, Hardware / Embedded, IT Support / Admin / ERP, DevOps / Cloud, Data / ML / AI, Security, QA / Testing, Technical Management, UX / Product Design"
National Polytechnic University of Armenia,Informatics (Computer Science),Bachelor,Automation,8,"Software Engineering, Hardware / Embedded, IT Support / Admin / ERP, DevOps / Cloud, Data / ML / AI, Security, QA / Testing, Technical Management, UX / Product Design"
National Polytechnic University of Armenia,Informatics (Computer Science),Bachelor,Cloud Infrastructure,7,"Software Engineering, Hardware / Embedded, IT Support / Admin / ERP, DevOps / Cloud, Data / ML / AI, Security, QA / Testing, Technical Management, UX / Product Design"
National Polytechnic University of Armenia,Informatics (Computer Science),Bachelor,Microsoft Intune,1,"Software Engineering, Hardware / Embedded, IT Support / Admin / ERP, DevOps / Cloud, Data / ML / AI, Security, QA / Testing, Technical Management, UX / Product Design"
National Polytechnic University of Armenia,Informatics (Computer Science),Bachelor,Product Design,3,"Software Engineering, Hardware / Embedded, IT Support / Admin / ERP, DevOps / Cloud, Data / ML / AI, Security, QA / Testing, Technical Management, UX / Product Design"
National Polytechnic University of Armenia,Informatics (Computer Science),Bachelor,Network Troubleshooting,8,"Software Engineering, Hardware / Embedded, IT Support / Admin / ERP, DevOps / Cloud, Data / ML / AI, Security, QA / Testing, Technical Management, UX / Product Design"
National Polytechnic University of Armenia,Informatics (Computer Science),Bachelor,IT Infrastructure,3,"Software Engineering, Hardware / Embedded, IT Support / Admin / ERP, DevOps / Cloud, Data / ML / AI, Security, QA / Testing, Technical Management, UX / Product Design"
National Polytechnic University of Armenia,Informatics (Computer Science),Bachelor,Microservices,47,"Software Engineering, Hardware / Embedded, IT Support / Admin / ERP, DevOps / Cloud, Data / ML / AI, Security, QA / Testing, Technical Management, UX / Product Design"
National Polytechnic University of Armenia,Informatics (Computer Science),Bachelor,UX Design,8,"Software Engineering, Hardware / Embedded, IT Support / Admin / ERP, DevOps / Cloud, Data / ML / AI, Security, QA / Testing, Technical Management, UX / Product Design"
National Polytechnic University of Armenia,Informatics (Computer Science),Bachelor,Kubernetes,41,"Software Engineering, Hardware / Embedded, IT Support / Admin / ERP, DevOps / Cloud, Data / ML / AI, Security, QA / Testing, Technical Management, UX / Product Design"
National Polytechnic University of Armenia,Informatics (Computer Science),Bachelor,Playwright,15,"Software Engineering, Hardware / Embedded, IT Support / Admin / ERP, DevOps / Cloud, Data / ML / AI, Security, QA / Testing, Technical Management, UX / Product Design"
National Polytechnic University of Armenia,Informatics (Computer Science),Bachelor,Metasploit,1,"Software Engineering, Hardware / Embedded, IT Support / Admin / ERP, DevOps / Cloud, Data / ML / AI, Security, QA / Testing, Technical Management, UX / Product Design"
National Polytechnic University of Armenia,Informatics (Computer Science),Bachelor,Technical Documentation,6,"Software Engineering, Hardware / Embedded, IT Support / Admin / ERP, DevOps / Cloud, Data / ML / AI, Security, QA / Testing, Technical Management, UX / Product Design"
National Polytechnic University of Armenia,Informatics (Computer Science),Bachelor,Circuit Breakers,1,"Software Engineering, Hardware / Embedded, IT Support / Admin / ERP, DevOps / Cloud, Data / ML / AI, Security, QA / Testing, Technical Management, UX / Product Design"
National Polytechnic University of Armenia,Informatics (Computer Science),Bachelor,VLSI Design,5,"Software Engineering, Hardware / Embedded, IT Support / Admin / ERP, DevOps / Cloud, Data / ML / AI, Security, QA / Testing, Technical Management, UX / Product Design"
National Polytechnic University of Armenia,Informatics (Computer Science),Bachelor,Endpoint Detection and Response/Extended Detection and Response,1,"Software Engineering, Hardware / Embedded, IT Support / Admin / ERP, DevOps / Cloud, Data / ML / AI, Security, QA / Testing, Technical Management, UX / Product Design"
National Polytechnic University of Armenia,Informatics (Computer Science),Bachelor,A/B Testing,20,"Software Engineering, Hardware / Embedded, IT Support / Admin / ERP, DevOps / Cloud, Data / ML / AI, Security, QA / Testing, Technical Management, UX / Product Design"
National Polytechnic University of Armenia,Informatics (Computer Science),Bachelor,Adobe XD,2,"Software Engineering, Hardware / Embedded, IT Support / Admin / ERP, DevOps / Cloud, Data / ML / AI, Security, QA / Testing, Technical Management, UX / Product Design"
National Polytechnic University of Armenia,Informatics (Computer Science),Bachelor,Adobe Creative Suite,1,"Software Engineering, Hardware / Embedded, IT Support / Admin / ERP, DevOps / Cloud, Data / ML / AI, Security, QA / Testing, Technical Management, UX / Product Design"
National Polytechnic University of Armenia,Informatics (Computer Science),Bachelor,CI/CD,61,"Software Engineering, Hardware / Embedded, IT Support / Admin / ERP, DevOps / Cloud, Data / ML / AI, Security, QA / Testing, Technical Management, UX / Product Design"
National Polytechnic University of Armenia,Informatics (Computer Science),Bachelor,Equipment Maintenance,2,"Software Engineering, Hardware / Embedded, IT Support / Admin / ERP, DevOps / Cloud, Data / ML / AI, Security, QA / Testing, Technical Management, UX / Product Design"
National Polytechnic University of Armenia,Informatics (Computer Science),Bachelor,Patch Panel Configuration,4,"Software Engineering, Hardware / Embedded, IT Support / Admin / ERP, DevOps / Cloud, Data / ML / AI, Security, QA / Testing, Technical Management, UX / Product Design"
National Polytechnic University of Armenia,Informatics (Computer Science),Bachelor,Prompt Engineering,7,"Software Engineering, Hardware / Embedded, IT Support / Admin / ERP, DevOps / Cloud, Data / ML / AI, Security, QA / Testing, Technical Management, UX / Product Design"
National Polytechnic University of Armenia,Informatics (Computer Science),Bachelor,Power BI,12,"Software Engineering, Hardware / Embedded, IT Support / Admin / ERP, DevOps / Cloud, Data / ML / AI, Security, QA / Testing, Technical Management, UX / Product Design"
National Polytechnic University of Armenia,Informatics (Computer Science),Bachelor,DALL·E,1,"Software Engineering, Hardware / Embedded, IT Support / Admin / ERP, DevOps / Cloud, Data / ML / AI, Security, QA / Testing, Technical Management, UX / Product Design"
National Polytechnic University of Armenia,Informatics (Computer Science),Bachelor,.NET,29,"Software Engineering, Hardware / Embedded, IT Support / Admin / ERP, DevOps / Cloud, Data / ML / AI, Security, QA / Testing, Technical Management, UX / Product Design"
National Polytechnic University of Armenia,Informatics (Computer Science),Bachelor,Project Management Professional (PMP),3,"Software Engineering, Hardware / Embedded, IT Support / Admin / ERP, DevOps / Cloud, Data / ML / AI, Security, QA / Testing, Technical Management, UX / Product Design"
National Polytechnic University of Armenia,Informatics (Computer Science),Bachelor,Secure Sdlc Practices,1,"Software Engineering, Hardware / Embedded, IT Support / Admin / ERP, DevOps / Cloud, Data / ML / AI, Security, QA / Testing, Technical Management, UX / Product Design"
National Polytechnic University of Armenia,Informatics (Computer Science),Bachelor,Agile,38,"Software Engineering, Hardware / Embedded, IT Support / Admin / ERP, DevOps / Cloud, Data / ML / AI, Security, QA / Testing, Technical Management, UX / Product Design"
National Polytechnic University of Armenia,Informatics (Computer Science),Bachelor,GitHub Advanced Security,1,"Software Engineering, Hardware / Embedded, IT Support / Admin / ERP, DevOps / Cloud, Data / ML / AI, Security, QA / Testing, Technical Management, UX / Product Design"
National Polytechnic University of Armenia,Informatics (Computer Science),Bachelor,UVM,2,"Software Engineering, Hardware / Embedded, IT Support / Admin / ERP, DevOps / Cloud, Data / ML / AI, Security, QA / Testing, Technical Management, UX / Product Design"
National Polytechnic University of Armenia,Informatics (Computer Science),Bachelor,Firewalls,1,"Software Engineering, Hardware / Embedded, IT Support / Admin / ERP, DevOps / Cloud, Data / ML / AI, Security, QA / Testing, Technical Management, UX / Product Design"
National Polytechnic University of Armenia,Informatics (Computer Science),Bachelor,Windows 10/11,1,"Software Engineering, Hardware / Embedded, IT Support / Admin / ERP, DevOps / Cloud, Data / ML / AI, Security, QA / Testing, Technical Management, UX / Product Design"
National Polytechnic University of Armenia,Informatics (Computer Science),Bachelor,App Store,1,"Software Engineering, Hardware / Embedded, IT Support / Admin / ERP, DevOps / Cloud, Data / ML / AI, Security, QA / Testing, Technical Management, UX / Product Design"
National Polytechnic University of Armenia,Informatics (Computer Science),Bachelor,Synthesis,4,"Software Engineering, Hardware / Embedded, IT Support / Admin / ERP, DevOps / Cloud, Data / ML / AI, Security, QA / Testing, Technical Management, UX / Product Design"
National Polytechnic University of Armenia,Informatics (Computer Science),Bachelor,API Access Management,1,"Software Engineering, Hardware / Embedded, IT Support / Admin / ERP, DevOps / Cloud, Data / ML / AI, Security, QA / Testing, Technical Management, UX / Product Design"
National Polytechnic University of Armenia,Informatics (Computer Science),Bachelor,Design Rule Check (DRC),3,"Software Engineering, Hardware / Embedded, IT Support / Admin / ERP, DevOps / Cloud, Data / ML / AI, Security, QA / Testing, Technical Management, UX / Product Design"
National Polytechnic University of Armenia,Informatics (Computer Science),Bachelor,SAP FICO,6,"Software Engineering, Hardware / Embedded, IT Support / Admin / ERP, DevOps / Cloud, Data / ML / AI, Security, QA / Testing, Technical Management, UX / Product Design"
National Polytechnic University of Armenia,Informatics (Computer Science),Bachelor,IT Auditing,1,"Software Engineering, Hardware / Embedded, IT Support / Admin / ERP, DevOps / Cloud, Data / ML / AI, Security, QA / Testing, Technical Management, UX / Product Design"
National Polytechnic University of Armenia,Informatics (Computer Science),Bachelor,Group Policy,1,"Software Engineering, Hardware / Embedded, IT Support / Admin / ERP, DevOps / Cloud, Data / ML / AI, Security, QA / Testing, Technical Management, UX / Product Design"
National Polytechnic University of Armenia,Informatics (Computer Science),Bachelor,Analytics,6,"Software Engineering, Hardware / Embedded, IT Support / Admin / ERP, DevOps / Cloud, Data / ML / AI, Security, QA / Testing, Technical Management, UX / Product Design"
National Polytechnic University of Armenia,Informatics (Computer Science),Bachelor,Distributed Systems,34,"Software Engineering, Hardware / Embedded, IT Support / Admin / ERP, DevOps / Cloud, Data / ML / AI, Security, QA / Testing, Technical Management, UX / Product Design"
National Polytechnic University of Armenia,Informatics (Computer Science),Bachelor,Project Based Learning,4,"Software Engineering, Hardware / Embedded, IT Support / Admin / ERP, DevOps / Cloud, Data / ML / AI, Security, QA / Testing, Technical Management, UX / Product Design"
National Polytechnic University of Armenia,Informatics (Computer Science),Bachelor,Design for Testability (DFT),9,"Software Engineering, Hardware / Embedded, IT Support / Admin / ERP, DevOps / Cloud, Data / ML / AI, Security, QA / Testing, Technical Management, UX / Product Design"
National Polytechnic University of Armenia,Informatics (Computer Science),Bachelor,Okta,5,"Software Engineering, Hardware / Embedded, IT Support / Admin / ERP, DevOps / Cloud, Data / ML / AI, Security, QA / Testing, Technical Management, UX / Product Design"
National Polytechnic University of Armenia,Informatics (Computer Science),Bachelor,pytest,5,"Software Engineering, Hardware / Embedded, IT Support / Admin / ERP, DevOps / Cloud, Data / ML / AI, Security, QA / Testing, Technical Management, UX / Product Design"
National Polytechnic University of Armenia,Informatics (Computer Science),Bachelor,Requirements Analysis,5,"Software Engineering, Hardware / Embedded, IT Support / Admin / ERP, DevOps / Cloud, Data / ML / AI, Security, QA / Testing, Technical Management, UX / Product Design"
National Polytechnic University of Armenia,Informatics (Computer Science),Bachelor,Microsoft Project,3,"Software Engineering, Hardware / Embedded, IT Support / Admin / ERP, DevOps / Cloud, Data / ML / AI, Security, QA / Testing, Technical Management, UX / Product Design"
National Polytechnic University of Armenia,Informatics (Computer Science),Bachelor,App Preview Video,1,"Software Engineering, Hardware / Embedded, IT Support / Admin / ERP, DevOps / Cloud, Data / ML / AI, Security, QA / Testing, Technical Management, UX / Product Design"
National Polytechnic University of Armenia,Informatics (Computer Science),Bachelor,Data Pipelines,16,"Software Engineering, Hardware / Embedded, IT Support / Admin / ERP, DevOps / Cloud, Data / ML / AI, Security, QA / Testing, Technical Management, UX / Product Design"
National Polytechnic University of Armenia,Informatics (Computer Science),Bachelor,Video Surveillance Systems,2,"Software Engineering, Hardware / Embedded, IT Support / Admin / ERP, DevOps / Cloud, Data / ML / AI, Security, QA / Testing, Technical Management, UX / Product Design"
National Polytechnic University of Armenia,Informatics (Computer Science),Bachelor,Apache Spark,9,"Software Engineering, Hardware / Embedded, IT Support / Admin / ERP, DevOps / Cloud, Data / ML / AI, Security, QA / Testing, Technical Management, UX / Product Design"
National Polytechnic University of Armenia,Informatics (Computer Science),Bachelor,Multi-Factor Authentication,2,"Software Engineering, Hardware / Embedded, IT Support / Admin / ERP, DevOps / Cloud, Data / ML / AI, Security, QA / Testing, Technical Management, UX / Product Design"
National Polytechnic University of Armenia,Informatics (Computer Science),Bachelor,Chroma Keying,2,"Software Engineering, Hardware / Embedded, IT Support / Admin / ERP, DevOps / Cloud, Data / ML / AI, Security, QA / Testing, Technical Management, UX / Product Design"
National Polytechnic University of Armenia,Informatics (Computer Science),Bachelor,Interaction Design,4,"Software Engineering, Hardware / Embedded, IT Support / Admin / ERP, DevOps / Cloud, Data / ML / AI, Security, QA / Testing, Technical Management, UX / Product Design"
National Polytechnic University of Armenia,Informatics (Computer Science),Bachelor,Figma,17,"Software Engineering, Hardware / Embedded, IT Support / Admin / ERP, DevOps / Cloud, Data / ML / AI, Security, QA / Testing, Technical Management, UX / Product Design"
National Polytechnic University of Armenia,Informatics (Computer Science),Bachelor,Incident Management,4,"Software Engineering, Hardware / Embedded, IT Support / Admin / ERP, DevOps / Cloud, Data / ML / AI, Security, QA / Testing, Technical Management, UX / Product Design"
National Polytechnic University of Armenia,Informatics (Computer Science),Bachelor,Safety Procedures,2,"Software Engineering, Hardware / Embedded, IT Support / Admin / ERP, DevOps / Cloud, Data / ML / AI, Security, QA / Testing, Technical Management, UX / Product Design"
National Polytechnic University of Armenia,Informatics (Computer Science),Bachelor,Security Auditing,2,"Software Engineering, Hardware / Embedded, IT Support / Admin / ERP, DevOps / Cloud, Data / ML / AI, Security, QA / Testing, Technical Management, UX / Product Design"
National Polytechnic University of Armenia,Informatics (Computer Science),Bachelor,Machine Learning,44,"Software Engineering, Hardware / Embedded, IT Support / Admin / ERP, DevOps / Cloud, Data / ML / AI, Security, QA / Testing, Technical Management, UX / Product Design"
National Polytechnic University of Armenia,Informatics (Computer Science),Bachelor,Okta Universal Directory,2,"Software Engineering, Hardware / Embedded, IT Support / Admin / ERP, DevOps / Cloud, Data / ML / AI, Security, QA / Testing, Technical Management, UX / Product Design"
National Polytechnic University of Armenia,Informatics (Computer Science),Bachelor,DevSecOps,2,"Software Engineering, Hardware / Embedded, IT Support / Admin / ERP, DevOps / Cloud, Data / ML / AI, Security, QA / Testing, Technical Management, UX / Product Design"
National Polytechnic University of Armenia,Informatics (Computer Science),Bachelor,Dashboard Development,9,"Software Engineering, Hardware / Embedded, IT Support / Admin / ERP, DevOps / Cloud, Data / ML / AI, Security, QA / Testing, Technical Management, UX / Product Design"
National Polytechnic University of Armenia,Informatics (Computer Science),Bachelor,App Store Optimization,1,"Software Engineering, Hardware / Embedded, IT Support / Admin / ERP, DevOps / Cloud, Data / ML / AI, Security, QA / Testing, Technical Management, UX / Product Design"
National Polytechnic University of Armenia,Informatics (Computer Science),Bachelor,Deep Learning,11,"Software Engineering, Hardware / Embedded, IT Support / Admin / ERP, DevOps / Cloud, Data / ML / AI, Security, QA / Testing, Technical Management, UX / Product Design"
National Polytechnic University of Armenia,Informatics (Computer Science),Bachelor,AI-Driven Design Software,2,"Software Engineering, Hardware / Embedded, IT Support / Admin / ERP, DevOps / Cloud, Data / ML / AI, Security, QA / Testing, Technical Management, UX / Product Design"
National Polytechnic University of Armenia,Informatics (Computer Science),Bachelor,Test Case Design,4,"Software Engineering, Hardware / Embedded, IT Support / Admin / ERP, DevOps / Cloud, Data / ML / AI, Security, QA / Testing, Technical Management, UX / Product Design"
National Polytechnic University of Armenia,Informatics (Computer Science),Bachelor,PyTorch,8,"Software Engineering, Hardware / Embedded, IT Support / Admin / ERP, DevOps / Cloud, Data / ML / AI, Security, QA / Testing, Technical Management, UX / Product Design"
National Polytechnic University of Armenia,Informatics (Computer Science),Bachelor,ASP.NET Core,18,"Software Engineering, Hardware / Embedded, IT Support / Admin / ERP, DevOps / Cloud, Data / ML / AI, Security, QA / Testing, Technical Management, UX / Product Design"
National Polytechnic University of Armenia,Informatics (Computer Science),Bachelor,Circuit Board Layout,2,"Software Engineering, Hardware / Embedded, IT Support / Admin / ERP, DevOps / Cloud, Data / ML / AI, Security, QA / Testing, Technical Management, UX / Product Design"
National Polytechnic University of Armenia,Informatics (Computer Science),Bachelor,Risk Management,2,"Software Engineering, Hardware / Embedded, IT Support / Admin / ERP, DevOps / Cloud, Data / ML / AI, Security, QA / Testing, Technical Management, UX / Product Design"
National Polytechnic University of Armenia,Informatics (Computer Science),Bachelor,Static Application Security Testing (SAST),1,"Software Engineering, Hardware / Embedded, IT Support / Admin / ERP, DevOps / Cloud, Data / ML / AI, Security, QA / Testing, Technical Management, UX / Product Design"
National Polytechnic University of Armenia,Informatics (Computer Science),Bachelor,PowerShell,6,"Software Engineering, Hardware / Embedded, IT Support / Admin / ERP, DevOps / Cloud, Data / ML / AI, Security, QA / Testing, Technical Management, UX / Product Design"
National Polytechnic University of Armenia,Informatics (Computer Science),Bachelor,Windows Server,4,"Software Engineering, Hardware / Embedded, IT Support / Admin / ERP, DevOps / Cloud, Data / ML / AI, Security, QA / Testing, Technical Management, UX / Product Design"
National Polytechnic University of Armenia,Informatics (Computer Science),Bachelor,Docker,51,"Software Engineering, Hardware / Embedded, IT Support / Admin / ERP, DevOps / Cloud, Data / ML / AI, Security, QA / Testing, Technical Management, UX / Product Design"
National Polytechnic University of Armenia,Informatics (Computer Science),Bachelor,UX Research,1,"Software Engineering, Hardware / Embedded, IT Support / Admin / ERP, DevOps / Cloud, Data / ML / AI, Security, QA / Testing, Technical Management, UX / Product Design"
National Polytechnic University of Armenia,Informatics (Computer Science),Bachelor,ABAP,8,"Software Engineering, Hardware / Embedded, IT Support / Admin / ERP, DevOps / Cloud, Data / ML / AI, Security, QA / Testing, Technical Management, UX / Product Design"
National Polytechnic University of Armenia,Informatics (Computer Science),Bachelor,App Icon Design,1,"Software Engineering, Hardware / Embedded, IT Support / Admin / ERP, DevOps / Cloud, Data / ML / AI, Security, QA / Testing, Technical Management, UX / Product Design"
National Polytechnic University of Armenia,Informatics (Computer Science),Bachelor,Active Directory,7,"Software Engineering, Hardware / Embedded, IT Support / Admin / ERP, DevOps / Cloud, Data / ML / AI, Security, QA / Testing, Technical Management, UX / Product Design"
National Polytechnic University of Armenia,Informatics (Computer Science),Bachelor,Clock Tree Synthesis,5,"Software Engineering, Hardware / Embedded, IT Support / Admin / ERP, DevOps / Cloud, Data / ML / AI, Security, QA / Testing, Technical Management, UX / Product Design"
National Polytechnic University of Armenia,Informatics (Computer Science),Bachelor,Cloud Platforms,20,"Software Engineering, Hardware / Embedded, IT Support / Admin / ERP, DevOps / Cloud, Data / ML / AI, Security, QA / Testing, Technical Management, UX / Product Design"
National Polytechnic University of Armenia,Informatics (Computer Science),Bachelor,Real-Time Data Processing,1,"Software Engineering, Hardware / Embedded, IT Support / Admin / ERP, DevOps / Cloud, Data / ML / AI, Security, QA / Testing, Technical Management, UX / Product Design"
National Polytechnic University of Armenia,Informatics (Computer Science),Bachelor,VMware,7,"Software Engineering, Hardware / Embedded, IT Support / Admin / ERP, DevOps / Cloud, Data / ML / AI, Security, QA / Testing, Technical Management, UX / Product Design"
National Polytechnic University of Armenia,Informatics (Computer Science),Bachelor,SAP S/4HANA,15,"Software Engineering, Hardware / Embedded, IT Support / Admin / ERP, DevOps / Cloud, Data / ML / AI, Security, QA / Testing, Technical Management, UX / Product Design"
National Polytechnic University of Armenia,Informatics (Computer Science),Bachelor,Adobe Creative Cloud,1,"Software Engineering, Hardware / Embedded, IT Support / Admin / ERP, DevOps / Cloud, Data / ML / AI, Security, QA / Testing, Technical Management, UX / Product Design"
National Polytechnic University of Armenia,Informatics (Computer Science),Bachelor,Mobile Application Testing,6,"Software Engineering, Hardware / Embedded, IT Support / Admin / ERP, DevOps / Cloud, Data / ML / AI, Security, QA / Testing, Technical Management, UX / Product Design"
National Polytechnic University of Armenia,Informatics (Computer Science),Bachelor,User Interface Design,1,"Software Engineering, Hardware / Embedded, IT Support / Admin / ERP, DevOps / Cloud, Data / ML / AI, Security, QA / Testing, Technical Management, UX / Product Design"
National Polytechnic University of Armenia,Informatics (Computer Science),Bachelor,Scrum,14,"Software Engineering, Hardware / Embedded, IT Support / Admin / ERP, DevOps / Cloud, Data / ML / AI, Security, QA / Testing, Technical Management, UX / Product Design"
National Polytechnic University of Armenia,Informatics (Computer Science),Bachelor,Manual Testing,13,"Software Engineering, Hardware / Embedded, IT Support / Admin / ERP, DevOps / Cloud, Data / ML / AI, Security, QA / Testing, Technical Management, UX / Product Design"
National Polytechnic University of Armenia,Informatics (Computer Science),Bachelor,Curriculum Development,3,"Software Engineering, Hardware / Embedded, IT Support / Admin / ERP, DevOps / Cloud, Data / ML / AI, Security, QA / Testing, Technical Management, UX / Product Design"
National Polytechnic University of Armenia,Informatics (Computer Science),Bachelor,Microsoft Azure,27,"Software Engineering, Hardware / Embedded, IT Support / Admin / ERP, DevOps / Cloud, Data / ML / AI, Security, QA / Testing, Technical Management, UX / Product Design"
National Polytechnic University of Armenia,Informatics (Computer Science),Bachelor,Bash,9,"Software Engineering, Hardware / Embedded, IT Support / Admin / ERP, DevOps / Cloud, Data / ML / AI, Security, QA / Testing, Technical Management, UX / Product Design"
National Polytechnic University of Armenia,Informatics (Computer Science),Bachelor,Azure DevOps,9,"Software Engineering, Hardware / Embedded, IT Support / Admin / ERP, DevOps / Cloud, Data / ML / AI, Security, QA / Testing, Technical Management, UX / Product Design"
National Polytechnic University of Armenia,Informatics (Computer Science),Bachelor,Layout Versus Schematic (LVS),3,"Software Engineering, Hardware / Embedded, IT Support / Admin / ERP, DevOps / Cloud, Data / ML / AI, Security, QA / Testing, Technical Management, UX / Product Design"
National Polytechnic University of Armenia,Informatics (Computer Science),Bachelor,SystemVerilog,5,"Software Engineering, Hardware / Embedded, IT Support / Admin / ERP, DevOps / Cloud, Data / ML / AI, Security, QA / Testing, Technical Management, UX / Product Design"
National Polytechnic University of Armenia,Informatics (Computer Science),Bachelor,Single Sign-On,3,"Software Engineering, Hardware / Embedded, IT Support / Admin / ERP, DevOps / Cloud, Data / ML / AI, Security, QA / Testing, Technical Management, UX / Product Design"
National Polytechnic University of Armenia,Informatics (Computer Science),Bachelor,Tableau,8,"Software Engineering, Hardware / Embedded, IT Support / Admin / ERP, DevOps / Cloud, Data / ML / AI, Security, QA / Testing, Technical Management, UX / Product Design"
National Polytechnic University of Armenia,Informatics (Computer Science),Bachelor,SDC,5,"Software Engineering, Hardware / Embedded, IT Support / Admin / ERP, DevOps / Cloud, Data / ML / AI, Security, QA / Testing, Technical Management, UX / Product Design"
National Polytechnic University of Armenia,Informatics (Computer Science),Bachelor,Operating System Support,3,"Software Engineering, Hardware / Embedded, IT Support / Admin / ERP, DevOps / Cloud, Data / ML / AI, Security, QA / Testing, Technical Management, UX / Product Design"
National Polytechnic University of Armenia,Informatics (Computer Science),Bachelor,Fortinet,1,"Software Engineering, Hardware / Embedded, IT Support / Admin / ERP, DevOps / Cloud, Data / ML / AI, Security, QA / Testing, Technical Management, UX / Product Design"
National Polytechnic University of Armenia,Informatics (Computer Science),Bachelor,Qualitative Analysis,1,"Software Engineering, Hardware / Embedded, IT Support / Admin / ERP, DevOps / Cloud, Data / ML / AI, Security, QA / Testing, Technical Management, UX / Product Design"
National Polytechnic University of Armenia,Informatics (Computer Science),Bachelor,ELK Stack,1,"Software Engineering, Hardware / Embedded, IT Support / Admin / ERP, DevOps / Cloud, Data / ML / AI, Security, QA / Testing, Technical Management, UX / Product Design"
National Polytechnic University of Armenia,Informatics (Computer Science),Bachelor,CCTV Systems,2,"Software Engineering, Hardware / Embedded, IT Support / Admin / ERP, DevOps / Cloud, Data / ML / AI, Security, QA / Testing, Technical Management, UX / Product Design"
National Polytechnic University of Armenia,Informatics (Computer Science),Bachelor,Virtual Private Network,4,"Software Engineering, Hardware / Embedded, IT Support / Admin / ERP, DevOps / Cloud, Data / ML / AI, Security, QA / Testing, Technical Management, UX / Product Design"
National Polytechnic University of Armenia,Informatics (Computer Science),Bachelor,Incident Response,4,"Software Engineering, Hardware / Embedded, IT Support / Admin / ERP, DevOps / Cloud, Data / ML / AI, Security, QA / Testing, Technical Management, UX / Product Design"
National Polytechnic University of Armenia,Informatics (Computer Science),Bachelor,Single Page Application,2,"Software Engineering, Hardware / Embedded, IT Support / Admin / ERP, DevOps / Cloud, Data / ML / AI, Security, QA / Testing, Technical Management, UX / Product Design"
National Polytechnic University of Armenia,Informatics (Computer Science),Bachelor,Large Language Models,37,"Software Engineering, Hardware / Embedded, IT Support / Admin / ERP, DevOps / Cloud, Data / ML / AI, Security, QA / Testing, Technical Management, UX / Product Design"
National Polytechnic University of Armenia,Informatics (Computer Science),Bachelor,Jenkins,15,"Software Engineering, Hardware / Embedded, IT Support / Admin / ERP, DevOps / Cloud, Data / ML / AI, Security, QA / Testing, Technical Management, UX / Product Design"
National Polytechnic University of Armenia,Informatics (Computer Science),Bachelor,Adobe Photoshop,3,"Software Engineering, Hardware / Embedded, IT Support / Admin / ERP, DevOps / Cloud, Data / ML / AI, Security, QA / Testing, Technical Management, UX / Product Design"
National Polytechnic University of Armenia,Informatics (Computer Science),Bachelor,Calibre DRC,2,"Software Engineering, Hardware / Embedded, IT Support / Admin / ERP, DevOps / Cloud, Data / ML / AI, Security, QA / Testing, Technical Management, UX / Product Design"
National Polytechnic University of Armenia,Informatics (Computer Science),Bachelor,Grafana,10,"Software Engineering, Hardware / Embedded, IT Support / Admin / ERP, DevOps / Cloud, Data / ML / AI, Security, QA / Testing, Technical Management, UX / Product Design"
National Polytechnic University of Armenia,Informatics (Computer Science),Bachelor,Identity and Access Management,6,"Software Engineering, Hardware / Embedded, IT Support / Admin / ERP, DevOps / Cloud, Data / ML / AI, Security, QA / Testing, Technical Management, UX / Product Design"
National Polytechnic University of Armenia,Informatics (Computer Science),Bachelor,ISO 27001,1,"Software Engineering, Hardware / Embedded, IT Support / Admin / ERP, DevOps / Cloud, Data / ML / AI, Security, QA / Testing, Technical Management, UX / Product Design"
National Polytechnic University of Armenia,Informatics (Computer Science),Bachelor,TCP/IP,9,"Software Engineering, Hardware / Embedded, IT Support / Admin / ERP, DevOps / Cloud, Data / ML / AI, Security, QA / Testing, Technical Management, UX / Product Design"
National Polytechnic University of Armenia,Informatics (Computer Science),Bachelor,Splunk,1,"Software Engineering, Hardware / Embedded, IT Support / Admin / ERP, DevOps / Cloud, Data / ML / AI, Security, QA / Testing, Technical Management, UX / Product Design"
National Polytechnic University of Armenia,Informatics (Computer Science),Bachelor,Mobile-First Design,1,"Software Engineering, Hardware / Embedded, IT Support / Admin / ERP, DevOps / Cloud, Data / ML / AI, Security, QA / Testing, Technical Management, UX / Product Design"
National Polytechnic University of Armenia,Informatics (Computer Science),Bachelor,Adobe Illustrator,2,"Software Engineering, Hardware / Embedded, IT Support / Admin / ERP, DevOps / Cloud, Data / ML / AI, Security, QA / Testing, Technical Management, UX / Product Design"
National Polytechnic University of Armenia,Informatics (Computer Science),Bachelor,Penetration Testing,3,"Software Engineering, Hardware / Embedded, IT Support / Admin / ERP, DevOps / Cloud, Data / ML / AI, Security, QA / Testing, Technical Management, UX / Product Design"
National Polytechnic University of Armenia,Informatics (Computer Science),Bachelor,Power Performance Area (PPA) Optimization,2,"Software Engineering, Hardware / Embedded, IT Support / Admin / ERP, DevOps / Cloud, Data / ML / AI, Security, QA / Testing, Technical Management, UX / Product Design"
National Polytechnic University of Armenia,Informatics (Computer Science),Bachelor,Burp Suite,1,"Software Engineering, Hardware / Embedded, IT Support / Admin / ERP, DevOps / Cloud, Data / ML / AI, Security, QA / Testing, Technical Management, UX / Product Design"
National Polytechnic University of Armenia,Informatics (Computer Science),Bachelor,Equipment Installation,2,"Software Engineering, Hardware / Embedded, IT Support / Admin / ERP, DevOps / Cloud, Data / ML / AI, Security, QA / Testing, Technical Management, UX / Product Design"
National Polytechnic University of Armenia,Informatics (Computer Science),Bachelor,LDAP,5,"Software Engineering, Hardware / Embedded, IT Support / Admin / ERP, DevOps / Cloud, Data / ML / AI, Security, QA / Testing, Technical Management, UX / Product Design"
National Polytechnic University of Armenia,Informatics (Computer Science),Bachelor,HDMI,2,"Software Engineering, Hardware / Embedded, IT Support / Admin / ERP, DevOps / Cloud, Data / ML / AI, Security, QA / Testing, Technical Management, UX / Product Design"
National Polytechnic University of Armenia,Informatics (Computer Science),Bachelor,Threat Intelligence,1,"Software Engineering, Hardware / Embedded, IT Support / Admin / ERP, DevOps / Cloud, Data / ML / AI, Security, QA / Testing, Technical Management, UX / Product Design"
National Polytechnic University of Armenia,Informatics (Computer Science),Bachelor,Application Security,2,"Software Engineering, Hardware / Embedded, IT Support / Admin / ERP, DevOps / Cloud, Data / ML / AI, Security, QA / Testing, Technical Management, UX / Product Design"
National Polytechnic University of Armenia,Informatics (Computer Science),Bachelor,Floorplanning,4,"Software Engineering, Hardware / Embedded, IT Support / Admin / ERP, DevOps / Cloud, Data / ML / AI, Security, QA / Testing, Technical Management, UX / Product Design"
National Polytechnic University of Armenia,Informatics (Computer Science),Bachelor,Network Security,3,"Software Engineering, Hardware / Embedded, IT Support / Admin / ERP, DevOps / Cloud, Data / ML / AI, Security, QA / Testing, Technical Management, UX / Product Design"
National Polytechnic University of Armenia,Informatics (Computer Science),Bachelor,Datadog,5,"Software Engineering, Hardware / Embedded, IT Support / Admin / ERP, DevOps / Cloud, Data / ML / AI, Security, QA / Testing, Technical Management, UX / Product Design"
National Polytechnic University of Armenia,Informatics (Computer Science),Bachelor,Cisco,2,"Software Engineering, Hardware / Embedded, IT Support / Admin / ERP, DevOps / Cloud, Data / ML / AI, Security, QA / Testing, Technical Management, UX / Product Design"
National Polytechnic University of Armenia,Informatics (Computer Science),Bachelor,Account Management,2,"Software Engineering, Hardware / Embedded, IT Support / Admin / ERP, DevOps / Cloud, Data / ML / AI, Security, QA / Testing, Technical Management, UX / Product Design"
National Polytechnic University of Armenia,Informatics (Computer Science),Bachelor,Master Data Management,3,"Software Engineering, Hardware / Embedded, IT Support / Admin / ERP, DevOps / Cloud, Data / ML / AI, Security, QA / Testing, Technical Management, UX / Product Design"
National Polytechnic University of Armenia,Informatics (Computer Science),Bachelor,Angular,20,"Software Engineering, Hardware / Embedded, IT Support / Admin / ERP, DevOps / Cloud, Data / ML / AI, Security, QA / Testing, Technical Management, UX / Product Design"
National Polytechnic University of Armenia,Informatics (Computer Science),Bachelor,ABAP Core Data Services,3,"Software Engineering, Hardware / Embedded, IT Support / Admin / ERP, DevOps / Cloud, Data / ML / AI, Security, QA / Testing, Technical Management, UX / Product Design"
National Polytechnic University of Armenia,Informatics (Computer Science),Bachelor,Test Planning,6,"Software Engineering, Hardware / Embedded, IT Support / Admin / ERP, DevOps / Cloud, Data / ML / AI, Security, QA / Testing, Technical Management, UX / Product Design"
National Polytechnic University of Armenia,Informatics (Computer Science),Bachelor,Cybersecurity,2,"Software Engineering, Hardware / Embedded, IT Support / Admin / ERP, DevOps / Cloud, Data / ML / AI, Security, QA / Testing, Technical Management, UX / Product Design"
National Polytechnic University of Armenia,Informatics (Computer Science),Bachelor,Web Application Testing,5,"Software Engineering, Hardware / Embedded, IT Support / Admin / ERP, DevOps / Cloud, Data / ML / AI, Security, QA / Testing, Technical Management, UX / Product Design"
National Polytechnic University of Armenia,Informatics (Computer Science),Bachelor,Bug Bounty Programs,1,"Software Engineering, Hardware / Embedded, IT Support / Admin / ERP, DevOps / Cloud, Data / ML / AI, Security, QA / Testing, Technical Management, UX / Product Design"
National Polytechnic University of Armenia,Informatics (Computer Science),Bachelor,Compliance,4,"Software Engineering, Hardware / Embedded, IT Support / Admin / ERP, DevOps / Cloud, Data / ML / AI, Security, QA / Testing, Technical Management, UX / Product Design"
National Polytechnic University of Armenia,Informatics (Computer Science),Bachelor,IT Governance,1,"Software Engineering, Hardware / Embedded, IT Support / Admin / ERP, DevOps / Cloud, Data / ML / AI, Security, QA / Testing, Technical Management, UX / Product Design"
National Polytechnic University of Armenia,Informatics (Computer Science),Bachelor,Broadcast Equipment,2,"Software Engineering, Hardware / Embedded, IT Support / Admin / ERP, DevOps / Cloud, Data / ML / AI, Security, QA / Testing, Technical Management, UX / Product Design"
National Polytechnic University of Armenia,Informatics (Computer Science),Bachelor,Hardware Troubleshooting,6,"Software Engineering, Hardware / Embedded, IT Support / Admin / ERP, DevOps / Cloud, Data / ML / AI, Security, QA / Testing, Technical Management, UX / Product Design"
National Polytechnic University of Armenia,Informatics (Computer Science),Bachelor,Artificial Intelligence,6,"Software Engineering, Hardware / Embedded, IT Support / Admin / ERP, DevOps / Cloud, Data / ML / AI, Security, QA / Testing, Technical Management, UX / Product Design"
National Polytechnic University of Armenia,Informatics (Computer Science),Bachelor,Quantitative Research Methods,1,"Software Engineering, Hardware / Embedded, IT Support / Admin / ERP, DevOps / Cloud, Data / ML / AI, Security, QA / Testing, Technical Management, UX / Product Design"
National Polytechnic University of Armenia,Informatics (Computer Science),Bachelor,Low-Latency Systems,2,"Software Engineering, Hardware / Embedded, IT Support / Admin / ERP, DevOps / Cloud, Data / ML / AI, Security, QA / Testing, Technical Management, UX / Product Design"
National Polytechnic University of Armenia,Informatics (Computer Science),Bachelor,"GRC (Governance, Risk & Compliance)",1,"Software Engineering, Hardware / Embedded, IT Support / Admin / ERP, DevOps / Cloud, Data / ML / AI, Security, QA / Testing, Technical Management, UX / Product Design"
National Polytechnic University of Armenia,Informatics (Computer Science),Bachelor,AWS,73,"Software Engineering, Hardware / Embedded, IT Support / Admin / ERP, DevOps / Cloud, Data / ML / AI, Security, QA / Testing, Technical Management, UX / Product Design"
National Polytechnic University of Armenia,Informatics (Computer Science),Bachelor,Verilog,2,"Software Engineering, Hardware / Embedded, IT Support / Admin / ERP, DevOps / Cloud, Data / ML / AI, Security, QA / Testing, Technical Management, UX / Product Design"
National Polytechnic University of Armenia,Informatics (Computer Science),Bachelor,Retrieval-Augmented Generation,12,"Software Engineering, Hardware / Embedded, IT Support / Admin / ERP, DevOps / Cloud, Data / ML / AI, Security, QA / Testing, Technical Management, UX / Product Design"
National Polytechnic University of Armenia,Informatics (Computer Science),Bachelor,SAP Configuration,8,"Software Engineering, Hardware / Embedded, IT Support / Admin / ERP, DevOps / Cloud, Data / ML / AI, Security, QA / Testing, Technical Management, UX / Product Design"
National Polytechnic University of Armenia,Informatics (Computer Science),Bachelor,RTL Design,6,"Software Engineering, Hardware / Embedded, IT Support / Admin / ERP, DevOps / Cloud, Data / ML / AI, Security, QA / Testing, Technical Management, UX / Product Design"
National Polytechnic University of Armenia,Informatics (Computer Science),Bachelor,Ansible,5,"Software Engineering, Hardware / Embedded, IT Support / Admin / ERP, DevOps / Cloud, Data / ML / AI, Security, QA / Testing, Technical Management, UX / Product Design"
National Polytechnic University of Armenia,Informatics (Computer Science),Bachelor,Backend Development,25,"Software Engineering, Hardware / Embedded, IT Support / Admin / ERP, DevOps / Cloud, Data / ML / AI, Security, QA / Testing, Technical Management, UX / Product Design"
National Polytechnic University of Armenia,Informatics (Computer Science),Bachelor,Tcl,15,"Software Engineering, Hardware / Embedded, IT Support / Admin / ERP, DevOps / Cloud, Data / ML / AI, Security, QA / Testing, Technical Management, UX / Product Design"
National Polytechnic University of Armenia,Informatics (Computer Science),Bachelor,Mobile Application Design,1,"Software Engineering, Hardware / Embedded, IT Support / Admin / ERP, DevOps / Cloud, Data / ML / AI, Security, QA / Testing, Technical Management, UX / Product Design"
National Polytechnic University of Armenia,Informatics (Computer Science),Bachelor,Selenium,11,"Software Engineering, Hardware / Embedded, IT Support / Admin / ERP, DevOps / Cloud, Data / ML / AI, Security, QA / Testing, Technical Management, UX / Product Design"
National Polytechnic University of Armenia,Informatics (Computer Science),Bachelor,E-Commerce,1,"Software Engineering, Hardware / Embedded, IT Support / Admin / ERP, DevOps / Cloud, Data / ML / AI, Security, QA / Testing, Technical Management, UX / Product Design"
National Polytechnic University of Armenia,Informatics (Computer Science),Bachelor,ASIC Design,13,"Software Engineering, Hardware / Embedded, IT Support / Admin / ERP, DevOps / Cloud, Data / ML / AI, Security, QA / Testing, Technical Management, UX / Product Design"
National Polytechnic University of Armenia,Informatics (Computer Science),Bachelor,NGFW Firewalls,1,"Software Engineering, Hardware / Embedded, IT Support / Admin / ERP, DevOps / Cloud, Data / ML / AI, Security, QA / Testing, Technical Management, UX / Product Design"
National Polytechnic University of Armenia,Informatics (Computer Science),Bachelor,Microsoft System Center Configuration Manager,1,"Software Engineering, Hardware / Embedded, IT Support / Admin / ERP, DevOps / Cloud, Data / ML / AI, Security, QA / Testing, Technical Management, UX / Product Design"
National Polytechnic University of Armenia,Informatics (Computer Science),Bachelor,Privilege Escalation,1,"Software Engineering, Hardware / Embedded, IT Support / Admin / ERP, DevOps / Cloud, Data / ML / AI, Security, QA / Testing, Technical Management, UX / Product Design"
National Polytechnic University of Armenia,Informatics (Computer Science),Bachelor,User Research,8,"Software Engineering, Hardware / Embedded, IT Support / Admin / ERP, DevOps / Cloud, Data / ML / AI, Security, QA / Testing, Technical Management, UX / Product Design"
National Polytechnic University of Armenia,Informatics (Computer Science),Bachelor,Usability Testing,4,"Software Engineering, Hardware / Embedded, IT Support / Admin / ERP, DevOps / Cloud, Data / ML / AI, Security, QA / Testing, Technical Management, UX / Product Design"
National Polytechnic University of Armenia,Informatics (Computer Science),Bachelor,Competitor Analysis,1,"Software Engineering, Hardware / Embedded, IT Support / Admin / ERP, DevOps / Cloud, Data / ML / AI, Security, QA / Testing, Technical Management, UX / Product Design"
National Polytechnic University of Armenia,Informatics (Computer Science),Bachelor,DevOps,16,"Software Engineering, Hardware / Embedded, IT Support / Admin / ERP, DevOps / Cloud, Data / ML / AI, Security, QA / Testing, Technical Management, UX / Product Design"
National Polytechnic University of Armenia,Informatics (Computer Science),Bachelor,Web and Mobile Design,1,"Software Engineering, Hardware / Embedded, IT Support / Admin / ERP, DevOps / Cloud, Data / ML / AI, Security, QA / Testing, Technical Management, UX / Product Design"
National Polytechnic University of Armenia,Informatics (Computer Science),Bachelor,Jira,19,"Software Engineering, Hardware / Embedded, IT Support / Admin / ERP, DevOps / Cloud, Data / ML / AI, Security, QA / Testing, Technical Management, UX / Product Design"
National Polytechnic University of Armenia,Informatics (Computer Science),Bachelor,System Design,3,"Software Engineering, Hardware / Embedded, IT Support / Admin / ERP, DevOps / Cloud, Data / ML / AI, Security, QA / Testing, Technical Management, UX / Product Design"
National Polytechnic University of Armenia,Informatics (Computer Science),Bachelor,Print Design,1,"Software Engineering, Hardware / Embedded, IT Support / Admin / ERP, DevOps / Cloud, Data / ML / AI, Security, QA / Testing, Technical Management, UX / Product Design"
National Polytechnic University of Armenia,Informatics (Computer Science),Bachelor,TypeScript,78,"Software Engineering, Hardware / Embedded, IT Support / Admin / ERP, DevOps / Cloud, Data / ML / AI, Security, QA / Testing, Technical Management, UX / Product Design"
National Polytechnic University of Armenia,Informatics (Computer Science),Bachelor,VLSI,2,"Software Engineering, Hardware / Embedded, IT Support / Admin / ERP, DevOps / Cloud, Data / ML / AI, Security, QA / Testing, Technical Management, UX / Product Design"
National Polytechnic University of Armenia,Informatics (Computer Science),Bachelor,SoC Design,2,"Software Engineering, Hardware / Embedded, IT Support / Admin / ERP, DevOps / Cloud, Data / ML / AI, Security, QA / Testing, Technical Management, UX / Product Design"
National Polytechnic University of Armenia,Informatics (Computer Science),Bachelor,Functional Testing,7,"Software Engineering, Hardware / Embedded, IT Support / Admin / ERP, DevOps / Cloud, Data / ML / AI, Security, QA / Testing, Technical Management, UX / Product Design"
National Polytechnic University of Armenia,Informatics (Computer Science),Bachelor,ETL,16,"Software Engineering, Hardware / Embedded, IT Support / Admin / ERP, DevOps / Cloud, Data / ML / AI, Security, QA / Testing, Technical Management, UX / Product Design"
National Polytechnic University of Armenia,Informatics (Computer Science),Bachelor,SAP Sales and Distribution,3,"Software Engineering, Hardware / Embedded, IT Support / Admin / ERP, DevOps / Cloud, Data / ML / AI, Security, QA / Testing, Technical Management, UX / Product Design"
National Polytechnic University of Armenia,Informatics (Computer Science),Bachelor,Perl,7,"Software Engineering, Hardware / Embedded, IT Support / Admin / ERP, DevOps / Cloud, Data / ML / AI, Security, QA / Testing, Technical Management, UX / Product Design"
National Polytechnic University of Armenia,Informatics (Computer Science),Bachelor,macOS,5,"Software Engineering, Hardware / Embedded, IT Support / Admin / ERP, DevOps / Cloud, Data / ML / AI, Security, QA / Testing, Technical Management, UX / Product Design"
National Polytechnic University of Armenia,Informatics (Computer Science),Bachelor,Conversion Rate Optimization,2,"Software Engineering, Hardware / Embedded, IT Support / Admin / ERP, DevOps / Cloud, Data / ML / AI, Security, QA / Testing, Technical Management, UX / Product Design"
National Polytechnic University of Armenia,Informatics (Computer Science),Bachelor,Quality Assurance,7,"Software Engineering, Hardware / Embedded, IT Support / Admin / ERP, DevOps / Cloud, Data / ML / AI, Security, QA / Testing, Technical Management, UX / Product Design"
National Polytechnic University of Armenia,Informatics (Computer Science),Bachelor,Data Center Infrastructure Management (DCIM),5,"Software Engineering, Hardware / Embedded, IT Support / Admin / ERP, DevOps / Cloud, Data / ML / AI, Security, QA / Testing, Technical Management, UX / Product Design"
National Polytechnic University of Armenia,Informatics (Computer Science),Bachelor,UX Motion Design,1,"Software Engineering, Hardware / Embedded, IT Support / Admin / ERP, DevOps / Cloud, Data / ML / AI, Security, QA / Testing, Technical Management, UX / Product Design"
National Polytechnic University of Armenia,Informatics (Computer Science),Bachelor,Digital Forensics,1,"Software Engineering, Hardware / Embedded, IT Support / Admin / ERP, DevOps / Cloud, Data / ML / AI, Security, QA / Testing, Technical Management, UX / Product Design"
National Polytechnic University of Armenia,Informatics (Computer Science),Bachelor,C#,38,"Software Engineering, Hardware / Embedded, IT Support / Admin / ERP, DevOps / Cloud, Data / ML / AI, Security, QA / Testing, Technical Management, UX / Product Design"
National Polytechnic University of Armenia,Informatics (Computer Science),Bachelor,VLANs,2,"Software Engineering, Hardware / Embedded, IT Support / Admin / ERP, DevOps / Cloud, Data / ML / AI, Security, QA / Testing, Technical Management, UX / Product Design"
National Polytechnic University of Armenia,Informatics (Computer Science),Bachelor,Business Intelligence,9,"Software Engineering, Hardware / Embedded, IT Support / Admin / ERP, DevOps / Cloud, Data / ML / AI, Security, QA / Testing, Technical Management, UX / Product Design"
National Polytechnic University of Armenia,Informatics (Computer Science),Bachelor,Prototyping,13,"Software Engineering, Hardware / Embedded, IT Support / Admin / ERP, DevOps / Cloud, Data / ML / AI, Security, QA / Testing, Technical Management, UX / Product Design"
National Polytechnic University of Armenia,Informatics (Computer Science),Bachelor,Apache Airflow,10,"Software Engineering, Hardware / Embedded, IT Support / Admin / ERP, DevOps / Cloud, Data / ML / AI, Security, QA / Testing, Technical Management, UX / Product Design"
National Polytechnic University of Armenia,Informatics (Computer Science),Bachelor,Computer Networking,8,"Software Engineering, Hardware / Embedded, IT Support / Admin / ERP, DevOps / Cloud, Data / ML / AI, Security, QA / Testing, Technical Management, UX / Product Design"
National Polytechnic University of Armenia,Informatics (Computer Science),Bachelor,Compliance Frameworks,1,"Software Engineering, Hardware / Embedded, IT Support / Admin / ERP, DevOps / Cloud, Data / ML / AI, Security, QA / Testing, Technical Management, UX / Product Design"
National Polytechnic University of Armenia,Informatics (Computer Science),Bachelor,Telecommunications,2,"Software Engineering, Hardware / Embedded, IT Support / Admin / ERP, DevOps / Cloud, Data / ML / AI, Security, QA / Testing, Technical Management, UX / Product Design"
National Polytechnic University of Armenia,Informatics (Computer Science),Bachelor,Vulnerability Assessment,3,"Software Engineering, Hardware / Embedded, IT Support / Admin / ERP, DevOps / Cloud, Data / ML / AI, Security, QA / Testing, Technical Management, UX / Product Design"
National Polytechnic University of Armenia,Informatics (Computer Science),Bachelor,EM/IR Analysis,4,"Software Engineering, Hardware / Embedded, IT Support / Admin / ERP, DevOps / Cloud, Data / ML / AI, Security, QA / Testing, Technical Management, UX / Product Design"
National Polytechnic University of Armenia,Informatics (Computer Science),Bachelor,Mobile Security,1,"Software Engineering, Hardware / Embedded, IT Support / Admin / ERP, DevOps / Cloud, Data / ML / AI, Security, QA / Testing, Technical Management, UX / Product Design"
National Polytechnic University of Armenia,Informatics (Computer Science),Bachelor,Cadence Virtuoso,3,"Software Engineering, Hardware / Embedded, IT Support / Admin / ERP, DevOps / Cloud, Data / ML / AI, Security, QA / Testing, Technical Management, UX / Product Design"
National Polytechnic University of Armenia,Informatics (Computer Science),Bachelor,Signal Integrity,3,"Software Engineering, Hardware / Embedded, IT Support / Admin / ERP, DevOps / Cloud, Data / ML / AI, Security, QA / Testing, Technical Management, UX / Product Design"
National Polytechnic University of Armenia,Informatics (Computer Science),Bachelor,Natural Language Processing,11,"Software Engineering, Hardware / Embedded, IT Support / Admin / ERP, DevOps / Cloud, Data / ML / AI, Security, QA / Testing, Technical Management, UX / Product Design"
National Polytechnic University of Armenia,Informatics (Computer Science),Bachelor,UI Testing,4,"Software Engineering, Hardware / Embedded, IT Support / Admin / ERP, DevOps / Cloud, Data / ML / AI, Security, QA / Testing, Technical Management, UX / Product Design"
National Polytechnic University of Armenia,Informatics (Computer Science),Bachelor,Access Control,4,"Software Engineering, Hardware / Embedded, IT Support / Admin / ERP, DevOps / Cloud, Data / ML / AI, Security, QA / Testing, Technical Management, UX / Product Design"
National Polytechnic University of Armenia,Informatics (Computer Science),Bachelor,Cypress,6,"Software Engineering, Hardware / Embedded, IT Support / Admin / ERP, DevOps / Cloud, Data / ML / AI, Security, QA / Testing, Technical Management, UX / Product Design"
National Polytechnic University of Armenia,Informatics (Computer Science),Bachelor,MLOps,13,"Software Engineering, Hardware / Embedded, IT Support / Admin / ERP, DevOps / Cloud, Data / ML / AI, Security, QA / Testing, Technical Management, UX / Product Design"
National Polytechnic University of Armenia,Informatics (Computer Science),Bachelor,Okta API Access Management,1,"Software Engineering, Hardware / Embedded, IT Support / Admin / ERP, DevOps / Cloud, Data / ML / AI, Security, QA / Testing, Technical Management, UX / Product Design"
National Polytechnic University of Armenia,Informatics (Computer Science),Bachelor,Go,27,"Software Engineering, Hardware / Embedded, IT Support / Admin / ERP, DevOps / Cloud, Data / ML / AI, Security, QA / Testing, Technical Management, UX / Product Design"
National Polytechnic University of Armenia,Informatics (Computer Science),Bachelor,Secure Architecture Design,1,"Software Engineering, Hardware / Embedded, IT Support / Admin / ERP, DevOps / Cloud, Data / ML / AI, Security, QA / Testing, Technical Management, UX / Product Design"
National Polytechnic University of Armenia,Informatics (Computer Science),Bachelor,Social Media Design,1,"Software Engineering, Hardware / Embedded, IT Support / Admin / ERP, DevOps / Cloud, Data / ML / AI, Security, QA / Testing, Technical Management, UX / Product Design"
National Polytechnic University of Armenia,Informatics (Computer Science),Bachelor,Observability,5,"Software Engineering, Hardware / Embedded, IT Support / Admin / ERP, DevOps / Cloud, Data / ML / AI, Security, QA / Testing, Technical Management, UX / Product Design"
National Polytechnic University of Armenia,Informatics (Computer Science),Bachelor,Azure Virtual Desktop,1,"Software Engineering, Hardware / Embedded, IT Support / Admin / ERP, DevOps / Cloud, Data / ML / AI, Security, QA / Testing, Technical Management, UX / Product Design"
National Polytechnic University of Armenia,Informatics (Computer Science),Bachelor,Redis,19,"Software Engineering, Hardware / Embedded, IT Support / Admin / ERP, DevOps / Cloud, Data / ML / AI, Security, QA / Testing, Technical Management, UX / Product Design"
National Polytechnic University of Armenia,Informatics (Computer Science),Bachelor,PrimeTime,4,"Software Engineering, Hardware / Embedded, IT Support / Admin / ERP, DevOps / Cloud, Data / ML / AI, Security, QA / Testing, Technical Management, UX / Product Design"
National Polytechnic University of Armenia,Informatics (Computer Science),Bachelor,Software Testing,8,"Software Engineering, Hardware / Embedded, IT Support / Admin / ERP, DevOps / Cloud, Data / ML / AI, Security, QA / Testing, Technical Management, UX / Product Design"
National Polytechnic University of Armenia,Informatics (Computer Science),Bachelor,Video Camera Operation,2,"Software Engineering, Hardware / Embedded, IT Support / Admin / ERP, DevOps / Cloud, Data / ML / AI, Security, QA / Testing, Technical Management, UX / Product Design"
National Polytechnic University of Armenia,Informatics (Computer Science),Bachelor,FastAPI,9,"Software Engineering, Hardware / Embedded, IT Support / Admin / ERP, DevOps / Cloud, Data / ML / AI, Security, QA / Testing, Technical Management, UX / Product Design"
National Polytechnic University of Armenia,Informatics (Computer Science),Bachelor,Zabbix,5,"Software Engineering, Hardware / Embedded, IT Support / Admin / ERP, DevOps / Cloud, Data / ML / AI, Security, QA / Testing, Technical Management, UX / Product Design"
National Polytechnic University of Armenia,Informatics (Computer Science),Bachelor,Postman,14,"Software Engineering, Hardware / Embedded, IT Support / Admin / ERP, DevOps / Cloud, Data / ML / AI, Security, QA / Testing, Technical Management, UX / Product Design"
National Polytechnic University of Armenia,Informatics (Computer Science),Bachelor,Audio-Visual (AV) Infrastructure,2,"Software Engineering, Hardware / Embedded, IT Support / Admin / ERP, DevOps / Cloud, Data / ML / AI, Security, QA / Testing, Technical Management, UX / Product Design"
National Polytechnic University of Armenia,Informatics (Computer Science),Bachelor,UI Design,12,"Software Engineering, Hardware / Embedded, IT Support / Admin / ERP, DevOps / Cloud, Data / ML / AI, Security, QA / Testing, Technical Management, UX / Product Design"
National Polytechnic University of Armenia,Informatics (Computer Science),Bachelor,Static Application Security Testing,1,"Software Engineering, Hardware / Embedded, IT Support / Admin / ERP, DevOps / Cloud, Data / ML / AI, Security, QA / Testing, Technical Management, UX / Product Design"
National Polytechnic University of Armenia,Informatics (Computer Science),Bachelor,Test Pattern Generation,3,"Software Engineering, Hardware / Embedded, IT Support / Admin / ERP, DevOps / Cloud, Data / ML / AI, Security, QA / Testing, Technical Management, UX / Product Design"
National Polytechnic University of Armenia,Informatics (Computer Science),Bachelor,Product Analytics,7,"Software Engineering, Hardware / Embedded, IT Support / Admin / ERP, DevOps / Cloud, Data / ML / AI, Security, QA / Testing, Technical Management, UX / Product Design"
National Polytechnic University of Armenia,Informatics (Computer Science),Bachelor,Cable Installation,3,"Software Engineering, Hardware / Embedded, IT Support / Admin / ERP, DevOps / Cloud, Data / ML / AI, Security, QA / Testing, Technical Management, UX / Product Design"
National Polytechnic University of Armenia,Informatics (Computer Science),Bachelor,Place and Route,3,"Software Engineering, Hardware / Embedded, IT Support / Admin / ERP, DevOps / Cloud, Data / ML / AI, Security, QA / Testing, Technical Management, UX / Product Design"
National Polytechnic University of Armenia,Informatics (Computer Science),Bachelor,System Testing,2,"Software Engineering, Hardware / Embedded, IT Support / Admin / ERP, DevOps / Cloud, Data / ML / AI, Security, QA / Testing, Technical Management, UX / Product Design"
National Polytechnic University of Armenia,Informatics (Computer Science),Bachelor,CI/CD Pipelines,5,"Software Engineering, Hardware / Embedded, IT Support / Admin / ERP, DevOps / Cloud, Data / ML / AI, Security, QA / Testing, Technical Management, UX / Product Design"
National Polytechnic University of Armenia,Informatics (Computer Science),Bachelor,React,60,"Software Engineering, Hardware / Embedded, IT Support / Admin / ERP, DevOps / Cloud, Data / ML / AI, Security, QA / Testing, Technical Management, UX / Product Design"
National Polytechnic University of Armenia,Informatics (Computer Science),Bachelor,SAP HANA,6,"Software Engineering, Hardware / Embedded, IT Support / Admin / ERP, DevOps / Cloud, Data / ML / AI, Security, QA / Testing, Technical Management, UX / Product Design"
National Polytechnic University of Armenia,Informatics (Computer Science),Bachelor,Product Discovery,1,"Software Engineering, Hardware / Embedded, IT Support / Admin / ERP, DevOps / Cloud, Data / ML / AI, Security, QA / Testing, Technical Management, UX / Product Design"
National Polytechnic University of Armenia,Informatics (Computer Science),Bachelor,TensorFlow,6,"Software Engineering, Hardware / Embedded, IT Support / Admin / ERP, DevOps / Cloud, Data / ML / AI, Security, QA / Testing, Technical Management, UX / Product Design"
National Polytechnic University of Armenia,Informatics (Computer Science),Bachelor,Kotlin,14,"Software Engineering, Hardware / Embedded, IT Support / Admin / ERP, DevOps / Cloud, Data / ML / AI, Security, QA / Testing, Technical Management, UX / Product Design"
National Polytechnic University of Armenia,Informatics (Computer Science),Bachelor,Data Engineering,9,"Software Engineering, Hardware / Embedded, IT Support / Admin / ERP, DevOps / Cloud, Data / ML / AI, Security, QA / Testing, Technical Management, UX / Product Design"
National Polytechnic University of Armenia,Informatics (Computer Science),Bachelor,Landing Page Development,2,"Software Engineering, Hardware / Embedded, IT Support / Admin / ERP, DevOps / Cloud, Data / ML / AI, Security, QA / Testing, Technical Management, UX / Product Design"
National Polytechnic University of Armenia,Informatics (Computer Science),Bachelor,Vulnerability Management,1,"Software Engineering, Hardware / Embedded, IT Support / Admin / ERP, DevOps / Cloud, Data / ML / AI, Security, QA / Testing, Technical Management, UX / Product Design"
National Polytechnic University of Armenia,Informatics (Computer Science),Bachelor,Windows OS,10,"Software Engineering, Hardware / Embedded, IT Support / Admin / ERP, DevOps / Cloud, Data / ML / AI, Security, QA / Testing, Technical Management, UX / Product Design"
National Polytechnic University of Armenia,Informatics (Computer Science),Bachelor,Gate-Level Netlist Synthesis,2,"Software Engineering, Hardware / Embedded, IT Support / Admin / ERP, DevOps / Cloud, Data / ML / AI, Security, QA / Testing, Technical Management, UX / Product Design"
National Polytechnic University of Armenia,Informatics (Computer Science),Bachelor,Confluence,6,"Software Engineering, Hardware / Embedded, IT Support / Admin / ERP, DevOps / Cloud, Data / ML / AI, Security, QA / Testing, Technical Management, UX / Product Design"
National Polytechnic University of Armenia,Informatics (Computer Science),Bachelor,Midjourney,1,"Software Engineering, Hardware / Embedded, IT Support / Admin / ERP, DevOps / Cloud, Data / ML / AI, Security, QA / Testing, Technical Management, UX / Product Design"
National Polytechnic University of Armenia,Informatics (Computer Science),Bachelor,Software Bill of Materials,1,"Software Engineering, Hardware / Embedded, IT Support / Admin / ERP, DevOps / Cloud, Data / ML / AI, Security, QA / Testing, Technical Management, UX / Product Design"
National Polytechnic University of Armenia,Informatics (Computer Science),Bachelor,Infrastructure as Code,10,"Software Engineering, Hardware / Embedded, IT Support / Admin / ERP, DevOps / Cloud, Data / ML / AI, Security, QA / Testing, Technical Management, UX / Product Design"
National Polytechnic University of Armenia,Informatics (Computer Science),Bachelor,SAP Controlling,3,"Software Engineering, Hardware / Embedded, IT Support / Admin / ERP, DevOps / Cloud, Data / ML / AI, Security, QA / Testing, Technical Management, UX / Product Design"
National Polytechnic University of Armenia,Informatics (Computer Science),Bachelor,GitHub Actions,11,"Software Engineering, Hardware / Embedded, IT Support / Admin / ERP, DevOps / Cloud, Data / ML / AI, Security, QA / Testing, Technical Management, UX / Product Design"
National Polytechnic University of Armenia,Informatics (Computer Science),Bachelor,Kali Linux,1,"Software Engineering, Hardware / Embedded, IT Support / Admin / ERP, DevOps / Cloud, Data / ML / AI, Security, QA / Testing, Technical Management, UX / Product Design"
National Polytechnic University of Armenia,Informatics (Computer Science),Bachelor,Static Timing Analysis,13,"Software Engineering, Hardware / Embedded, IT Support / Admin / ERP, DevOps / Cloud, Data / ML / AI, Security, QA / Testing, Technical Management, UX / Product Design"
National Polytechnic University of Armenia,Informatics (Computer Science),Master,F5,1,"Software Engineering, Hardware / Embedded, IT Support / Admin / ERP, DevOps / Cloud, Data / ML / AI, Security, QA / Testing, Technical Management, UX / Product Design"
National Polytechnic University of Armenia,Informatics (Computer Science),Master,Terraform,25,"Software Engineering, Hardware / Embedded, IT Support / Admin / ERP, DevOps / Cloud, Data / ML / AI, Security, QA / Testing, Technical Management, UX / Product Design"
National Polytechnic University of Armenia,Informatics (Computer Science),Master,Appium,3,"Software Engineering, Hardware / Embedded, IT Support / Admin / ERP, DevOps / Cloud, Data / ML / AI, Security, QA / Testing, Technical Management, UX / Product Design"
National Polytechnic University of Armenia,Informatics (Computer Science),Master,Web Security,2,"Software Engineering, Hardware / Embedded, IT Support / Admin / ERP, DevOps / Cloud, Data / ML / AI, Security, QA / Testing, Technical Management, UX / Product Design"
National Polytechnic University of Armenia,Informatics (Computer Science),Master,Statistical Analysis,11,"Software Engineering, Hardware / Embedded, IT Support / Admin / ERP, DevOps / Cloud, Data / ML / AI, Security, QA / Testing, Technical Management, UX / Product Design"
National Polytechnic University of Armenia,Informatics (Computer Science),Master,Software Composition Analysis,1,"Software Engineering, Hardware / Embedded, IT Support / Admin / ERP, DevOps / Cloud, Data / ML / AI, Security, QA / Testing, Technical Management, UX / Product Design"
National Polytechnic University of Armenia,Informatics (Computer Science),Master,Security Controls,1,"Software Engineering, Hardware / Embedded, IT Support / Admin / ERP, DevOps / Cloud, Data / ML / AI, Security, QA / Testing, Technical Management, UX / Product Design"
National Polytechnic University of Armenia,Informatics (Computer Science),Master,Prometheus,7,"Software Engineering, Hardware / Embedded, IT Support / Admin / ERP, DevOps / Cloud, Data / ML / AI, Security, QA / Testing, Technical Management, UX / Product Design"
National Polytechnic University of Armenia,Informatics (Computer Science),Master,Adobe After Effects,1,"Software Engineering, Hardware / Embedded, IT Support / Admin / ERP, DevOps / Cloud, Data / ML / AI, Security, QA / Testing, Technical Management, UX / Product Design"
National Polytechnic University of Armenia,Informatics (Computer Science),Master,SQL,103,"Software Engineering, Hardware / Embedded, IT Support / Admin / ERP, DevOps / Cloud, Data / ML / AI, Security, QA / Testing, Technical Management, UX / Product Design"
National Polytechnic University of Armenia,Informatics (Computer Science),Master,Physical Verification,4,"Software Engineering, Hardware / Embedded, IT Support / Admin / ERP, DevOps / Cloud, Data / ML / AI, Security, QA / Testing, Technical Management, UX / Product Design"
National Polytechnic University of Armenia,Informatics (Computer Science),Master,API Testing,17,"Software Engineering, Hardware / Embedded, IT Support / Admin / ERP, DevOps / Cloud, Data / ML / AI, Security, QA / Testing, Technical Management, UX / Product Design"
National Polytechnic University of Armenia,Informatics (Computer Science),Master,Calibre LVS,2,"Software Engineering, Hardware / Embedded, IT Support / Admin / ERP, DevOps / Cloud, Data / ML / AI, Security, QA / Testing, Technical Management, UX / Product Design"
National Polytechnic University of Armenia,Informatics (Computer Science),Master,Google Cloud Platform,23,"Software Engineering, Hardware / Embedded, IT Support / Admin / ERP, DevOps / Cloud, Data / ML / AI, Security, QA / Testing, Technical Management, UX / Product Design"
National Polytechnic University of Armenia,Informatics (Computer Science),Master,UI/UX QA,1,"Software Engineering, Hardware / Embedded, IT Support / Admin / ERP, DevOps / Cloud, Data / ML / AI, Security, QA / Testing, Technical Management, UX / Product Design"
National Polytechnic University of Armenia,Informatics (Computer Science),Master,Palo Alto Networks,1,"Software Engineering, Hardware / Embedded, IT Support / Admin / ERP, DevOps / Cloud, Data / ML / AI, Security, QA / Testing, Technical Management, UX / Product Design"
National Polytechnic University of Armenia,Informatics (Computer Science),Master,Screenshot Design,1,"Software Engineering, Hardware / Embedded, IT Support / Admin / ERP, DevOps / Cloud, Data / ML / AI, Security, QA / Testing, Technical Management, UX / Product Design"
National Polytechnic University of Armenia,Informatics (Computer Science),Master,Search Systems,1,"Software Engineering, Hardware / Embedded, IT Support / Admin / ERP, DevOps / Cloud, Data / ML / AI, Security, QA / Testing, Technical Management, UX / Product Design"
National Polytechnic University of Armenia,Informatics (Computer Science),Master,SAP Logistics,6,"Software Engineering, Hardware / Embedded, IT Support / Admin / ERP, DevOps / Cloud, Data / ML / AI, Security, QA / Testing, Technical Management, UX / Product Design"
National Polytechnic University of Armenia,Informatics (Computer Science),Master,REST APIs,120,"Software Engineering, Hardware / Embedded, IT Support / Admin / ERP, DevOps / Cloud, Data / ML / AI, Security, QA / Testing, Technical Management, UX / Product Design"
National Polytechnic University of Armenia,Informatics (Computer Science),Master,Model Context Protocol,4,"Software Engineering, Hardware / Embedded, IT Support / Admin / ERP, DevOps / Cloud, Data / ML / AI, Security, QA / Testing, Technical Management, UX / Product Design"
National Polytechnic University of Armenia,Informatics (Computer Science),Master,Linux,40,"Software Engineering, Hardware / Embedded, IT Support / Admin / ERP, DevOps / Cloud, Data / ML / AI, Security, QA / Testing, Technical Management, UX / Product Design"
National Polytechnic University of Armenia,Informatics (Computer Science),Master,Data Protection,1,"Software Engineering, Hardware / Embedded, IT Support / Admin / ERP, DevOps / Cloud, Data / ML / AI, Security, QA / Testing, Technical Management, UX / Product Design"
National Polytechnic University of Armenia,Informatics (Computer Science),Master,Windows Autopilot,1,"Software Engineering, Hardware / Embedded, IT Support / Admin / ERP, DevOps / Cloud, Data / ML / AI, Security, QA / Testing, Technical Management, UX / Product Design"
National Polytechnic University of Armenia,Informatics (Computer Science),Master,GitLab,10,"Software Engineering, Hardware / Embedded, IT Support / Admin / ERP, DevOps / Cloud, Data / ML / AI, Security, QA / Testing, Technical Management, UX / Product Design"
National Polytechnic University of Armenia,Informatics (Computer Science),Master,API Integration,8,"Software Engineering, Hardware / Embedded, IT Support / Admin / ERP, DevOps / Cloud, Data / ML / AI, Security, QA / Testing, Technical Management, UX / Product Design"
National Polytechnic University of Armenia,Informatics (Computer Science),Master,Information Security,3,"Software Engineering, Hardware / Embedded, IT Support / Admin / ERP, DevOps / Cloud, Data / ML / AI, Security, QA / Testing, Technical Management, UX / Product Design"
National Polytechnic University of Armenia,Informatics (Computer Science),Master,Microsoft SQL Server,27,"Software Engineering, Hardware / Embedded, IT Support / Admin / ERP, DevOps / Cloud, Data / ML / AI, Security, QA / Testing, Technical Management, UX / Product Design"
National Polytechnic University of Armenia,Informatics (Computer Science),Master,Google Workspace,7,"Software Engineering, Hardware / Embedded, IT Support / Admin / ERP, DevOps / Cloud, Data / ML / AI, Security, QA / Testing, Technical Management, UX / Product Design"
National Polytechnic University of Armenia,Informatics (Computer Science),Master,Microsoft Office,6,"Software Engineering, Hardware / Embedded, IT Support / Admin / ERP, DevOps / Cloud, Data / ML / AI, Security, QA / Testing, Technical Management, UX / Product Design"
National Polytechnic University of Armenia,Informatics (Computer Science),Master,Structured Cabling,7,"Software Engineering, Hardware / Embedded, IT Support / Admin / ERP, DevOps / Cloud, Data / ML / AI, Security, QA / Testing, Technical Management, UX / Product Design"
National Polytechnic University of Armenia,Informatics (Computer Science),Master,User Interviews,1,"Software Engineering, Hardware / Embedded, IT Support / Admin / ERP, DevOps / Cloud, Data / ML / AI, Security, QA / Testing, Technical Management, UX / Product Design"
National Polytechnic University of Armenia,Informatics (Computer Science),Master,Verdi,3,"Software Engineering, Hardware / Embedded, IT Support / Admin / ERP, DevOps / Cloud, Data / ML / AI, Security, QA / Testing, Technical Management, UX / Product Design"
National Polytechnic University of Armenia,Informatics (Computer Science),Master,AI-Powered Workflows,2,"Software Engineering, Hardware / Embedded, IT Support / Admin / ERP, DevOps / Cloud, Data / ML / AI, Security, QA / Testing, Technical Management, UX / Product Design"
National Polytechnic University of Armenia,Informatics (Computer Science),Master,Apache Kafka,22,"Software Engineering, Hardware / Embedded, IT Support / Admin / ERP, DevOps / Cloud, Data / ML / AI, Security, QA / Testing, Technical Management, UX / Product Design"
National Polytechnic University of Armenia,Informatics (Computer Science),Master,Backend Testing,3,"Software Engineering, Hardware / Embedded, IT Support / Admin / ERP, DevOps / Cloud, Data / ML / AI, Security, QA / Testing, Technical Management, UX / Product Design"
National Polytechnic University of Armenia,Informatics (Computer Science),Master,Wireframing,9,"Software Engineering, Hardware / Embedded, IT Support / Admin / ERP, DevOps / Cloud, Data / ML / AI, Security, QA / Testing, Technical Management, UX / Product Design"
National Polytechnic University of Armenia,Informatics (Computer Science),Master,Physical Design,8,"Software Engineering, Hardware / Embedded, IT Support / Admin / ERP, DevOps / Cloud, Data / ML / AI, Security, QA / Testing, Technical Management, UX / Product Design"
National Polytechnic University of Armenia,Informatics (Computer Science),Master,Node.js,52,"Software Engineering, Hardware / Embedded, IT Support / Admin / ERP, DevOps / Cloud, Data / ML / AI, Security, QA / Testing, Technical Management, UX / Product Design"
National Polytechnic University of Armenia,Informatics (Computer Science),Master,Production Video Switchers,2,"Software Engineering, Hardware / Embedded, IT Support / Admin / ERP, DevOps / Cloud, Data / ML / AI, Security, QA / Testing, Technical Management, UX / Product Design"
National Polytechnic University of Armenia,Informatics (Computer Science),Master,Technical Support,3,"Software Engineering, Hardware / Embedded, IT Support / Admin / ERP, DevOps / Cloud, Data / ML / AI, Security, QA / Testing, Technical Management, UX / Product Design"
National Polytechnic University of Armenia,Informatics (Computer Science),Master,SAP HANA Calculation Views,3,"Software Engineering, Hardware / Embedded, IT Support / Admin / ERP, DevOps / Cloud, Data / ML / AI, Security, QA / Testing, Technical Management, UX / Product Design"
National Polytechnic University of Armenia,Informatics (Computer Science),Master,Server Hardware,5,"Software Engineering, Hardware / Embedded, IT Support / Admin / ERP, DevOps / Cloud, Data / ML / AI, Security, QA / Testing, Technical Management, UX / Product Design"
National Polytechnic University of Armenia,Informatics (Computer Science),Master,Okta Lifecycle Management,2,"Software Engineering, Hardware / Embedded, IT Support / Admin / ERP, DevOps / Cloud, Data / ML / AI, Security, QA / Testing, Technical Management, UX / Product Design"
National Polytechnic University of Armenia,Informatics (Computer Science),Master,Audio-Visual Systems,2,"Software Engineering, Hardware / Embedded, IT Support / Admin / ERP, DevOps / Cloud, Data / ML / AI, Security, QA / Testing, Technical Management, UX / Product Design"
National Polytechnic University of Armenia,Informatics (Computer Science),Master,Fiber Optic Networking,5,"Software Engineering, Hardware / Embedded, IT Support / Admin / ERP, DevOps / Cloud, Data / ML / AI, Security, QA / Testing, Technical Management, UX / Product Design"
National Polytechnic University of Armenia,Informatics (Computer Science),Master,Intrusion Detection Systems,1,"Software Engineering, Hardware / Embedded, IT Support / Admin / ERP, DevOps / Cloud, Data / ML / AI, Security, QA / Testing, Technical Management, UX / Product Design"
National Polytechnic University of Armenia,Informatics (Computer Science),Master,SAP Financial Accounting,3,"Software Engineering, Hardware / Embedded, IT Support / Admin / ERP, DevOps / Cloud, Data / ML / AI, Security, QA / Testing, Technical Management, UX / Product Design"
National Polytechnic University of Armenia,Informatics (Computer Science),Master,RTL-to-GDSII,6,"Software Engineering, Hardware / Embedded, IT Support / Admin / ERP, DevOps / Cloud, Data / ML / AI, Security, QA / Testing, Technical Management, UX / Product Design"
National Polytechnic University of Armenia,Informatics (Computer Science),Master,Databricks,8,"Software Engineering, Hardware / Embedded, IT Support / Admin / ERP, DevOps / Cloud, Data / ML / AI, Security, QA / Testing, Technical Management, UX / Product Design"
National Polytechnic University of Armenia,Informatics (Computer Science),Master,Adobe Firefly,1,"Software Engineering, Hardware / Embedded, IT Support / Admin / ERP, DevOps / Cloud, Data / ML / AI, Security, QA / Testing, Technical Management, UX / Product Design"
National Polytechnic University of Armenia,Informatics (Computer Science),Master,Cat5e/6/6a Cabling,4,"Software Engineering, Hardware / Embedded, IT Support / Admin / ERP, DevOps / Cloud, Data / ML / AI, Security, QA / Testing, Technical Management, UX / Product Design"
National Polytechnic University of Armenia,Informatics (Computer Science),Master,Help Desk Software,3,"Software Engineering, Hardware / Embedded, IT Support / Admin / ERP, DevOps / Cloud, Data / ML / AI, Security, QA / Testing, Technical Management, UX / Product Design"
National Polytechnic University of Armenia,Informatics (Computer Science),Master,Test Automation,39,"Software Engineering, Hardware / Embedded, IT Support / Admin / ERP, DevOps / Cloud, Data / ML / AI, Security, QA / Testing, Technical Management, UX / Product Design"
National Polytechnic University of Armenia,Informatics (Computer Science),Master,Next.js,14,"Software Engineering, Hardware / Embedded, IT Support / Admin / ERP, DevOps / Cloud, Data / ML / AI, Security, QA / Testing, Technical Management, UX / Product Design"
National Polytechnic University of Armenia,Informatics (Computer Science),Master,Webflow,2,"Software Engineering, Hardware / Embedded, IT Support / Admin / ERP, DevOps / Cloud, Data / ML / AI, Security, QA / Testing, Technical Management, UX / Product Design"
National Polytechnic University of Armenia,Informatics (Computer Science),Master,CMOS Process,2,"Software Engineering, Hardware / Embedded, IT Support / Admin / ERP, DevOps / Cloud, Data / ML / AI, Security, QA / Testing, Technical Management, UX / Product Design"
National Polytechnic University of Armenia,Informatics (Computer Science),Master,SAP Materials Management,4,"Software Engineering, Hardware / Embedded, IT Support / Admin / ERP, DevOps / Cloud, Data / ML / AI, Security, QA / Testing, Technical Management, UX / Product Design"
National Polytechnic University of Armenia,Informatics (Computer Science),Master,AI Tools,4,"Software Engineering, Hardware / Embedded, IT Support / Admin / ERP, DevOps / Cloud, Data / ML / AI, Security, QA / Testing, Technical Management, UX / Product Design"
National Polytechnic University of Armenia,Informatics (Computer Science),Master,Memory BIST (MBIST),2,"Software Engineering, Hardware / Embedded, IT Support / Admin / ERP, DevOps / Cloud, Data / ML / AI, Security, QA / Testing, Technical Management, UX / Product Design"
National Polytechnic University of Armenia,Informatics (Computer Science),Master,Intrusion Detection System/Intrusion Prevention System,1,"Software Engineering, Hardware / Embedded, IT Support / Admin / ERP, DevOps / Cloud, Data / ML / AI, Security, QA / Testing, Technical Management, UX / Product Design"
National Polytechnic University of Armenia,Informatics (Computer Science),Master,Generative AI,15,"Software Engineering, Hardware / Embedded, IT Support / Admin / ERP, DevOps / Cloud, Data / ML / AI, Security, QA / Testing, Technical Management, UX / Product Design"
National Polytechnic University of Armenia,Informatics (Computer Science),Master,Component Libraries,2,"Software Engineering, Hardware / Embedded, IT Support / Admin / ERP, DevOps / Cloud, Data / ML / AI, Security, QA / Testing, Technical Management, UX / Product Design"
National Polytechnic University of Armenia,Informatics (Computer Science),Master,Security Information and Event Management (SIEM),3,"Software Engineering, Hardware / Embedded, IT Support / Admin / ERP, DevOps / Cloud, Data / ML / AI, Security, QA / Testing, Technical Management, UX / Product Design"
National Polytechnic University of Armenia,Informatics (Computer Science),Master,Serial Digital Interface (SDI),2,"Software Engineering, Hardware / Embedded, IT Support / Admin / ERP, DevOps / Cloud, Data / ML / AI, Security, QA / Testing, Technical Management, UX / Product Design"
National Polytechnic University of Armenia,Informatics (Computer Science),Master,SAP Retail,3,"Software Engineering, Hardware / Embedded, IT Support / Admin / ERP, DevOps / Cloud, Data / ML / AI, Security, QA / Testing, Technical Management, UX / Product Design"
National Polytechnic University of Armenia,Informatics (Computer Science),Master,Automation,8,"Software Engineering, Hardware / Embedded, IT Support / Admin / ERP, DevOps / Cloud, Data / ML / AI, Security, QA / Testing, Technical Management, UX / Product Design"
National Polytechnic University of Armenia,Informatics (Computer Science),Master,Cloud Infrastructure,7,"Software Engineering, Hardware / Embedded, IT Support / Admin / ERP, DevOps / Cloud, Data / ML / AI, Security, QA / Testing, Technical Management, UX / Product Design"
National Polytechnic University of Armenia,Informatics (Computer Science),Master,Microsoft Intune,1,"Software Engineering, Hardware / Embedded, IT Support / Admin / ERP, DevOps / Cloud, Data / ML / AI, Security, QA / Testing, Technical Management, UX / Product Design"
National Polytechnic University of Armenia,Informatics (Computer Science),Master,Product Design,3,"Software Engineering, Hardware / Embedded, IT Support / Admin / ERP, DevOps / Cloud, Data / ML / AI, Security, QA / Testing, Technical Management, UX / Product Design"
National Polytechnic University of Armenia,Informatics (Computer Science),Master,Network Troubleshooting,8,"Software Engineering, Hardware / Embedded, IT Support / Admin / ERP, DevOps / Cloud, Data / ML / AI, Security, QA / Testing, Technical Management, UX / Product Design"
National Polytechnic University of Armenia,Informatics (Computer Science),Master,IT Infrastructure,3,"Software Engineering, Hardware / Embedded, IT Support / Admin / ERP, DevOps / Cloud, Data / ML / AI, Security, QA / Testing, Technical Management, UX / Product Design"
National Polytechnic University of Armenia,Informatics (Computer Science),Master,Solution Architecture,4,"Software Engineering, Hardware / Embedded, IT Support / Admin / ERP, DevOps / Cloud, Data / ML / AI, Security, QA / Testing, Technical Management, UX / Product Design"
National Polytechnic University of Armenia,Informatics (Computer Science),Master,Full-Stack Development,9,"Software Engineering, Hardware / Embedded, IT Support / Admin / ERP, DevOps / Cloud, Data / ML / AI, Security, QA / Testing, Technical Management, UX / Product Design"
National Polytechnic University of Armenia,Informatics (Computer Science),Master,Microservices,47,"Software Engineering, Hardware / Embedded, IT Support / Admin / ERP, DevOps / Cloud, Data / ML / AI, Security, QA / Testing, Technical Management, UX / Product Design"
National Polytechnic University of Armenia,Informatics (Computer Science),Master,UX Design,8,"Software Engineering, Hardware / Embedded, IT Support / Admin / ERP, DevOps / Cloud, Data / ML / AI, Security, QA / Testing, Technical Management, UX / Product Design"
National Polytechnic University of Armenia,Informatics (Computer Science),Master,Kubernetes,41,"Software Engineering, Hardware / Embedded, IT Support / Admin / ERP, DevOps / Cloud, Data / ML / AI, Security, QA / Testing, Technical Management, UX / Product Design"
National Polytechnic University of Armenia,Informatics (Computer Science),Master,CodeQL,1,"Software Engineering, Hardware / Embedded, IT Support / Admin / ERP, DevOps / Cloud, Data / ML / AI, Security, QA / Testing, Technical Management, UX / Product Design"
National Polytechnic University of Armenia,Informatics (Computer Science),Master,Playwright,15,"Software Engineering, Hardware / Embedded, IT Support / Admin / ERP, DevOps / Cloud, Data / ML / AI, Security, QA / Testing, Technical Management, UX / Product Design"
National Polytechnic University of Armenia,Informatics (Computer Science),Master,Metasploit,1,"Software Engineering, Hardware / Embedded, IT Support / Admin / ERP, DevOps / Cloud, Data / ML / AI, Security, QA / Testing, Technical Management, UX / Product Design"
National Polytechnic University of Armenia,Informatics (Computer Science),Master,Technical Documentation,6,"Software Engineering, Hardware / Embedded, IT Support / Admin / ERP, DevOps / Cloud, Data / ML / AI, Security, QA / Testing, Technical Management, UX / Product Design"
National Polytechnic University of Armenia,Informatics (Computer Science),Master,Circuit Breakers,1,"Software Engineering, Hardware / Embedded, IT Support / Admin / ERP, DevOps / Cloud, Data / ML / AI, Security, QA / Testing, Technical Management, UX / Product Design"
National Polytechnic University of Armenia,Informatics (Computer Science),Master,VLSI Design,5,"Software Engineering, Hardware / Embedded, IT Support / Admin / ERP, DevOps / Cloud, Data / ML / AI, Security, QA / Testing, Technical Management, UX / Product Design"
National Polytechnic University of Armenia,Informatics (Computer Science),Master,Endpoint Detection and Response/Extended Detection and Response,1,"Software Engineering, Hardware / Embedded, IT Support / Admin / ERP, DevOps / Cloud, Data / ML / AI, Security, QA / Testing, Technical Management, UX / Product Design"
National Polytechnic University of Armenia,Informatics (Computer Science),Master,A/B Testing,20,"Software Engineering, Hardware / Embedded, IT Support / Admin / ERP, DevOps / Cloud, Data / ML / AI, Security, QA / Testing, Technical Management, UX / Product Design"
National Polytechnic University of Armenia,Informatics (Computer Science),Master,Adobe XD,2,"Software Engineering, Hardware / Embedded, IT Support / Admin / ERP, DevOps / Cloud, Data / ML / AI, Security, QA / Testing, Technical Management, UX / Product Design"
National Polytechnic University of Armenia,Informatics (Computer Science),Master,Adobe Creative Suite,1,"Software Engineering, Hardware / Embedded, IT Support / Admin / ERP, DevOps / Cloud, Data / ML / AI, Security, QA / Testing, Technical Management, UX / Product Design"
National Polytechnic University of Armenia,Informatics (Computer Science),Master,CI/CD,61,"Software Engineering, Hardware / Embedded, IT Support / Admin / ERP, DevOps / Cloud, Data / ML / AI, Security, QA / Testing, Technical Management, UX / Product Design"
National Polytechnic University of Armenia,Informatics (Computer Science),Master,Equipment Maintenance,2,"Software Engineering, Hardware / Embedded, IT Support / Admin / ERP, DevOps / Cloud, Data / ML / AI, Security, QA / Testing, Technical Management, UX / Product Design"
National Polytechnic University of Armenia,Informatics (Computer Science),Master,Patch Panel Configuration,4,"Software Engineering, Hardware / Embedded, IT Support / Admin / ERP, DevOps / Cloud, Data / ML / AI, Security, QA / Testing, Technical Management, UX / Product Design"
National Polytechnic University of Armenia,Informatics (Computer Science),Master,Prompt Engineering,7,"Software Engineering, Hardware / Embedded, IT Support / Admin / ERP, DevOps / Cloud, Data / ML / AI, Security, QA / Testing, Technical Management, UX / Product Design"
National Polytechnic University of Armenia,Informatics (Computer Science),Master,CSS3,6,"Software Engineering, Hardware / Embedded, IT Support / Admin / ERP, DevOps / Cloud, Data / ML / AI, Security, QA / Testing, Technical Management, UX / Product Design"
National Polytechnic University of Armenia,Informatics (Computer Science),Master,Power BI,12,"Software Engineering, Hardware / Embedded, IT Support / Admin / ERP, DevOps / Cloud, Data / ML / AI, Security, QA / Testing, Technical Management, UX / Product Design"
National Polytechnic University of Armenia,Informatics (Computer Science),Master,DALL·E,1,"Software Engineering, Hardware / Embedded, IT Support / Admin / ERP, DevOps / Cloud, Data / ML / AI, Security, QA / Testing, Technical Management, UX / Product Design"
National Polytechnic University of Armenia,Informatics (Computer Science),Master,.NET,29,"Software Engineering, Hardware / Embedded, IT Support / Admin / ERP, DevOps / Cloud, Data / ML / AI, Security, QA / Testing, Technical Management, UX / Product Design"
National Polytechnic University of Armenia,Informatics (Computer Science),Master,Project Management Professional (PMP),3,"Software Engineering, Hardware / Embedded, IT Support / Admin / ERP, DevOps / Cloud, Data / ML / AI, Security, QA / Testing, Technical Management, UX / Product Design"
National Polytechnic University of Armenia,Informatics (Computer Science),Master,Secure Sdlc Practices,1,"Software Engineering, Hardware / Embedded, IT Support / Admin / ERP, DevOps / Cloud, Data / ML / AI, Security, QA / Testing, Technical Management, UX / Product Design"
National Polytechnic University of Armenia,Informatics (Computer Science),Master,Agile,38,"Software Engineering, Hardware / Embedded, IT Support / Admin / ERP, DevOps / Cloud, Data / ML / AI, Security, QA / Testing, Technical Management, UX / Product Design"
National Polytechnic University of Armenia,Informatics (Computer Science),Master,GitHub Advanced Security,1,"Software Engineering, Hardware / Embedded, IT Support / Admin / ERP, DevOps / Cloud, Data / ML / AI, Security, QA / Testing, Technical Management, UX / Product Design"
National Polytechnic University of Armenia,Informatics (Computer Science),Master,UVM,2,"Software Engineering, Hardware / Embedded, IT Support / Admin / ERP, DevOps / Cloud, Data / ML / AI, Security, QA / Testing, Technical Management, UX / Product Design"
National Polytechnic University of Armenia,Informatics (Computer Science),Master,Firewalls,1,"Software Engineering, Hardware / Embedded, IT Support / Admin / ERP, DevOps / Cloud, Data / ML / AI, Security, QA / Testing, Technical Management, UX / Product Design"
National Polytechnic University of Armenia,Informatics (Computer Science),Master,Windows 10/11,1,"Software Engineering, Hardware / Embedded, IT Support / Admin / ERP, DevOps / Cloud, Data / ML / AI, Security, QA / Testing, Technical Management, UX / Product Design"
National Polytechnic University of Armenia,Informatics (Computer Science),Master,App Store,1,"Software Engineering, Hardware / Embedded, IT Support / Admin / ERP, DevOps / Cloud, Data / ML / AI, Security, QA / Testing, Technical Management, UX / Product Design"
National Polytechnic University of Armenia,Informatics (Computer Science),Master,Synthesis,4,"Software Engineering, Hardware / Embedded, IT Support / Admin / ERP, DevOps / Cloud, Data / ML / AI, Security, QA / Testing, Technical Management, UX / Product Design"
National Polytechnic University of Armenia,Informatics (Computer Science),Master,API Access Management,1,"Software Engineering, Hardware / Embedded, IT Support / Admin / ERP, DevOps / Cloud, Data / ML / AI, Security, QA / Testing, Technical Management, UX / Product Design"
National Polytechnic University of Armenia,Informatics (Computer Science),Master,Design Rule Check (DRC),3,"Software Engineering, Hardware / Embedded, IT Support / Admin / ERP, DevOps / Cloud, Data / ML / AI, Security, QA / Testing, Technical Management, UX / Product Design"
National Polytechnic University of Armenia,Informatics (Computer Science),Master,SAP FICO,6,"Software Engineering, Hardware / Embedded, IT Support / Admin / ERP, DevOps / Cloud, Data / ML / AI, Security, QA / Testing, Technical Management, UX / Product Design"
National Polytechnic University of Armenia,Informatics (Computer Science),Master,IT Auditing,1,"Software Engineering, Hardware / Embedded, IT Support / Admin / ERP, DevOps / Cloud, Data / ML / AI, Security, QA / Testing, Technical Management, UX / Product Design"
National Polytechnic University of Armenia,Informatics (Computer Science),Master,Group Policy,1,"Software Engineering, Hardware / Embedded, IT Support / Admin / ERP, DevOps / Cloud, Data / ML / AI, Security, QA / Testing, Technical Management, UX / Product Design"
National Polytechnic University of Armenia,Informatics (Computer Science),Master,Analytics,6,"Software Engineering, Hardware / Embedded, IT Support / Admin / ERP, DevOps / Cloud, Data / ML / AI, Security, QA / Testing, Technical Management, UX / Product Design"
National Polytechnic University of Armenia,Informatics (Computer Science),Master,Cloud Security,3,"Software Engineering, Hardware / Embedded, IT Support / Admin / ERP, DevOps / Cloud, Data / ML / AI, Security, QA / Testing, Technical Management, UX / Product Design"
National Polytechnic University of Armenia,Informatics (Computer Science),Master,Distributed Systems,34,"Software Engineering, Hardware / Embedded, IT Support / Admin / ERP, DevOps / Cloud, Data / ML / AI, Security, QA / Testing, Technical Management, UX / Product Design"
National Polytechnic University of Armenia,Informatics (Computer Science),Master,Project Based Learning,4,"Software Engineering, Hardware / Embedded, IT Support / Admin / ERP, DevOps / Cloud, Data / ML / AI, Security, QA / Testing, Technical Management, UX / Product Design"
National Polytechnic University of Armenia,Informatics (Computer Science),Master,Design for Testability (DFT),9,"Software Engineering, Hardware / Embedded, IT Support / Admin / ERP, DevOps / Cloud, Data / ML / AI, Security, QA / Testing, Technical Management, UX / Product Design"
National Polytechnic University of Armenia,Informatics (Computer Science),Master,Okta,5,"Software Engineering, Hardware / Embedded, IT Support / Admin / ERP, DevOps / Cloud, Data / ML / AI, Security, QA / Testing, Technical Management, UX / Product Design"
National Polytechnic University of Armenia,Informatics (Computer Science),Master,pytest,5,"Software Engineering, Hardware / Embedded, IT Support / Admin / ERP, DevOps / Cloud, Data / ML / AI, Security, QA / Testing, Technical Management, UX / Product Design"
National Polytechnic University of Armenia,Informatics (Computer Science),Master,Requirements Analysis,5,"Software Engineering, Hardware / Embedded, IT Support / Admin / ERP, DevOps / Cloud, Data / ML / AI, Security, QA / Testing, Technical Management, UX / Product Design"
National Polytechnic University of Armenia,Informatics (Computer Science),Master,Microsoft Project,3,"Software Engineering, Hardware / Embedded, IT Support / Admin / ERP, DevOps / Cloud, Data / ML / AI, Security, QA / Testing, Technical Management, UX / Product Design"
National Polytechnic University of Armenia,Informatics (Computer Science),Master,App Preview Video,1,"Software Engineering, Hardware / Embedded, IT Support / Admin / ERP, DevOps / Cloud, Data / ML / AI, Security, QA / Testing, Technical Management, UX / Product Design"
National Polytechnic University of Armenia,Informatics (Computer Science),Master,Data Pipelines,16,"Software Engineering, Hardware / Embedded, IT Support / Admin / ERP, DevOps / Cloud, Data / ML / AI, Security, QA / Testing, Technical Management, UX / Product Design"
National Polytechnic University of Armenia,Informatics (Computer Science),Master,Video Surveillance Systems,2,"Software Engineering, Hardware / Embedded, IT Support / Admin / ERP, DevOps / Cloud, Data / ML / AI, Security, QA / Testing, Technical Management, UX / Product Design"
National Polytechnic University of Armenia,Informatics (Computer Science),Master,Apache Spark,9,"Software Engineering, Hardware / Embedded, IT Support / Admin / ERP, DevOps / Cloud, Data / ML / AI, Security, QA / Testing, Technical Management, UX / Product Design"
National Polytechnic University of Armenia,Informatics (Computer Science),Master,Multi-Factor Authentication,2,"Software Engineering, Hardware / Embedded, IT Support / Admin / ERP, DevOps / Cloud, Data / ML / AI, Security, QA / Testing, Technical Management, UX / Product Design"
National Polytechnic University of Armenia,Informatics (Computer Science),Master,Chroma Keying,2,"Software Engineering, Hardware / Embedded, IT Support / Admin / ERP, DevOps / Cloud, Data / ML / AI, Security, QA / Testing, Technical Management, UX / Product Design"
National Polytechnic University of Armenia,Informatics (Computer Science),Master,Interaction Design,4,"Software Engineering, Hardware / Embedded, IT Support / Admin / ERP, DevOps / Cloud, Data / ML / AI, Security, QA / Testing, Technical Management, UX / Product Design"
National Polytechnic University of Armenia,Informatics (Computer Science),Master,Figma,17,"Software Engineering, Hardware / Embedded, IT Support / Admin / ERP, DevOps / Cloud, Data / ML / AI, Security, QA / Testing, Technical Management, UX / Product Design"
National Polytechnic University of Armenia,Informatics (Computer Science),Master,Incident Management,4,"Software Engineering, Hardware / Embedded, IT Support / Admin / ERP, DevOps / Cloud, Data / ML / AI, Security, QA / Testing, Technical Management, UX / Product Design"
National Polytechnic University of Armenia,Informatics (Computer Science),Master,Safety Procedures,2,"Software Engineering, Hardware / Embedded, IT Support / Admin / ERP, DevOps / Cloud, Data / ML / AI, Security, QA / Testing, Technical Management, UX / Product Design"
National Polytechnic University of Armenia,Informatics (Computer Science),Master,Design Systems,8,"Software Engineering, Hardware / Embedded, IT Support / Admin / ERP, DevOps / Cloud, Data / ML / AI, Security, QA / Testing, Technical Management, UX / Product Design"
National Polytechnic University of Armenia,Informatics (Computer Science),Master,Security Auditing,2,"Software Engineering, Hardware / Embedded, IT Support / Admin / ERP, DevOps / Cloud, Data / ML / AI, Security, QA / Testing, Technical Management, UX / Product Design"
National Polytechnic University of Armenia,Informatics (Computer Science),Master,Machine Learning,44,"Software Engineering, Hardware / Embedded, IT Support / Admin / ERP, DevOps / Cloud, Data / ML / AI, Security, QA / Testing, Technical Management, UX / Product Design"
National Polytechnic University of Armenia,Informatics (Computer Science),Master,Okta Universal Directory,2,"Software Engineering, Hardware / Embedded, IT Support / Admin / ERP, DevOps / Cloud, Data / ML / AI, Security, QA / Testing, Technical Management, UX / Product Design"
National Polytechnic University of Armenia,Informatics (Computer Science),Master,DevSecOps,2,"Software Engineering, Hardware / Embedded, IT Support / Admin / ERP, DevOps / Cloud, Data / ML / AI, Security, QA / Testing, Technical Management, UX / Product Design"
National Polytechnic University of Armenia,Informatics (Computer Science),Master,Dashboard Development,9,"Software Engineering, Hardware / Embedded, IT Support / Admin / ERP, DevOps / Cloud, Data / ML / AI, Security, QA / Testing, Technical Management, UX / Product Design"
National Polytechnic University of Armenia,Informatics (Computer Science),Master,App Store Optimization,1,"Software Engineering, Hardware / Embedded, IT Support / Admin / ERP, DevOps / Cloud, Data / ML / AI, Security, QA / Testing, Technical Management, UX / Product Design"
National Polytechnic University of Armenia,Informatics (Computer Science),Master,Deep Learning,11,"Software Engineering, Hardware / Embedded, IT Support / Admin / ERP, DevOps / Cloud, Data / ML / AI, Security, QA / Testing, Technical Management, UX / Product Design"
National Polytechnic University of Armenia,Informatics (Computer Science),Master,AI-Driven Design Software,2,"Software Engineering, Hardware / Embedded, IT Support / Admin / ERP, DevOps / Cloud, Data / ML / AI, Security, QA / Testing, Technical Management, UX / Product Design"
National Polytechnic University of Armenia,Informatics (Computer Science),Master,Test Case Design,4,"Software Engineering, Hardware / Embedded, IT Support / Admin / ERP, DevOps / Cloud, Data / ML / AI, Security, QA / Testing, Technical Management, UX / Product Design"
National Polytechnic University of Armenia,Informatics (Computer Science),Master,PyTorch,8,"Software Engineering, Hardware / Embedded, IT Support / Admin / ERP, DevOps / Cloud, Data / ML / AI, Security, QA / Testing, Technical Management, UX / Product Design"
National Polytechnic University of Armenia,Informatics (Computer Science),Master,MySQL,25,"Software Engineering, Hardware / Embedded, IT Support / Admin / ERP, DevOps / Cloud, Data / ML / AI, Security, QA / Testing, Technical Management, UX / Product Design"
National Polytechnic University of Armenia,Informatics (Computer Science),Master,ASP.NET Core,18,"Software Engineering, Hardware / Embedded, IT Support / Admin / ERP, DevOps / Cloud, Data / ML / AI, Security, QA / Testing, Technical Management, UX / Product Design"
National Polytechnic University of Armenia,Informatics (Computer Science),Master,Circuit Board Layout,2,"Software Engineering, Hardware / Embedded, IT Support / Admin / ERP, DevOps / Cloud, Data / ML / AI, Security, QA / Testing, Technical Management, UX / Product Design"
National Polytechnic University of Armenia,Informatics (Computer Science),Master,Risk Management,2,"Software Engineering, Hardware / Embedded, IT Support / Admin / ERP, DevOps / Cloud, Data / ML / AI, Security, QA / Testing, Technical Management, UX / Product Design"
National Polytechnic University of Armenia,Informatics (Computer Science),Master,Static Application Security Testing (SAST),1,"Software Engineering, Hardware / Embedded, IT Support / Admin / ERP, DevOps / Cloud, Data / ML / AI, Security, QA / Testing, Technical Management, UX / Product Design"
National Polytechnic University of Armenia,Informatics (Computer Science),Master,PowerShell,6,"Software Engineering, Hardware / Embedded, IT Support / Admin / ERP, DevOps / Cloud, Data / ML / AI, Security, QA / Testing, Technical Management, UX / Product Design"
National Polytechnic University of Armenia,Informatics (Computer Science),Master,Windows Server,4,"Software Engineering, Hardware / Embedded, IT Support / Admin / ERP, DevOps / Cloud, Data / ML / AI, Security, QA / Testing, Technical Management, UX / Product Design"
National Polytechnic University of Armenia,Informatics (Computer Science),Master,Docker,51,"Software Engineering, Hardware / Embedded, IT Support / Admin / ERP, DevOps / Cloud, Data / ML / AI, Security, QA / Testing, Technical Management, UX / Product Design"
National Polytechnic University of Armenia,Informatics (Computer Science),Master,UX Research,1,"Software Engineering, Hardware / Embedded, IT Support / Admin / ERP, DevOps / Cloud, Data / ML / AI, Security, QA / Testing, Technical Management, UX / Product Design"
National Polytechnic University of Armenia,Informatics (Computer Science),Master,ABAP,8,"Software Engineering, Hardware / Embedded, IT Support / Admin / ERP, DevOps / Cloud, Data / ML / AI, Security, QA / Testing, Technical Management, UX / Product Design"
National Polytechnic University of Armenia,Informatics (Computer Science),Master,App Icon Design,1,"Software Engineering, Hardware / Embedded, IT Support / Admin / ERP, DevOps / Cloud, Data / ML / AI, Security, QA / Testing, Technical Management, UX / Product Design"
National Polytechnic University of Armenia,Informatics (Computer Science),Master,Active Directory,7,"Software Engineering, Hardware / Embedded, IT Support / Admin / ERP, DevOps / Cloud, Data / ML / AI, Security, QA / Testing, Technical Management, UX / Product Design"
National Polytechnic University of Armenia,Informatics (Computer Science),Master,Clock Tree Synthesis,5,"Software Engineering, Hardware / Embedded, IT Support / Admin / ERP, DevOps / Cloud, Data / ML / AI, Security, QA / Testing, Technical Management, UX / Product Design"
National Polytechnic University of Armenia,Informatics (Computer Science),Master,Cloud Platforms,20,"Software Engineering, Hardware / Embedded, IT Support / Admin / ERP, DevOps / Cloud, Data / ML / AI, Security, QA / Testing, Technical Management, UX / Product Design"
National Polytechnic University of Armenia,Informatics (Computer Science),Master,Real-Time Data Processing,1,"Software Engineering, Hardware / Embedded, IT Support / Admin / ERP, DevOps / Cloud, Data / ML / AI, Security, QA / Testing, Technical Management, UX / Product Design"
National Polytechnic University of Armenia,Informatics (Computer Science),Master,VMware,7,"Software Engineering, Hardware / Embedded, IT Support / Admin / ERP, DevOps / Cloud, Data / ML / AI, Security, QA / Testing, Technical Management, UX / Product Design"
National Polytechnic University of Armenia,Informatics (Computer Science),Master,SAP S/4HANA,15,"Software Engineering, Hardware / Embedded, IT Support / Admin / ERP, DevOps / Cloud, Data / ML / AI, Security, QA / Testing, Technical Management, UX / Product Design"
National Polytechnic University of Armenia,Informatics (Computer Science),Master,Adobe Creative Cloud,1,"Software Engineering, Hardware / Embedded, IT Support / Admin / ERP, DevOps / Cloud, Data / ML / AI, Security, QA / Testing, Technical Management, UX / Product Design"
National Polytechnic University of Armenia,Informatics (Computer Science),Master,Mobile Application Testing,6,"Software Engineering, Hardware / Embedded, IT Support / Admin / ERP, DevOps / Cloud, Data / ML / AI, Security, QA / Testing, Technical Management, UX / Product Design"
National Polytechnic University of Armenia,Informatics (Computer Science),Master,Code Generation,1,"Software Engineering, Hardware / Embedded, IT Support / Admin / ERP, DevOps / Cloud, Data / ML / AI, Security, QA / Testing, Technical Management, UX / Product Design"
National Polytechnic University of Armenia,Informatics (Computer Science),Master,Electrical Systems,2,"Software Engineering, Hardware / Embedded, IT Support / Admin / ERP, DevOps / Cloud, Data / ML / AI, Security, QA / Testing, Technical Management, UX / Product Design"
National Polytechnic University of Armenia,Informatics (Computer Science),Master,Scrum,14,"Software Engineering, Hardware / Embedded, IT Support / Admin / ERP, DevOps / Cloud, Data / ML / AI, Security, QA / Testing, Technical Management, UX / Product Design"
National Polytechnic University of Armenia,Informatics (Computer Science),Master,Curriculum Development,3,"Software Engineering, Hardware / Embedded, IT Support / Admin / ERP, DevOps / Cloud, Data / ML / AI, Security, QA / Testing, Technical Management, UX / Product Design"
National Polytechnic University of Armenia,Informatics (Computer Science),Master,Microsoft Azure,27,"Software Engineering, Hardware / Embedded, IT Support / Admin / ERP, DevOps / Cloud, Data / ML / AI, Security, QA / Testing, Technical Management, UX / Product Design"
National Polytechnic University of Armenia,Informatics (Computer Science),Master,Bash,9,"Software Engineering, Hardware / Embedded, IT Support / Admin / ERP, DevOps / Cloud, Data / ML / AI, Security, QA / Testing, Technical Management, UX / Product Design"
National Polytechnic University of Armenia,Informatics (Computer Science),Master,Azure DevOps,9,"Software Engineering, Hardware / Embedded, IT Support / Admin / ERP, DevOps / Cloud, Data / ML / AI, Security, QA / Testing, Technical Management, UX / Product Design"
National Polytechnic University of Armenia,Informatics (Computer Science),Master,Layout Versus Schematic (LVS),3,"Software Engineering, Hardware / Embedded, IT Support / Admin / ERP, DevOps / Cloud, Data / ML / AI, Security, QA / Testing, Technical Management, UX / Product Design"
National Polytechnic University of Armenia,Informatics (Computer Science),Master,SystemVerilog,5,"Software Engineering, Hardware / Embedded, IT Support / Admin / ERP, DevOps / Cloud, Data / ML / AI, Security, QA / Testing, Technical Management, UX / Product Design"
National Polytechnic University of Armenia,Informatics (Computer Science),Master,Single Sign-On,3,"Software Engineering, Hardware / Embedded, IT Support / Admin / ERP, DevOps / Cloud, Data / ML / AI, Security, QA / Testing, Technical Management, UX / Product Design"
National Polytechnic University of Armenia,Informatics (Computer Science),Master,Tableau,8,"Software Engineering, Hardware / Embedded, IT Support / Admin / ERP, DevOps / Cloud, Data / ML / AI, Security, QA / Testing, Technical Management, UX / Product Design"
National Polytechnic University of Armenia,Informatics (Computer Science),Master,SDC,5,"Software Engineering, Hardware / Embedded, IT Support / Admin / ERP, DevOps / Cloud, Data / ML / AI, Security, QA / Testing, Technical Management, UX / Product Design"
National Polytechnic University of Armenia,Informatics (Computer Science),Master,Operating System Support,3,"Software Engineering, Hardware / Embedded, IT Support / Admin / ERP, DevOps / Cloud, Data / ML / AI, Security, QA / Testing, Technical Management, UX / Product Design"
National Polytechnic University of Armenia,Informatics (Computer Science),Master,Fortinet,1,"Software Engineering, Hardware / Embedded, IT Support / Admin / ERP, DevOps / Cloud, Data / ML / AI, Security, QA / Testing, Technical Management, UX / Product Design"
National Polytechnic University of Armenia,Informatics (Computer Science),Master,Qualitative Analysis,1,"Software Engineering, Hardware / Embedded, IT Support / Admin / ERP, DevOps / Cloud, Data / ML / AI, Security, QA / Testing, Technical Management, UX / Product Design"
National Polytechnic University of Armenia,Informatics (Computer Science),Master,ELK Stack,1,"Software Engineering, Hardware / Embedded, IT Support / Admin / ERP, DevOps / Cloud, Data / ML / AI, Security, QA / Testing, Technical Management, UX / Product Design"
National Polytechnic University of Armenia,Informatics (Computer Science),Master,CCTV Systems,2,"Software Engineering, Hardware / Embedded, IT Support / Admin / ERP, DevOps / Cloud, Data / ML / AI, Security, QA / Testing, Technical Management, UX / Product Design"
National Polytechnic University of Armenia,Informatics (Computer Science),Master,Virtual Private Network,4,"Software Engineering, Hardware / Embedded, IT Support / Admin / ERP, DevOps / Cloud, Data / ML / AI, Security, QA / Testing, Technical Management, UX / Product Design"
National Polytechnic University of Armenia,Informatics (Computer Science),Master,Incident Response,4,"Software Engineering, Hardware / Embedded, IT Support / Admin / ERP, DevOps / Cloud, Data / ML / AI, Security, QA / Testing, Technical Management, UX / Product Design"
National Polytechnic University of Armenia,Informatics (Computer Science),Master,Single Page Application,2,"Software Engineering, Hardware / Embedded, IT Support / Admin / ERP, DevOps / Cloud, Data / ML / AI, Security, QA / Testing, Technical Management, UX / Product Design"
National Polytechnic University of Armenia,Informatics (Computer Science),Master,Large Language Models,37,"Software Engineering, Hardware / Embedded, IT Support / Admin / ERP, DevOps / Cloud, Data / ML / AI, Security, QA / Testing, Technical Management, UX / Product Design"
National Polytechnic University of Armenia,Informatics (Computer Science),Master,Jenkins,15,"Software Engineering, Hardware / Embedded, IT Support / Admin / ERP, DevOps / Cloud, Data / ML / AI, Security, QA / Testing, Technical Management, UX / Product Design"
National Polytechnic University of Armenia,Informatics (Computer Science),Master,Adobe Photoshop,3,"Software Engineering, Hardware / Embedded, IT Support / Admin / ERP, DevOps / Cloud, Data / ML / AI, Security, QA / Testing, Technical Management, UX / Product Design"
National Polytechnic University of Armenia,Informatics (Computer Science),Master,Calibre DRC,2,"Software Engineering, Hardware / Embedded, IT Support / Admin / ERP, DevOps / Cloud, Data / ML / AI, Security, QA / Testing, Technical Management, UX / Product Design"
National Polytechnic University of Armenia,Informatics (Computer Science),Master,Grafana,10,"Software Engineering, Hardware / Embedded, IT Support / Admin / ERP, DevOps / Cloud, Data / ML / AI, Security, QA / Testing, Technical Management, UX / Product Design"
National Polytechnic University of Armenia,Informatics (Computer Science),Master,Identity and Access Management,6,"Software Engineering, Hardware / Embedded, IT Support / Admin / ERP, DevOps / Cloud, Data / ML / AI, Security, QA / Testing, Technical Management, UX / Product Design"
National Polytechnic University of Armenia,Informatics (Computer Science),Master,ISO 27001,1,"Software Engineering, Hardware / Embedded, IT Support / Admin / ERP, DevOps / Cloud, Data / ML / AI, Security, QA / Testing, Technical Management, UX / Product Design"
National Polytechnic University of Armenia,Informatics (Computer Science),Master,TCP/IP,9,"Software Engineering, Hardware / Embedded, IT Support / Admin / ERP, DevOps / Cloud, Data / ML / AI, Security, QA / Testing, Technical Management, UX / Product Design"
National Polytechnic University of Armenia,Informatics (Computer Science),Master,Splunk,1,"Software Engineering, Hardware / Embedded, IT Support / Admin / ERP, DevOps / Cloud, Data / ML / AI, Security, QA / Testing, Technical Management, UX / Product Design"
National Polytechnic University of Armenia,Informatics (Computer Science),Master,Mobile-First Design,1,"Software Engineering, Hardware / Embedded, IT Support / Admin / ERP, DevOps / Cloud, Data / ML / AI, Security, QA / Testing, Technical Management, UX / Product Design"
National Polytechnic University of Armenia,Informatics (Computer Science),Master,Adobe Illustrator,2,"Software Engineering, Hardware / Embedded, IT Support / Admin / ERP, DevOps / Cloud, Data / ML / AI, Security, QA / Testing, Technical Management, UX / Product Design"
National Polytechnic University of Armenia,Informatics (Computer Science),Master,Penetration Testing,3,"Software Engineering, Hardware / Embedded, IT Support / Admin / ERP, DevOps / Cloud, Data / ML / AI, Security, QA / Testing, Technical Management, UX / Product Design"
National Polytechnic University of Armenia,Informatics (Computer Science),Master,Power Performance Area (PPA) Optimization,2,"Software Engineering, Hardware / Embedded, IT Support / Admin / ERP, DevOps / Cloud, Data / ML / AI, Security, QA / Testing, Technical Management, UX / Product Design"
National Polytechnic University of Armenia,Informatics (Computer Science),Master,Burp Suite,1,"Software Engineering, Hardware / Embedded, IT Support / Admin / ERP, DevOps / Cloud, Data / ML / AI, Security, QA / Testing, Technical Management, UX / Product Design"
National Polytechnic University of Armenia,Informatics (Computer Science),Master,Equipment Installation,2,"Software Engineering, Hardware / Embedded, IT Support / Admin / ERP, DevOps / Cloud, Data / ML / AI, Security, QA / Testing, Technical Management, UX / Product Design"
National Polytechnic University of Armenia,Informatics (Computer Science),Master,LDAP,5,"Software Engineering, Hardware / Embedded, IT Support / Admin / ERP, DevOps / Cloud, Data / ML / AI, Security, QA / Testing, Technical Management, UX / Product Design"
National Polytechnic University of Armenia,Informatics (Computer Science),Master,HDMI,2,"Software Engineering, Hardware / Embedded, IT Support / Admin / ERP, DevOps / Cloud, Data / ML / AI, Security, QA / Testing, Technical Management, UX / Product Design"
National Polytechnic University of Armenia,Informatics (Computer Science),Master,Threat Intelligence,1,"Software Engineering, Hardware / Embedded, IT Support / Admin / ERP, DevOps / Cloud, Data / ML / AI, Security, QA / Testing, Technical Management, UX / Product Design"
National Polytechnic University of Armenia,Informatics (Computer Science),Master,Application Security,2,"Software Engineering, Hardware / Embedded, IT Support / Admin / ERP, DevOps / Cloud, Data / ML / AI, Security, QA / Testing, Technical Management, UX / Product Design"
National Polytechnic University of Armenia,Informatics (Computer Science),Master,Floorplanning,4,"Software Engineering, Hardware / Embedded, IT Support / Admin / ERP, DevOps / Cloud, Data / ML / AI, Security, QA / Testing, Technical Management, UX / Product Design"
National Polytechnic University of Armenia,Informatics (Computer Science),Master,Network Security,3,"Software Engineering, Hardware / Embedded, IT Support / Admin / ERP, DevOps / Cloud, Data / ML / AI, Security, QA / Testing, Technical Management, UX / Product Design"
National Polytechnic University of Armenia,Informatics (Computer Science),Master,Datadog,5,"Software Engineering, Hardware / Embedded, IT Support / Admin / ERP, DevOps / Cloud, Data / ML / AI, Security, QA / Testing, Technical Management, UX / Product Design"
National Polytechnic University of Armenia,Informatics (Computer Science),Master,Cisco,2,"Software Engineering, Hardware / Embedded, IT Support / Admin / ERP, DevOps / Cloud, Data / ML / AI, Security, QA / Testing, Technical Management, UX / Product Design"
National Polytechnic University of Armenia,Informatics (Computer Science),Master,Account Management,2,"Software Engineering, Hardware / Embedded, IT Support / Admin / ERP, DevOps / Cloud, Data / ML / AI, Security, QA / Testing, Technical Management, UX / Product Design"
National Polytechnic University of Armenia,Informatics (Computer Science),Master,Master Data Management,3,"Software Engineering, Hardware / Embedded, IT Support / Admin / ERP, DevOps / Cloud, Data / ML / AI, Security, QA / Testing, Technical Management, UX / Product Design"
National Polytechnic University of Armenia,Informatics (Computer Science),Master,3D Animation,1,"Software Engineering, Hardware / Embedded, IT Support / Admin / ERP, DevOps / Cloud, Data / ML / AI, Security, QA / Testing, Technical Management, UX / Product Design"
National Polytechnic University of Armenia,Informatics (Computer Science),Master,Angular,20,"Software Engineering, Hardware / Embedded, IT Support / Admin / ERP, DevOps / Cloud, Data / ML / AI, Security, QA / Testing, Technical Management, UX / Product Design"
National Polytechnic University of Armenia,Informatics (Computer Science),Master,ABAP Core Data Services,3,"Software Engineering, Hardware / Embedded, IT Support / Admin / ERP, DevOps / Cloud, Data / ML / AI, Security, QA / Testing, Technical Management, UX / Product Design"
National Polytechnic University of Armenia,Informatics (Computer Science),Master,CSS,23,"Software Engineering, Hardware / Embedded, IT Support / Admin / ERP, DevOps / Cloud, Data / ML / AI, Security, QA / Testing, Technical Management, UX / Product Design"
National Polytechnic University of Armenia,Informatics (Computer Science),Master,Test Planning,6,"Software Engineering, Hardware / Embedded, IT Support / Admin / ERP, DevOps / Cloud, Data / ML / AI, Security, QA / Testing, Technical Management, UX / Product Design"
National Polytechnic University of Armenia,Informatics (Computer Science),Master,Cybersecurity,2,"Software Engineering, Hardware / Embedded, IT Support / Admin / ERP, DevOps / Cloud, Data / ML / AI, Security, QA / Testing, Technical Management, UX / Product Design"
National Polytechnic University of Armenia,Informatics (Computer Science),Master,Web Application Testing,5,"Software Engineering, Hardware / Embedded, IT Support / Admin / ERP, DevOps / Cloud, Data / ML / AI, Security, QA / Testing, Technical Management, UX / Product Design"
National Polytechnic University of Armenia,Informatics (Computer Science),Master,Bug Bounty Programs,1,"Software Engineering, Hardware / Embedded, IT Support / Admin / ERP, DevOps / Cloud, Data / ML / AI, Security, QA / Testing, Technical Management, UX / Product Design"
National Polytechnic University of Armenia,Informatics (Computer Science),Master,Compliance,4,"Software Engineering, Hardware / Embedded, IT Support / Admin / ERP, DevOps / Cloud, Data / ML / AI, Security, QA / Testing, Technical Management, UX / Product Design"
National Polytechnic University of Armenia,Informatics (Computer Science),Master,IT Governance,1,"Software Engineering, Hardware / Embedded, IT Support / Admin / ERP, DevOps / Cloud, Data / ML / AI, Security, QA / Testing, Technical Management, UX / Product Design"
National Polytechnic University of Armenia,Informatics (Computer Science),Master,Broadcast Equipment,2,"Software Engineering, Hardware / Embedded, IT Support / Admin / ERP, DevOps / Cloud, Data / ML / AI, Security, QA / Testing, Technical Management, UX / Product Design"
National Polytechnic University of Armenia,Informatics (Computer Science),Master,Hardware Troubleshooting,6,"Software Engineering, Hardware / Embedded, IT Support / Admin / ERP, DevOps / Cloud, Data / ML / AI, Security, QA / Testing, Technical Management, UX / Product Design"
National Polytechnic University of Armenia,Informatics (Computer Science),Master,Artificial Intelligence,6,"Software Engineering, Hardware / Embedded, IT Support / Admin / ERP, DevOps / Cloud, Data / ML / AI, Security, QA / Testing, Technical Management, UX / Product Design"
National Polytechnic University of Armenia,Informatics (Computer Science),Master,Quantitative Research Methods,1,"Software Engineering, Hardware / Embedded, IT Support / Admin / ERP, DevOps / Cloud, Data / ML / AI, Security, QA / Testing, Technical Management, UX / Product Design"
National Polytechnic University of Armenia,Informatics (Computer Science),Master,Low-Latency Systems,2,"Software Engineering, Hardware / Embedded, IT Support / Admin / ERP, DevOps / Cloud, Data / ML / AI, Security, QA / Testing, Technical Management, UX / Product Design"
National Polytechnic University of Armenia,Informatics (Computer Science),Master,"GRC (Governance, Risk & Compliance)",1,"Software Engineering, Hardware / Embedded, IT Support / Admin / ERP, DevOps / Cloud, Data / ML / AI, Security, QA / Testing, Technical Management, UX / Product Design"
National Polytechnic University of Armenia,Informatics (Computer Science),Master,AWS,73,"Software Engineering, Hardware / Embedded, IT Support / Admin / ERP, DevOps / Cloud, Data / ML / AI, Security, QA / Testing, Technical Management, UX / Product Design"
National Polytechnic University of Armenia,Informatics (Computer Science),Master,Verilog,2,"Software Engineering, Hardware / Embedded, IT Support / Admin / ERP, DevOps / Cloud, Data / ML / AI, Security, QA / Testing, Technical Management, UX / Product Design"
National Polytechnic University of Armenia,Informatics (Computer Science),Master,Retrieval-Augmented Generation,12,"Software Engineering, Hardware / Embedded, IT Support / Admin / ERP, DevOps / Cloud, Data / ML / AI, Security, QA / Testing, Technical Management, UX / Product Design"
National Polytechnic University of Armenia,Informatics (Computer Science),Master,SAP Configuration,8,"Software Engineering, Hardware / Embedded, IT Support / Admin / ERP, DevOps / Cloud, Data / ML / AI, Security, QA / Testing, Technical Management, UX / Product Design"
National Polytechnic University of Armenia,Informatics (Computer Science),Master,Information Architecture,2,"Software Engineering, Hardware / Embedded, IT Support / Admin / ERP, DevOps / Cloud, Data / ML / AI, Security, QA / Testing, Technical Management, UX / Product Design"
National Polytechnic University of Armenia,Informatics (Computer Science),Master,RTL Design,6,"Software Engineering, Hardware / Embedded, IT Support / Admin / ERP, DevOps / Cloud, Data / ML / AI, Security, QA / Testing, Technical Management, UX / Product Design"
National Polytechnic University of Armenia,Informatics (Computer Science),Master,Ansible,5,"Software Engineering, Hardware / Embedded, IT Support / Admin / ERP, DevOps / Cloud, Data / ML / AI, Security, QA / Testing, Technical Management, UX / Product Design"
National Polytechnic University of Armenia,Informatics (Computer Science),Master,Backend Development,25,"Software Engineering, Hardware / Embedded, IT Support / Admin / ERP, DevOps / Cloud, Data / ML / AI, Security, QA / Testing, Technical Management, UX / Product Design"
National Polytechnic University of Armenia,Informatics (Computer Science),Master,Tcl,15,"Software Engineering, Hardware / Embedded, IT Support / Admin / ERP, DevOps / Cloud, Data / ML / AI, Security, QA / Testing, Technical Management, UX / Product Design"
National Polytechnic University of Armenia,Informatics (Computer Science),Master,Mobile Application Design,1,"Software Engineering, Hardware / Embedded, IT Support / Admin / ERP, DevOps / Cloud, Data / ML / AI, Security, QA / Testing, Technical Management, UX / Product Design"
National Polytechnic University of Armenia,Informatics (Computer Science),Master,Selenium,11,"Software Engineering, Hardware / Embedded, IT Support / Admin / ERP, DevOps / Cloud, Data / ML / AI, Security, QA / Testing, Technical Management, UX / Product Design"
National Polytechnic University of Armenia,Informatics (Computer Science),Master,E-Commerce,1,"Software Engineering, Hardware / Embedded, IT Support / Admin / ERP, DevOps / Cloud, Data / ML / AI, Security, QA / Testing, Technical Management, UX / Product Design"
National Polytechnic University of Armenia,Informatics (Computer Science),Master,ASIC Design,13,"Software Engineering, Hardware / Embedded, IT Support / Admin / ERP, DevOps / Cloud, Data / ML / AI, Security, QA / Testing, Technical Management, UX / Product Design"
National Polytechnic University of Armenia,Informatics (Computer Science),Master,NGFW Firewalls,1,"Software Engineering, Hardware / Embedded, IT Support / Admin / ERP, DevOps / Cloud, Data / ML / AI, Security, QA / Testing, Technical Management, UX / Product Design"
National Polytechnic University of Armenia,Informatics (Computer Science),Master,Microsoft System Center Configuration Manager,1,"Software Engineering, Hardware / Embedded, IT Support / Admin / ERP, DevOps / Cloud, Data / ML / AI, Security, QA / Testing, Technical Management, UX / Product Design"
National Polytechnic University of Armenia,Informatics (Computer Science),Master,Privilege Escalation,1,"Software Engineering, Hardware / Embedded, IT Support / Admin / ERP, DevOps / Cloud, Data / ML / AI, Security, QA / Testing, Technical Management, UX / Product Design"
National Polytechnic University of Armenia,Informatics (Computer Science),Master,User Research,8,"Software Engineering, Hardware / Embedded, IT Support / Admin / ERP, DevOps / Cloud, Data / ML / AI, Security, QA / Testing, Technical Management, UX / Product Design"
National Polytechnic University of Armenia,Informatics (Computer Science),Master,Usability Testing,4,"Software Engineering, Hardware / Embedded, IT Support / Admin / ERP, DevOps / Cloud, Data / ML / AI, Security, QA / Testing, Technical Management, UX / Product Design"
National Polytechnic University of Armenia,Informatics (Computer Science),Master,Competitor Analysis,1,"Software Engineering, Hardware / Embedded, IT Support / Admin / ERP, DevOps / Cloud, Data / ML / AI, Security, QA / Testing, Technical Management, UX / Product Design"
National Polytechnic University of Armenia,Informatics (Computer Science),Master,DevOps,16,"Software Engineering, Hardware / Embedded, IT Support / Admin / ERP, DevOps / Cloud, Data / ML / AI, Security, QA / Testing, Technical Management, UX / Product Design"
National Polytechnic University of Armenia,Informatics (Computer Science),Master,Web and Mobile Design,1,"Software Engineering, Hardware / Embedded, IT Support / Admin / ERP, DevOps / Cloud, Data / ML / AI, Security, QA / Testing, Technical Management, UX / Product Design"
National Polytechnic University of Armenia,Informatics (Computer Science),Master,Jira,19,"Software Engineering, Hardware / Embedded, IT Support / Admin / ERP, DevOps / Cloud, Data / ML / AI, Security, QA / Testing, Technical Management, UX / Product Design"
National Polytechnic University of Armenia,Informatics (Computer Science),Master,Print Design,1,"Software Engineering, Hardware / Embedded, IT Support / Admin / ERP, DevOps / Cloud, Data / ML / AI, Security, QA / Testing, Technical Management, UX / Product Design"
National Polytechnic University of Armenia,Informatics (Computer Science),Master,TypeScript,78,"Software Engineering, Hardware / Embedded, IT Support / Admin / ERP, DevOps / Cloud, Data / ML / AI, Security, QA / Testing, Technical Management, UX / Product Design"
National Polytechnic University of Armenia,Informatics (Computer Science),Master,VLSI,2,"Software Engineering, Hardware / Embedded, IT Support / Admin / ERP, DevOps / Cloud, Data / ML / AI, Security, QA / Testing, Technical Management, UX / Product Design"
National Polytechnic University of Armenia,Informatics (Computer Science),Master,SoC Design,2,"Software Engineering, Hardware / Embedded, IT Support / Admin / ERP, DevOps / Cloud, Data / ML / AI, Security, QA / Testing, Technical Management, UX / Product Design"
National Polytechnic University of Armenia,Informatics (Computer Science),Master,Functional Testing,7,"Software Engineering, Hardware / Embedded, IT Support / Admin / ERP, DevOps / Cloud, Data / ML / AI, Security, QA / Testing, Technical Management, UX / Product Design"
National Polytechnic University of Armenia,Informatics (Computer Science),Master,HTML5,8,"Software Engineering, Hardware / Embedded, IT Support / Admin / ERP, DevOps / Cloud, Data / ML / AI, Security, QA / Testing, Technical Management, UX / Product Design"
National Polytechnic University of Armenia,Informatics (Computer Science),Master,Data Modeling,11,"Software Engineering, Hardware / Embedded, IT Support / Admin / ERP, DevOps / Cloud, Data / ML / AI, Security, QA / Testing, Technical Management, UX / Product Design"
National Polytechnic University of Armenia,Informatics (Computer Science),Master,ETL,16,"Software Engineering, Hardware / Embedded, IT Support / Admin / ERP, DevOps / Cloud, Data / ML / AI, Security, QA / Testing, Technical Management, UX / Product Design"
National Polytechnic University of Armenia,Informatics (Computer Science),Master,SAP Sales and Distribution,3,"Software Engineering, Hardware / Embedded, IT Support / Admin / ERP, DevOps / Cloud, Data / ML / AI, Security, QA / Testing, Technical Management, UX / Product Design"
National Polytechnic University of Armenia,Informatics (Computer Science),Master,Perl,7,"Software Engineering, Hardware / Embedded, IT Support / Admin / ERP, DevOps / Cloud, Data / ML / AI, Security, QA / Testing, Technical Management, UX / Product Design"
National Polytechnic University of Armenia,Informatics (Computer Science),Master,macOS,5,"Software Engineering, Hardware / Embedded, IT Support / Admin / ERP, DevOps / Cloud, Data / ML / AI, Security, QA / Testing, Technical Management, UX / Product Design"
National Polytechnic University of Armenia,Informatics (Computer Science),Master,Data Analysis,15,"Software Engineering, Hardware / Embedded, IT Support / Admin / ERP, DevOps / Cloud, Data / ML / AI, Security, QA / Testing, Technical Management, UX / Product Design"
National Polytechnic University of Armenia,Informatics (Computer Science),Master,Conversion Rate Optimization,2,"Software Engineering, Hardware / Embedded, IT Support / Admin / ERP, DevOps / Cloud, Data / ML / AI, Security, QA / Testing, Technical Management, UX / Product Design"
National Polytechnic University of Armenia,Informatics (Computer Science),Master,Quality Assurance,7,"Software Engineering, Hardware / Embedded, IT Support / Admin / ERP, DevOps / Cloud, Data / ML / AI, Security, QA / Testing, Technical Management, UX / Product Design"
National Polytechnic University of Armenia,Informatics (Computer Science),Master,Data Center Infrastructure Management (DCIM),5,"Software Engineering, Hardware / Embedded, IT Support / Admin / ERP, DevOps / Cloud, Data / ML / AI, Security, QA / Testing, Technical Management, UX / Product Design"
National Polytechnic University of Armenia,Informatics (Computer Science),Master,UX Motion Design,1,"Software Engineering, Hardware / Embedded, IT Support / Admin / ERP, DevOps / Cloud, Data / ML / AI, Security, QA / Testing, Technical Management, UX / Product Design"
National Polytechnic University of Armenia,Informatics (Computer Science),Master,Digital Forensics,1,"Software Engineering, Hardware / Embedded, IT Support / Admin / ERP, DevOps / Cloud, Data / ML / AI, Security, QA / Testing, Technical Management, UX / Product Design"
National Polytechnic University of Armenia,Informatics (Computer Science),Master,C#,38,"Software Engineering, Hardware / Embedded, IT Support / Admin / ERP, DevOps / Cloud, Data / ML / AI, Security, QA / Testing, Technical Management, UX / Product Design"
National Polytechnic University of Armenia,Informatics (Computer Science),Master,HTML,13,"Software Engineering, Hardware / Embedded, IT Support / Admin / ERP, DevOps / Cloud, Data / ML / AI, Security, QA / Testing, Technical Management, UX / Product Design"
National Polytechnic University of Armenia,Informatics (Computer Science),Master,VLANs,2,"Software Engineering, Hardware / Embedded, IT Support / Admin / ERP, DevOps / Cloud, Data / ML / AI, Security, QA / Testing, Technical Management, UX / Product Design"
National Polytechnic University of Armenia,Informatics (Computer Science),Master,Business Intelligence,9,"Software Engineering, Hardware / Embedded, IT Support / Admin / ERP, DevOps / Cloud, Data / ML / AI, Security, QA / Testing, Technical Management, UX / Product Design"
National Polytechnic University of Armenia,Informatics (Computer Science),Master,PHP,24,"Software Engineering, Hardware / Embedded, IT Support / Admin / ERP, DevOps / Cloud, Data / ML / AI, Security, QA / Testing, Technical Management, UX / Product Design"
National Polytechnic University of Armenia,Informatics (Computer Science),Master,Prototyping,13,"Software Engineering, Hardware / Embedded, IT Support / Admin / ERP, DevOps / Cloud, Data / ML / AI, Security, QA / Testing, Technical Management, UX / Product Design"
National Polytechnic University of Armenia,Informatics (Computer Science),Master,Apache Airflow,10,"Software Engineering, Hardware / Embedded, IT Support / Admin / ERP, DevOps / Cloud, Data / ML / AI, Security, QA / Testing, Technical Management, UX / Product Design"
National Polytechnic University of Armenia,Informatics (Computer Science),Master,MongoDB,17,"Software Engineering, Hardware / Embedded, IT Support / Admin / ERP, DevOps / Cloud, Data / ML / AI, Security, QA / Testing, Technical Management, UX / Product Design"
National Polytechnic University of Armenia,Informatics (Computer Science),Master,Computer Networking,8,"Software Engineering, Hardware / Embedded, IT Support / Admin / ERP, DevOps / Cloud, Data / ML / AI, Security, QA / Testing, Technical Management, UX / Product Design"
National Polytechnic University of Armenia,Informatics (Computer Science),Master,Compliance Frameworks,1,"Software Engineering, Hardware / Embedded, IT Support / Admin / ERP, DevOps / Cloud, Data / ML / AI, Security, QA / Testing, Technical Management, UX / Product Design"
National Polytechnic University of Armenia,Informatics (Computer Science),Master,Telecommunications,2,"Software Engineering, Hardware / Embedded, IT Support / Admin / ERP, DevOps / Cloud, Data / ML / AI, Security, QA / Testing, Technical Management, UX / Product Design"
National Polytechnic University of Armenia,Informatics (Computer Science),Master,Vulnerability Assessment,3,"Software Engineering, Hardware / Embedded, IT Support / Admin / ERP, DevOps / Cloud, Data / ML / AI, Security, QA / Testing, Technical Management, UX / Product Design"
National Polytechnic University of Armenia,Informatics (Computer Science),Master,EM/IR Analysis,4,"Software Engineering, Hardware / Embedded, IT Support / Admin / ERP, DevOps / Cloud, Data / ML / AI, Security, QA / Testing, Technical Management, UX / Product Design"
National Polytechnic University of Armenia,Informatics (Computer Science),Master,Mobile Security,1,"Software Engineering, Hardware / Embedded, IT Support / Admin / ERP, DevOps / Cloud, Data / ML / AI, Security, QA / Testing, Technical Management, UX / Product Design"
National Polytechnic University of Armenia,Informatics (Computer Science),Master,Cadence Virtuoso,3,"Software Engineering, Hardware / Embedded, IT Support / Admin / ERP, DevOps / Cloud, Data / ML / AI, Security, QA / Testing, Technical Management, UX / Product Design"
National Polytechnic University of Armenia,Informatics (Computer Science),Master,PostgreSQL,52,"Software Engineering, Hardware / Embedded, IT Support / Admin / ERP, DevOps / Cloud, Data / ML / AI, Security, QA / Testing, Technical Management, UX / Product Design"
National Polytechnic University of Armenia,Informatics (Computer Science),Master,Signal Integrity,3,"Software Engineering, Hardware / Embedded, IT Support / Admin / ERP, DevOps / Cloud, Data / ML / AI, Security, QA / Testing, Technical Management, UX / Product Design"
National Polytechnic University of Armenia,Informatics (Computer Science),Master,Natural Language Processing,11,"Software Engineering, Hardware / Embedded, IT Support / Admin / ERP, DevOps / Cloud, Data / ML / AI, Security, QA / Testing, Technical Management, UX / Product Design"
National Polytechnic University of Armenia,Informatics (Computer Science),Master,UI Testing,4,"Software Engineering, Hardware / Embedded, IT Support / Admin / ERP, DevOps / Cloud, Data / ML / AI, Security, QA / Testing, Technical Management, UX / Product Design"
National Polytechnic University of Armenia,Informatics (Computer Science),Master,Database Support,3,"Software Engineering, Hardware / Embedded, IT Support / Admin / ERP, DevOps / Cloud, Data / ML / AI, Security, QA / Testing, Technical Management, UX / Product Design"
National Polytechnic University of Armenia,Informatics (Computer Science),Master,JavaScript,79,"Software Engineering, Hardware / Embedded, IT Support / Admin / ERP, DevOps / Cloud, Data / ML / AI, Security, QA / Testing, Technical Management, UX / Product Design"
National Polytechnic University of Armenia,Informatics (Computer Science),Master,Access Control,4,"Software Engineering, Hardware / Embedded, IT Support / Admin / ERP, DevOps / Cloud, Data / ML / AI, Security, QA / Testing, Technical Management, UX / Product Design"
National Polytechnic University of Armenia,Informatics (Computer Science),Master,Cypress,6,"Software Engineering, Hardware / Embedded, IT Support / Admin / ERP, DevOps / Cloud, Data / ML / AI, Security, QA / Testing, Technical Management, UX / Product Design"
National Polytechnic University of Armenia,Informatics (Computer Science),Master,Graphic Design,2,"Software Engineering, Hardware / Embedded, IT Support / Admin / ERP, DevOps / Cloud, Data / ML / AI, Security, QA / Testing, Technical Management, UX / Product Design"
National Polytechnic University of Armenia,Informatics (Computer Science),Master,MLOps,13,"Software Engineering, Hardware / Embedded, IT Support / Admin / ERP, DevOps / Cloud, Data / ML / AI, Security, QA / Testing, Technical Management, UX / Product Design"
National Polytechnic University of Armenia,Informatics (Computer Science),Master,Okta API Access Management,1,"Software Engineering, Hardware / Embedded, IT Support / Admin / ERP, DevOps / Cloud, Data / ML / AI, Security, QA / Testing, Technical Management, UX / Product Design"
National Polytechnic University of Armenia,Informatics (Computer Science),Master,Go,27,"Software Engineering, Hardware / Embedded, IT Support / Admin / ERP, DevOps / Cloud, Data / ML / AI, Security, QA / Testing, Technical Management, UX / Product Design"
National Polytechnic University of Armenia,Informatics (Computer Science),Master,Secure Architecture Design,1,"Software Engineering, Hardware / Embedded, IT Support / Admin / ERP, DevOps / Cloud, Data / ML / AI, Security, QA / Testing, Technical Management, UX / Product Design"
National Polytechnic University of Armenia,Informatics (Computer Science),Master,Social Media Design,1,"Software Engineering, Hardware / Embedded, IT Support / Admin / ERP, DevOps / Cloud, Data / ML / AI, Security, QA / Testing, Technical Management, UX / Product Design"
National Polytechnic University of Armenia,Informatics (Computer Science),Master,Observability,5,"Software Engineering, Hardware / Embedded, IT Support / Admin / ERP, DevOps / Cloud, Data / ML / AI, Security, QA / Testing, Technical Management, UX / Product Design"
National Polytechnic University of Armenia,Informatics (Computer Science),Master,Azure Virtual Desktop,1,"Software Engineering, Hardware / Embedded, IT Support / Admin / ERP, DevOps / Cloud, Data / ML / AI, Security, QA / Testing, Technical Management, UX / Product Design"
National Polytechnic University of Armenia,Informatics (Computer Science),Master,Redis,19,"Software Engineering, Hardware / Embedded, IT Support / Admin / ERP, DevOps / Cloud, Data / ML / AI, Security, QA / Testing, Technical Management, UX / Product Design"
National Polytechnic University of Armenia,Informatics (Computer Science),Master,PrimeTime,4,"Software Engineering, Hardware / Embedded, IT Support / Admin / ERP, DevOps / Cloud, Data / ML / AI, Security, QA / Testing, Technical Management, UX / Product Design"
National Polytechnic University of Armenia,Informatics (Computer Science),Master,Software Testing,8,"Software Engineering, Hardware / Embedded, IT Support / Admin / ERP, DevOps / Cloud, Data / ML / AI, Security, QA / Testing, Technical Management, UX / Product Design"
National Polytechnic University of Armenia,Informatics (Computer Science),Master,Video Camera Operation,2,"Software Engineering, Hardware / Embedded, IT Support / Admin / ERP, DevOps / Cloud, Data / ML / AI, Security, QA / Testing, Technical Management, UX / Product Design"
National Polytechnic University of Armenia,Informatics (Computer Science),Master,FastAPI,9,"Software Engineering, Hardware / Embedded, IT Support / Admin / ERP, DevOps / Cloud, Data / ML / AI, Security, QA / Testing, Technical Management, UX / Product Design"
National Polytechnic University of Armenia,Informatics (Computer Science),Master,Zabbix,5,"Software Engineering, Hardware / Embedded, IT Support / Admin / ERP, DevOps / Cloud, Data / ML / AI, Security, QA / Testing, Technical Management, UX / Product Design"
National Polytechnic University of Armenia,Informatics (Computer Science),Master,Postman,14,"Software Engineering, Hardware / Embedded, IT Support / Admin / ERP, DevOps / Cloud, Data / ML / AI, Security, QA / Testing, Technical Management, UX / Product Design"
National Polytechnic University of Armenia,Informatics (Computer Science),Master,Audio-Visual (AV) Infrastructure,2,"Software Engineering, Hardware / Embedded, IT Support / Admin / ERP, DevOps / Cloud, Data / ML / AI, Security, QA / Testing, Technical Management, UX / Product Design"
National Polytechnic University of Armenia,Informatics (Computer Science),Master,UI Design,12,"Software Engineering, Hardware / Embedded, IT Support / Admin / ERP, DevOps / Cloud, Data / ML / AI, Security, QA / Testing, Technical Management, UX / Product Design"
National Polytechnic University of Armenia,Informatics (Computer Science),Master,Static Application Security Testing,1,"Software Engineering, Hardware / Embedded, IT Support / Admin / ERP, DevOps / Cloud, Data / ML / AI, Security, QA / Testing, Technical Management, UX / Product Design"
National Polytechnic University of Armenia,Informatics (Computer Science),Master,Test Pattern Generation,3,"Software Engineering, Hardware / Embedded, IT Support / Admin / ERP, DevOps / Cloud, Data / ML / AI, Security, QA / Testing, Technical Management, UX / Product Design"
National Polytechnic University of Armenia,Informatics (Computer Science),Master,Product Analytics,7,"Software Engineering, Hardware / Embedded, IT Support / Admin / ERP, DevOps / Cloud, Data / ML / AI, Security, QA / Testing, Technical Management, UX / Product Design"
National Polytechnic University of Armenia,Informatics (Computer Science),Master,Cable Installation,3,"Software Engineering, Hardware / Embedded, IT Support / Admin / ERP, DevOps / Cloud, Data / ML / AI, Security, QA / Testing, Technical Management, UX / Product Design"
National Polytechnic University of Armenia,Informatics (Computer Science),Master,Place and Route,3,"Software Engineering, Hardware / Embedded, IT Support / Admin / ERP, DevOps / Cloud, Data / ML / AI, Security, QA / Testing, Technical Management, UX / Product Design"
National Polytechnic University of Armenia,Informatics (Computer Science),Master,CI/CD Pipelines,5,"Software Engineering, Hardware / Embedded, IT Support / Admin / ERP, DevOps / Cloud, Data / ML / AI, Security, QA / Testing, Technical Management, UX / Product Design"
National Polytechnic University of Armenia,Informatics (Computer Science),Master,React,60,"Software Engineering, Hardware / Embedded, IT Support / Admin / ERP, DevOps / Cloud, Data / ML / AI, Security, QA / Testing, Technical Management, UX / Product Design"
National Polytechnic University of Armenia,Informatics (Computer Science),Master,SAP HANA,6,"Software Engineering, Hardware / Embedded, IT Support / Admin / ERP, DevOps / Cloud, Data / ML / AI, Security, QA / Testing, Technical Management, UX / Product Design"
National Polytechnic University of Armenia,Informatics (Computer Science),Master,Product Discovery,1,"Software Engineering, Hardware / Embedded, IT Support / Admin / ERP, DevOps / Cloud, Data / ML / AI, Security, QA / Testing, Technical Management, UX / Product Design"
National Polytechnic University of Armenia,Informatics (Computer Science),Master,TensorFlow,6,"Software Engineering, Hardware / Embedded, IT Support / Admin / ERP, DevOps / Cloud, Data / ML / AI, Security, QA / Testing, Technical Management, UX / Product Design"
National Polytechnic University of Armenia,Informatics (Computer Science),Master,Kotlin,14,"Software Engineering, Hardware / Embedded, IT Support / Admin / ERP, DevOps / Cloud, Data / ML / AI, Security, QA / Testing, Technical Management, UX / Product Design"
National Polytechnic University of Armenia,Informatics (Computer Science),Master,Regression Testing,11,"Software Engineering, Hardware / Embedded, IT Support / Admin / ERP, DevOps / Cloud, Data / ML / AI, Security, QA / Testing, Technical Management, UX / Product Design"
National Polytechnic University of Armenia,Informatics (Computer Science),Master,Data Engineering,9,"Software Engineering, Hardware / Embedded, IT Support / Admin / ERP, DevOps / Cloud, Data / ML / AI, Security, QA / Testing, Technical Management, UX / Product Design"
National Polytechnic University of Armenia,Informatics (Computer Science),Master,Landing Page Development,2,"Software Engineering, Hardware / Embedded, IT Support / Admin / ERP, DevOps / Cloud, Data / ML / AI, Security, QA / Testing, Technical Management, UX / Product Design"
National Polytechnic University of Armenia,Informatics (Computer Science),Master,Vulnerability Management,1,"Software Engineering, Hardware / Embedded, IT Support / Admin / ERP, DevOps / Cloud, Data / ML / AI, Security, QA / Testing, Technical Management, UX / Product Design"
National Polytechnic University of Armenia,Informatics (Computer Science),Master,Digital Design,3,"Software Engineering, Hardware / Embedded, IT Support / Admin / ERP, DevOps / Cloud, Data / ML / AI, Security, QA / Testing, Technical Management, UX / Product Design"
National Polytechnic University of Armenia,Informatics (Computer Science),Master,Windows OS,10,"Software Engineering, Hardware / Embedded, IT Support / Admin / ERP, DevOps / Cloud, Data / ML / AI, Security, QA / Testing, Technical Management, UX / Product Design"
National Polytechnic University of Armenia,Informatics (Computer Science),Master,Gate-Level Netlist Synthesis,2,"Software Engineering, Hardware / Embedded, IT Support / Admin / ERP, DevOps / Cloud, Data / ML / AI, Security, QA / Testing, Technical Management, UX / Product Design"
National Polytechnic University of Armenia,Informatics (Computer Science),Master,C++,22,"Software Engineering, Hardware / Embedded, IT Support / Admin / ERP, DevOps / Cloud, Data / ML / AI, Security, QA / Testing, Technical Management, UX / Product Design"
National Polytechnic University of Armenia,Informatics (Computer Science),Master,Confluence,6,"Software Engineering, Hardware / Embedded, IT Support / Admin / ERP, DevOps / Cloud, Data / ML / AI, Security, QA / Testing, Technical Management, UX / Product Design"
National Polytechnic University of Armenia,Informatics (Computer Science),Master,Midjourney,1,"Software Engineering, Hardware / Embedded, IT Support / Admin / ERP, DevOps / Cloud, Data / ML / AI, Security, QA / Testing, Technical Management, UX / Product Design"
National Polytechnic University of Armenia,Informatics (Computer Science),Master,Software Bill of Materials,1,"Software Engineering, Hardware / Embedded, IT Support / Admin / ERP, DevOps / Cloud, Data / ML / AI, Security, QA / Testing, Technical Management, UX / Product Design"
National Polytechnic University of Armenia,Informatics (Computer Science),Master,Infrastructure as Code,10,"Software Engineering, Hardware / Embedded, IT Support / Admin / ERP, DevOps / Cloud, Data / ML / AI, Security, QA / Testing, Technical Management, UX / Product Design"
National Polytechnic University of Armenia,Informatics (Computer Science),Master,SAP Controlling,3,"Software Engineering, Hardware / Embedded, IT Support / Admin / ERP, DevOps / Cloud, Data / ML / AI, Security, QA / Testing, Technical Management, UX / Product Design"
National Polytechnic University of Armenia,Informatics (Computer Science),Master,Java,43,"Software Engineering, Hardware / Embedded, IT Support / Admin / ERP, DevOps / Cloud, Data / ML / AI, Security, QA / Testing, Technical Management, UX / Product Design"
National Polytechnic University of Armenia,Informatics (Computer Science),Master,Git,52,"Software Engineering, Hardware / Embedded, IT Support / Admin / ERP, DevOps / Cloud, Data / ML / AI, Security, QA / Testing, Technical Management, UX / Product Design"
National Polytechnic University of Armenia,Informatics (Computer Science),Master,GitHub Actions,11,"Software Engineering, Hardware / Embedded, IT Support / Admin / ERP, DevOps / Cloud, Data / ML / AI, Security, QA / Testing, Technical Management, UX / Product Design"
National Polytechnic University of Armenia,Informatics (Computer Science),Master,Kali Linux,1,"Software Engineering, Hardware / Embedded, IT Support / Admin / ERP, DevOps / Cloud, Data / ML / AI, Security, QA / Testing, Technical Management, UX / Product Design"
National Polytechnic University of Armenia,Informatics (Computer Science),Master,Static Timing Analysis,13,"Software Engineering, Hardware / Embedded, IT Support / Admin / ERP, DevOps / Cloud, Data / ML / AI, Security, QA / Testing, Technical Management, UX / Product Design"
National Polytechnic University of Armenia,Informatics (Computer Science),Master,Software Troubleshooting,3,"Software Engineering, Hardware / Embedded, IT Support / Admin / ERP, DevOps / Cloud, Data / ML / AI, Security, QA / Testing, Technical Management, UX / Product Design"
National Polytechnic University of Armenia,Information Security,Bachelor,F5,1,Security
National Polytechnic University of Armenia,Information Security,Bachelor,Terraform,3,Security
National Polytechnic University of Armenia,Information Security,Bachelor,CodeQL,1,Security
National Polytechnic University of Armenia,Information Security,Bachelor,Software Composition Analysis,1,Security
National Polytechnic University of Armenia,Information Security,Bachelor,Metasploit,1,Security
National Polytechnic University of Armenia,Information Security,Bachelor,Circuit Breakers,1,Security
National Polytechnic University of Armenia,Information Security,Bachelor,Single Sign-On,2,Security
National Polytechnic University of Armenia,Information Security,Bachelor,Endpoint Detection and Response/Extended Detection and Response,1,Security
National Polytechnic University of Armenia,Information Security,Bachelor,Digital Forensics,1,Security
National Polytechnic University of Armenia,Information Security,Bachelor,VLANs,1,Security
National Polytechnic University of Armenia,Information Security,Bachelor,Compliance Frameworks,1,Security
National Polytechnic University of Armenia,Information Security,Bachelor,Fortinet,1,Security
National Polytechnic University of Armenia,Information Security,Bachelor,ELK Stack,1,Security
National Polytechnic University of Armenia,Information Security,Bachelor,Incident Response,4,Security
National Polytechnic University of Armenia,Information Security,Bachelor,Palo Alto Networks,1,Security
National Polytechnic University of Armenia,Information Security,Bachelor,Mobile Security,1,Security
National Polytechnic University of Armenia,Information Security,Bachelor,REST APIs,1,Security
National Polytechnic University of Armenia,Information Security,Bachelor,Secure Sdlc Practices,1,Security
National Polytechnic University of Armenia,Information Security,Bachelor,Model Context Protocol,1,Security
National Polytechnic University of Armenia,Information Security,Bachelor,Agile,1,Security
National Polytechnic University of Armenia,Information Security,Bachelor,GitHub Advanced Security,1,Security
National Polytechnic University of Armenia,Information Security,Bachelor,Splunk,1,Security
National Polytechnic University of Armenia,Information Security,Bachelor,Windows 10/11,1,Security
National Polytechnic University of Armenia,Information Security,Bachelor,API Access Management,1,Security
National Polytechnic University of Armenia,Information Security,Bachelor,IT Auditing,1,Security
National Polytechnic University of Armenia,Information Security,Bachelor,JavaScript,2,Security
National Polytechnic University of Armenia,Information Security,Bachelor,Group Policy,1,Security
National Polytechnic University of Armenia,Information Security,Bachelor,Cloud Security,2,Security
National Polytechnic University of Armenia,Information Security,Bachelor,Distributed Systems,1,Security
National Polytechnic University of Armenia,Information Security,Bachelor,Burp Suite,1,Security
National Polytechnic University of Armenia,Information Security,Bachelor,Windows Autopilot,1,Security
National Polytechnic University of Armenia,Information Security,Bachelor,Okta,2,Security
National Polytechnic University of Armenia,Information Security,Bachelor,Design for Testability (DFT),1,Security
National Polytechnic University of Armenia,Information Security,Bachelor,Okta API Access Management,1,Security
National Polytechnic University of Armenia,Information Security,Bachelor,Secure Architecture Design,1,Security
National Polytechnic University of Armenia,Information Security,Bachelor,GitLab,2,Security
National Polytechnic University of Armenia,Information Security,Bachelor,Application Security,2,Security
National Polytechnic University of Armenia,Information Security,Bachelor,Network Security,3,Security
National Polytechnic University of Armenia,Information Security,Bachelor,Azure Virtual Desktop,1,Security
National Polytechnic University of Armenia,Information Security,Bachelor,Cisco,1,Security
National Polytechnic University of Armenia,Information Security,Bachelor,Google Workspace,2,Security
National Polytechnic University of Armenia,Information Security,Bachelor,Account Management,2,Security
National Polytechnic University of Armenia,Information Security,Bachelor,Machine Learning,1,Security
National Polytechnic University of Armenia,Information Security,Bachelor,Okta Universal Directory,2,Security
National Polytechnic University of Armenia,Information Security,Bachelor,DevSecOps,1,Security
National Polytechnic University of Armenia,Information Security,Bachelor,Bug Bounty Programs,1,Security
National Polytechnic University of Armenia,Information Security,Bachelor,Compliance,3,Security
National Polytechnic University of Armenia,Information Security,Bachelor,IT Governance,1,Security
National Polytechnic University of Armenia,Information Security,Bachelor,Physical Design,1,Security
National Polytechnic University of Armenia,Information Security,Bachelor,Low-Latency Systems,1,Security
National Polytechnic University of Armenia,Information Security,Bachelor,Static Application Security Testing (SAST),1,Security
National Polytechnic University of Armenia,Information Security,Bachelor,"GRC (Governance, Risk & Compliance)",1,Security
National Polytechnic University of Armenia,Information Security,Bachelor,AWS,2,Security
National Polytechnic University of Armenia,Information Security,Bachelor,Okta Lifecycle Management,2,Security
National Polytechnic University of Armenia,Information Security,Bachelor,PowerShell,1,Security
National Polytechnic University of Armenia,Information Security,Bachelor,RTL Design,1,Security
National Polytechnic University of Armenia,Information Security,Bachelor,Tcl,1,Security
National Polytechnic University of Armenia,Information Security,Bachelor,Data Engineering,1,Security
National Polytechnic University of Armenia,Information Security,Bachelor,Active Directory,2,Security
National Polytechnic University of Armenia,Information Security,Bachelor,ASIC Design,1,Security
National Polytechnic University of Armenia,Information Security,Bachelor,Real-Time Data Processing,1,Security
National Polytechnic University of Armenia,Information Security,Bachelor,NGFW Firewalls,1,Security
National Polytechnic University of Armenia,Information Security,Bachelor,Microsoft System Center Configuration Manager,1,Security
National Polytechnic University of Armenia,Information Security,Bachelor,Privilege Escalation,1,Security
National Polytechnic University of Armenia,Information Security,Bachelor,Software Bill of Materials,1,Security
National Polytechnic University of Armenia,Information Security,Bachelor,Microsoft Intune,1,Security
National Polytechnic University of Armenia,Information Security,Bachelor,Kali Linux,1,Security
National Polytechnic University of Armenia,Information Security,Bachelor,TypeScript,2,Security
National Polytechnic University of Armenia,Information Security,Bachelor,VLSI,1,Security
National Polytechnic University of Armenia,Information Security,Bachelor,SoC Design,1,Security
National Polytechnic University of Armenia,Information Systems,Bachelor,CSS,21,"IT Support / Admin / ERP, Software Engineering"
National Polytechnic University of Armenia,Information Systems,Bachelor,Kubernetes,16,"IT Support / Admin / ERP, Software Engineering"
National Polytechnic University of Armenia,Information Systems,Bachelor,SAP Sales and Distribution,3,"IT Support / Admin / ERP, Software Engineering"
National Polytechnic University of Armenia,Information Systems,Bachelor,macOS,4,"IT Support / Admin / ERP, Software Engineering"
National Polytechnic University of Armenia,Information Systems,Bachelor,Hardware Troubleshooting,5,"IT Support / Admin / ERP, Software Engineering"
National Polytechnic University of Armenia,Information Systems,Bachelor,C#,33,"IT Support / Admin / ERP, Software Engineering"
National Polytechnic University of Armenia,Information Systems,Bachelor,HTML,13,"IT Support / Admin / ERP, Software Engineering"
National Polytechnic University of Armenia,Information Systems,Bachelor,ASP.NET Core,18,"IT Support / Admin / ERP, Software Engineering"
National Polytechnic University of Armenia,Information Systems,Bachelor,PHP,20,"IT Support / Admin / ERP, Software Engineering"
National Polytechnic University of Armenia,Information Systems,Bachelor,CI/CD,27,"IT Support / Admin / ERP, Software Engineering"
National Polytechnic University of Armenia,Information Systems,Bachelor,Operating System Support,3,"IT Support / Admin / ERP, Software Engineering"
National Polytechnic University of Armenia,Information Systems,Bachelor,Node.js,47,"IT Support / Admin / ERP, Software Engineering"
National Polytechnic University of Armenia,Information Systems,Bachelor,React,55,"IT Support / Admin / ERP, Software Engineering"
National Polytechnic University of Armenia,Information Systems,Bachelor,Technical Support,3,"IT Support / Admin / ERP, Software Engineering"
National Polytechnic University of Armenia,Information Systems,Bachelor,AWS,32,"IT Support / Admin / ERP, Software Engineering"
National Polytechnic University of Armenia,Information Systems,Bachelor,SAP HANA Calculation Views,3,"IT Support / Admin / ERP, Software Engineering"
National Polytechnic University of Armenia,Information Systems,Bachelor,SAP HANA,6,"IT Support / Admin / ERP, Software Engineering"
National Polytechnic University of Armenia,Information Systems,Bachelor,.NET,21,"IT Support / Admin / ERP, Software Engineering"
National Polytechnic University of Armenia,Information Systems,Bachelor,SAP Financial Accounting,3,"IT Support / Admin / ERP, Software Engineering"
National Polytechnic University of Armenia,Information Systems,Bachelor,SAP Configuration,8,"IT Support / Admin / ERP, Software Engineering"
National Polytechnic University of Armenia,Information Systems,Bachelor,Angular,18,"IT Support / Admin / ERP, Software Engineering"
National Polytechnic University of Armenia,Information Systems,Bachelor,SAP Logistics,6,"IT Support / Admin / ERP, Software Engineering"
National Polytechnic University of Armenia,Information Systems,Bachelor,REST APIs,98,"IT Support / Admin / ERP, Software Engineering"
National Polytechnic University of Armenia,Information Systems,Bachelor,Help Desk Software,3,"IT Support / Admin / ERP, Software Engineering"
National Polytechnic University of Armenia,Information Systems,Bachelor,Docker,29,"IT Support / Admin / ERP, Software Engineering"
National Polytechnic University of Armenia,Information Systems,Bachelor,Backend Development,21,"IT Support / Admin / ERP, Software Engineering"
National Polytechnic University of Armenia,Information Systems,Bachelor,Next.js,14,"IT Support / Admin / ERP, Software Engineering"
National Polytechnic University of Armenia,Information Systems,Bachelor,ABAP,7,"IT Support / Admin / ERP, Software Engineering"
National Polytechnic University of Armenia,Information Systems,Bachelor,SAP Materials Management,4,"IT Support / Admin / ERP, Software Engineering"
National Polytechnic University of Armenia,Information Systems,Bachelor,Windows OS,9,"IT Support / Admin / ERP, Software Engineering"
National Polytechnic University of Armenia,Information Systems,Bachelor,Active Directory,3,"IT Support / Admin / ERP, Software Engineering"
National Polytechnic University of Armenia,Information Systems,Bachelor,SAP FICO,6,"IT Support / Admin / ERP, Software Engineering"
National Polytechnic University of Armenia,Information Systems,Bachelor,JavaScript,67,"IT Support / Admin / ERP, Software Engineering"
National Polytechnic University of Armenia,Information Systems,Bachelor,C++,18,"IT Support / Admin / ERP, Software Engineering"
National Polytechnic University of Armenia,Information Systems,Bachelor,SAP Controlling,3,"IT Support / Admin / ERP, Software Engineering"
National Polytechnic University of Armenia,Information Systems,Bachelor,SAP S/4HANA,14,"IT Support / Admin / ERP, Software Engineering"
National Polytechnic University of Armenia,Information Systems,Bachelor,Project Based Learning,4,"IT Support / Admin / ERP, Software Engineering"
National Polytechnic University of Armenia,Information Systems,Bachelor,Go,21,"IT Support / Admin / ERP, Software Engineering"
National Polytechnic University of Armenia,Information Systems,Bachelor,Java,27,"IT Support / Admin / ERP, Software Engineering"
National Polytechnic University of Armenia,Information Systems,Bachelor,Git,37,"IT Support / Admin / ERP, Software Engineering"
National Polytechnic University of Armenia,Information Systems,Bachelor,SAP Retail,3,"IT Support / Admin / ERP, Software Engineering"
National Polytechnic University of Armenia,Information Systems,Bachelor,LDAP,3,"IT Support / Admin / ERP, Software Engineering"
National Polytechnic University of Armenia,Information Systems,Bachelor,Jira,6,"IT Support / Admin / ERP, Software Engineering"
National Polytechnic University of Armenia,Information Systems,Bachelor,API Integration,6,"IT Support / Admin / ERP, Software Engineering"
National Polytechnic University of Armenia,Information Systems,Bachelor,TypeScript,58,"IT Support / Admin / ERP, Software Engineering"
National Polytechnic University of Armenia,Information Systems,Bachelor,Network Troubleshooting,3,"IT Support / Admin / ERP, Software Engineering"
National Polytechnic University of Armenia,Information Systems,Bachelor,Google Workspace,4,"IT Support / Admin / ERP, Software Engineering"
National Polytechnic University of Armenia,Information Systems,Bachelor,Redis,14,"IT Support / Admin / ERP, Software Engineering"
National Polytechnic University of Armenia,Information Systems,Bachelor,Microsoft Office,4,"IT Support / Admin / ERP, Software Engineering"
National Polytechnic University of Armenia,Information Systems,Bachelor,Software Troubleshooting,3,"IT Support / Admin / ERP, Software Engineering"
National Polytechnic University of Armenia,Information Systems,Bachelor,Curriculum Development,3,"IT Support / Admin / ERP, Software Engineering"
National Polytechnic University of Armenia,Information Systems,Bachelor,ABAP Core Data Services,3,"IT Support / Admin / ERP, Software Engineering"
National Polytechnic University of Armenia,Information Systems,Bachelor,Incident Management,4,"IT Support / Admin / ERP, Software Engineering"
National Polytechnic University of Armenia,Information Systems,Master,Microservices,36,"IT Support / Admin / ERP, Software Engineering"
National Polytechnic University of Armenia,Information Systems,Master,CSS,21,"IT Support / Admin / ERP, Software Engineering"
National Polytechnic University of Armenia,Information Systems,Master,Kubernetes,16,"IT Support / Admin / ERP, Software Engineering"
National Polytechnic University of Armenia,Information Systems,Master,SAP Sales and Distribution,3,"IT Support / Admin / ERP, Software Engineering"
National Polytechnic University of Armenia,Information Systems,Master,Apache Kafka,17,"IT Support / Admin / ERP, Software Engineering"
National Polytechnic University of Armenia,Information Systems,Master,macOS,4,"IT Support / Admin / ERP, Software Engineering"
National Polytechnic University of Armenia,Information Systems,Master,Hardware Troubleshooting,5,"IT Support / Admin / ERP, Software Engineering"
National Polytechnic University of Armenia,Information Systems,Master,C#,33,"IT Support / Admin / ERP, Software Engineering"
National Polytechnic University of Armenia,Information Systems,Master,SQL,37,"IT Support / Admin / ERP, Software Engineering"
National Polytechnic University of Armenia,Information Systems,Master,MySQL,25,"IT Support / Admin / ERP, Software Engineering"
National Polytechnic University of Armenia,Information Systems,Master,ASP.NET Core,18,"IT Support / Admin / ERP, Software Engineering"
National Polytechnic University of Armenia,Information Systems,Master,PHP,20,"IT Support / Admin / ERP, Software Engineering"
National Polytechnic University of Armenia,Information Systems,Master,CI/CD,27,"IT Support / Admin / ERP, Software Engineering"
National Polytechnic University of Armenia,Information Systems,Master,Operating System Support,3,"IT Support / Admin / ERP, Software Engineering"
National Polytechnic University of Armenia,Information Systems,Master,Node.js,47,"IT Support / Admin / ERP, Software Engineering"
National Polytechnic University of Armenia,Information Systems,Master,React,55,"IT Support / Admin / ERP, Software Engineering"
National Polytechnic University of Armenia,Information Systems,Master,Technical Support,3,"IT Support / Admin / ERP, Software Engineering"
National Polytechnic University of Armenia,Information Systems,Master,AWS,32,"IT Support / Admin / ERP, Software Engineering"
National Polytechnic University of Armenia,Information Systems,Master,SAP HANA Calculation Views,3,"IT Support / Admin / ERP, Software Engineering"
National Polytechnic University of Armenia,Information Systems,Master,SAP HANA,6,"IT Support / Admin / ERP, Software Engineering"
National Polytechnic University of Armenia,Information Systems,Master,.NET,21,"IT Support / Admin / ERP, Software Engineering"
National Polytechnic University of Armenia,Information Systems,Master,SAP Financial Accounting,3,"IT Support / Admin / ERP, Software Engineering"
National Polytechnic University of Armenia,Information Systems,Master,SAP Configuration,8,"IT Support / Admin / ERP, Software Engineering"
National Polytechnic University of Armenia,Information Systems,Master,Angular,18,"IT Support / Admin / ERP, Software Engineering"
National Polytechnic University of Armenia,Information Systems,Master,SAP Logistics,6,"IT Support / Admin / ERP, Software Engineering"
National Polytechnic University of Armenia,Information Systems,Master,Help Desk Software,3,"IT Support / Admin / ERP, Software Engineering"
National Polytechnic University of Armenia,Information Systems,Master,PostgreSQL,35,"IT Support / Admin / ERP, Software Engineering"
National Polytechnic University of Armenia,Information Systems,Master,Docker,29,"IT Support / Admin / ERP, Software Engineering"
National Polytechnic University of Armenia,Information Systems,Master,Backend Development,21,"IT Support / Admin / ERP, Software Engineering"
National Polytechnic University of Armenia,Information Systems,Master,Next.js,14,"IT Support / Admin / ERP, Software Engineering"
National Polytechnic University of Armenia,Information Systems,Master,ABAP,7,"IT Support / Admin / ERP, Software Engineering"
National Polytechnic University of Armenia,Information Systems,Master,SAP Materials Management,4,"IT Support / Admin / ERP, Software Engineering"
National Polytechnic University of Armenia,Information Systems,Master,Windows OS,9,"IT Support / Admin / ERP, Software Engineering"
National Polytechnic University of Armenia,Information Systems,Master,Active Directory,3,"IT Support / Admin / ERP, Software Engineering"
National Polytechnic University of Armenia,Information Systems,Master,SAP FICO,6,"IT Support / Admin / ERP, Software Engineering"
National Polytechnic University of Armenia,Information Systems,Master,JavaScript,67,"IT Support / Admin / ERP, Software Engineering"
National Polytechnic University of Armenia,Information Systems,Master,C++,18,"IT Support / Admin / ERP, Software Engineering"
National Polytechnic University of Armenia,Information Systems,Master,Distributed Systems,24,"IT Support / Admin / ERP, Software Engineering"
National Polytechnic University of Armenia,Information Systems,Master,SAP Controlling,3,"IT Support / Admin / ERP, Software Engineering"
National Polytechnic University of Armenia,Information Systems,Master,SAP S/4HANA,14,"IT Support / Admin / ERP, Software Engineering"
National Polytechnic University of Armenia,Information Systems,Master,Project Based Learning,4,"IT Support / Admin / ERP, Software Engineering"
National Polytechnic University of Armenia,Information Systems,Master,Go,21,"IT Support / Admin / ERP, Software Engineering"
National Polytechnic University of Armenia,Information Systems,Master,Java,27,"IT Support / Admin / ERP, Software Engineering"
National Polytechnic University of Armenia,Information Systems,Master,SAP Retail,3,"IT Support / Admin / ERP, Software Engineering"
National Polytechnic University of Armenia,Information Systems,Master,LDAP,3,"IT Support / Admin / ERP, Software Engineering"
National Polytechnic University of Armenia,Information Systems,Master,TypeScript,58,"IT Support / Admin / ERP, Software Engineering"
National Polytechnic University of Armenia,Information Systems,Master,Network Troubleshooting,3,"IT Support / Admin / ERP, Software Engineering"
National Polytechnic University of Armenia,Information Systems,Master,IT Infrastructure,3,"IT Support / Admin / ERP, Software Engineering"
National Polytechnic University of Armenia,Information Systems,Master,Google Workspace,4,"IT Support / Admin / ERP, Software Engineering"
National Polytechnic University of Armenia,Information Systems,Master,Redis,14,"IT Support / Admin / ERP, Software Engineering"
National Polytechnic University of Armenia,Information Systems,Master,Microsoft Office,4,"IT Support / Admin / ERP, Software Engineering"
National Polytechnic University of Armenia,Information Systems,Master,Master Data Management,3,"IT Support / Admin / ERP, Software Engineering"
National Polytechnic University of Armenia,Information Systems,Master,Microsoft SQL Server,18,"IT Support / Admin / ERP, Software Engineering"
National Polytechnic University of Armenia,Information Systems,Master,Software Troubleshooting,3,"IT Support / Admin / ERP, Software Engineering"
National Polytechnic University of Armenia,Information Systems,Master,Curriculum Development,3,"IT Support / Admin / ERP, Software Engineering"
National Polytechnic University of Armenia,Information Systems,Master,ABAP Core Data Services,3,"IT Support / Admin / ERP, Software Engineering"
National Polytechnic University of Armenia,Information Systems,Master,Incident Management,4,"IT Support / Admin / ERP, Software Engineering"
National Polytechnic University of Armenia,Information Technologies,Bachelor,F5,1,"Software Engineering, Hardware / Embedded, IT Support / Admin / ERP, DevOps / Cloud, Data / ML / AI, Security, QA / Testing, Technical Management, UX / Product Design"
National Polytechnic University of Armenia,Information Technologies,Bachelor,Terraform,25,"Software Engineering, Hardware / Embedded, IT Support / Admin / ERP, DevOps / Cloud, Data / ML / AI, Security, QA / Testing, Technical Management, UX / Product Design"
National Polytechnic University of Armenia,Information Technologies,Bachelor,Appium,3,"Software Engineering, Hardware / Embedded, IT Support / Admin / ERP, DevOps / Cloud, Data / ML / AI, Security, QA / Testing, Technical Management, UX / Product Design"
National Polytechnic University of Armenia,Information Technologies,Bachelor,Software Composition Analysis,1,"Software Engineering, Hardware / Embedded, IT Support / Admin / ERP, DevOps / Cloud, Data / ML / AI, Security, QA / Testing, Technical Management, UX / Product Design"
National Polytechnic University of Armenia,Information Technologies,Bachelor,Prometheus,7,"Software Engineering, Hardware / Embedded, IT Support / Admin / ERP, DevOps / Cloud, Data / ML / AI, Security, QA / Testing, Technical Management, UX / Product Design"
National Polytechnic University of Armenia,Information Technologies,Bachelor,Adobe After Effects,1,"Software Engineering, Hardware / Embedded, IT Support / Admin / ERP, DevOps / Cloud, Data / ML / AI, Security, QA / Testing, Technical Management, UX / Product Design"
National Polytechnic University of Armenia,Information Technologies,Bachelor,Physical Verification,4,"Software Engineering, Hardware / Embedded, IT Support / Admin / ERP, DevOps / Cloud, Data / ML / AI, Security, QA / Testing, Technical Management, UX / Product Design"
National Polytechnic University of Armenia,Information Technologies,Bachelor,Calibre LVS,2,"Software Engineering, Hardware / Embedded, IT Support / Admin / ERP, DevOps / Cloud, Data / ML / AI, Security, QA / Testing, Technical Management, UX / Product Design"
National Polytechnic University of Armenia,Information Technologies,Bachelor,UI/UX QA,1,"Software Engineering, Hardware / Embedded, IT Support / Admin / ERP, DevOps / Cloud, Data / ML / AI, Security, QA / Testing, Technical Management, UX / Product Design"
National Polytechnic University of Armenia,Information Technologies,Bachelor,Palo Alto Networks,1,"Software Engineering, Hardware / Embedded, IT Support / Admin / ERP, DevOps / Cloud, Data / ML / AI, Security, QA / Testing, Technical Management, UX / Product Design"
National Polytechnic University of Armenia,Information Technologies,Bachelor,Screenshot Design,1,"Software Engineering, Hardware / Embedded, IT Support / Admin / ERP, DevOps / Cloud, Data / ML / AI, Security, QA / Testing, Technical Management, UX / Product Design"
National Polytechnic University of Armenia,Information Technologies,Bachelor,Search Systems,1,"Software Engineering, Hardware / Embedded, IT Support / Admin / ERP, DevOps / Cloud, Data / ML / AI, Security, QA / Testing, Technical Management, UX / Product Design"
National Polytechnic University of Armenia,Information Technologies,Bachelor,SAP Logistics,6,"Software Engineering, Hardware / Embedded, IT Support / Admin / ERP, DevOps / Cloud, Data / ML / AI, Security, QA / Testing, Technical Management, UX / Product Design"
National Polytechnic University of Armenia,Information Technologies,Bachelor,Model Context Protocol,4,"Software Engineering, Hardware / Embedded, IT Support / Admin / ERP, DevOps / Cloud, Data / ML / AI, Security, QA / Testing, Technical Management, UX / Product Design"
National Polytechnic University of Armenia,Information Technologies,Bachelor,Data Protection,1,"Software Engineering, Hardware / Embedded, IT Support / Admin / ERP, DevOps / Cloud, Data / ML / AI, Security, QA / Testing, Technical Management, UX / Product Design"
National Polytechnic University of Armenia,Information Technologies,Bachelor,Windows Autopilot,1,"Software Engineering, Hardware / Embedded, IT Support / Admin / ERP, DevOps / Cloud, Data / ML / AI, Security, QA / Testing, Technical Management, UX / Product Design"
National Polytechnic University of Armenia,Information Technologies,Bachelor,GitLab,10,"Software Engineering, Hardware / Embedded, IT Support / Admin / ERP, DevOps / Cloud, Data / ML / AI, Security, QA / Testing, Technical Management, UX / Product Design"
National Polytechnic University of Armenia,Information Technologies,Bachelor,Google Workspace,7,"Software Engineering, Hardware / Embedded, IT Support / Admin / ERP, DevOps / Cloud, Data / ML / AI, Security, QA / Testing, Technical Management, UX / Product Design"
National Polytechnic University of Armenia,Information Technologies,Bachelor,Microsoft Office,6,"Software Engineering, Hardware / Embedded, IT Support / Admin / ERP, DevOps / Cloud, Data / ML / AI, Security, QA / Testing, Technical Management, UX / Product Design"
National Polytechnic University of Armenia,Information Technologies,Bachelor,Structured Cabling,7,"Software Engineering, Hardware / Embedded, IT Support / Admin / ERP, DevOps / Cloud, Data / ML / AI, Security, QA / Testing, Technical Management, UX / Product Design"
National Polytechnic University of Armenia,Information Technologies,Bachelor,User Interviews,1,"Software Engineering, Hardware / Embedded, IT Support / Admin / ERP, DevOps / Cloud, Data / ML / AI, Security, QA / Testing, Technical Management, UX / Product Design"
National Polytechnic University of Armenia,Information Technologies,Bachelor,Verdi,3,"Software Engineering, Hardware / Embedded, IT Support / Admin / ERP, DevOps / Cloud, Data / ML / AI, Security, QA / Testing, Technical Management, UX / Product Design"
National Polytechnic University of Armenia,Information Technologies,Bachelor,AI-Powered Workflows,2,"Software Engineering, Hardware / Embedded, IT Support / Admin / ERP, DevOps / Cloud, Data / ML / AI, Security, QA / Testing, Technical Management, UX / Product Design"
National Polytechnic University of Armenia,Information Technologies,Bachelor,Apache Kafka,22,"Software Engineering, Hardware / Embedded, IT Support / Admin / ERP, DevOps / Cloud, Data / ML / AI, Security, QA / Testing, Technical Management, UX / Product Design"
National Polytechnic University of Armenia,Information Technologies,Bachelor,Physical Design,8,"Software Engineering, Hardware / Embedded, IT Support / Admin / ERP, DevOps / Cloud, Data / ML / AI, Security, QA / Testing, Technical Management, UX / Product Design"
National Polytechnic University of Armenia,Information Technologies,Bachelor,Production Video Switchers,2,"Software Engineering, Hardware / Embedded, IT Support / Admin / ERP, DevOps / Cloud, Data / ML / AI, Security, QA / Testing, Technical Management, UX / Product Design"
National Polytechnic University of Armenia,Information Technologies,Bachelor,Technical Support,3,"Software Engineering, Hardware / Embedded, IT Support / Admin / ERP, DevOps / Cloud, Data / ML / AI, Security, QA / Testing, Technical Management, UX / Product Design"
National Polytechnic University of Armenia,Information Technologies,Bachelor,SAP HANA Calculation Views,3,"Software Engineering, Hardware / Embedded, IT Support / Admin / ERP, DevOps / Cloud, Data / ML / AI, Security, QA / Testing, Technical Management, UX / Product Design"
National Polytechnic University of Armenia,Information Technologies,Bachelor,Server Hardware,5,"Software Engineering, Hardware / Embedded, IT Support / Admin / ERP, DevOps / Cloud, Data / ML / AI, Security, QA / Testing, Technical Management, UX / Product Design"
National Polytechnic University of Armenia,Information Technologies,Bachelor,Okta Lifecycle Management,2,"Software Engineering, Hardware / Embedded, IT Support / Admin / ERP, DevOps / Cloud, Data / ML / AI, Security, QA / Testing, Technical Management, UX / Product Design"
National Polytechnic University of Armenia,Information Technologies,Bachelor,Audio-Visual Systems,2,"Software Engineering, Hardware / Embedded, IT Support / Admin / ERP, DevOps / Cloud, Data / ML / AI, Security, QA / Testing, Technical Management, UX / Product Design"
National Polytechnic University of Armenia,Information Technologies,Bachelor,Fiber Optic Networking,5,"Software Engineering, Hardware / Embedded, IT Support / Admin / ERP, DevOps / Cloud, Data / ML / AI, Security, QA / Testing, Technical Management, UX / Product Design"
National Polytechnic University of Armenia,Information Technologies,Bachelor,Intrusion Detection Systems,1,"Software Engineering, Hardware / Embedded, IT Support / Admin / ERP, DevOps / Cloud, Data / ML / AI, Security, QA / Testing, Technical Management, UX / Product Design"
National Polytechnic University of Armenia,Information Technologies,Bachelor,SAP Financial Accounting,3,"Software Engineering, Hardware / Embedded, IT Support / Admin / ERP, DevOps / Cloud, Data / ML / AI, Security, QA / Testing, Technical Management, UX / Product Design"
National Polytechnic University of Armenia,Information Technologies,Bachelor,RTL-to-GDSII,6,"Software Engineering, Hardware / Embedded, IT Support / Admin / ERP, DevOps / Cloud, Data / ML / AI, Security, QA / Testing, Technical Management, UX / Product Design"
National Polytechnic University of Armenia,Information Technologies,Bachelor,Databricks,8,"Software Engineering, Hardware / Embedded, IT Support / Admin / ERP, DevOps / Cloud, Data / ML / AI, Security, QA / Testing, Technical Management, UX / Product Design"
National Polytechnic University of Armenia,Information Technologies,Bachelor,Adobe Firefly,1,"Software Engineering, Hardware / Embedded, IT Support / Admin / ERP, DevOps / Cloud, Data / ML / AI, Security, QA / Testing, Technical Management, UX / Product Design"
National Polytechnic University of Armenia,Information Technologies,Bachelor,Cat5e/6/6a Cabling,4,"Software Engineering, Hardware / Embedded, IT Support / Admin / ERP, DevOps / Cloud, Data / ML / AI, Security, QA / Testing, Technical Management, UX / Product Design"
National Polytechnic University of Armenia,Information Technologies,Bachelor,Help Desk Software,3,"Software Engineering, Hardware / Embedded, IT Support / Admin / ERP, DevOps / Cloud, Data / ML / AI, Security, QA / Testing, Technical Management, UX / Product Design"
National Polytechnic University of Armenia,Information Technologies,Bachelor,Next.js,14,"Software Engineering, Hardware / Embedded, IT Support / Admin / ERP, DevOps / Cloud, Data / ML / AI, Security, QA / Testing, Technical Management, UX / Product Design"
National Polytechnic University of Armenia,Information Technologies,Bachelor,Webflow,2,"Software Engineering, Hardware / Embedded, IT Support / Admin / ERP, DevOps / Cloud, Data / ML / AI, Security, QA / Testing, Technical Management, UX / Product Design"
National Polytechnic University of Armenia,Information Technologies,Bachelor,CMOS Process,2,"Software Engineering, Hardware / Embedded, IT Support / Admin / ERP, DevOps / Cloud, Data / ML / AI, Security, QA / Testing, Technical Management, UX / Product Design"
National Polytechnic University of Armenia,Information Technologies,Bachelor,SAP Materials Management,4,"Software Engineering, Hardware / Embedded, IT Support / Admin / ERP, DevOps / Cloud, Data / ML / AI, Security, QA / Testing, Technical Management, UX / Product Design"
National Polytechnic University of Armenia,Information Technologies,Bachelor,AI Tools,4,"Software Engineering, Hardware / Embedded, IT Support / Admin / ERP, DevOps / Cloud, Data / ML / AI, Security, QA / Testing, Technical Management, UX / Product Design"
National Polytechnic University of Armenia,Information Technologies,Bachelor,Memory BIST (MBIST),2,"Software Engineering, Hardware / Embedded, IT Support / Admin / ERP, DevOps / Cloud, Data / ML / AI, Security, QA / Testing, Technical Management, UX / Product Design"
National Polytechnic University of Armenia,Information Technologies,Bachelor,Intrusion Detection System/Intrusion Prevention System,1,"Software Engineering, Hardware / Embedded, IT Support / Admin / ERP, DevOps / Cloud, Data / ML / AI, Security, QA / Testing, Technical Management, UX / Product Design"
National Polytechnic University of Armenia,Information Technologies,Bachelor,Generative AI,15,"Software Engineering, Hardware / Embedded, IT Support / Admin / ERP, DevOps / Cloud, Data / ML / AI, Security, QA / Testing, Technical Management, UX / Product Design"
National Polytechnic University of Armenia,Information Technologies,Bachelor,Component Libraries,2,"Software Engineering, Hardware / Embedded, IT Support / Admin / ERP, DevOps / Cloud, Data / ML / AI, Security, QA / Testing, Technical Management, UX / Product Design"
National Polytechnic University of Armenia,Information Technologies,Bachelor,Security Information and Event Management (SIEM),3,"Software Engineering, Hardware / Embedded, IT Support / Admin / ERP, DevOps / Cloud, Data / ML / AI, Security, QA / Testing, Technical Management, UX / Product Design"
National Polytechnic University of Armenia,Information Technologies,Bachelor,Serial Digital Interface (SDI),2,"Software Engineering, Hardware / Embedded, IT Support / Admin / ERP, DevOps / Cloud, Data / ML / AI, Security, QA / Testing, Technical Management, UX / Product Design"
National Polytechnic University of Armenia,Information Technologies,Bachelor,SAP Retail,3,"Software Engineering, Hardware / Embedded, IT Support / Admin / ERP, DevOps / Cloud, Data / ML / AI, Security, QA / Testing, Technical Management, UX / Product Design"
National Polytechnic University of Armenia,Information Technologies,Bachelor,Automation,8,"Software Engineering, Hardware / Embedded, IT Support / Admin / ERP, DevOps / Cloud, Data / ML / AI, Security, QA / Testing, Technical Management, UX / Product Design"
National Polytechnic University of Armenia,Information Technologies,Bachelor,Microsoft Intune,1,"Software Engineering, Hardware / Embedded, IT Support / Admin / ERP, DevOps / Cloud, Data / ML / AI, Security, QA / Testing, Technical Management, UX / Product Design"
National Polytechnic University of Armenia,Information Technologies,Bachelor,Product Design,3,"Software Engineering, Hardware / Embedded, IT Support / Admin / ERP, DevOps / Cloud, Data / ML / AI, Security, QA / Testing, Technical Management, UX / Product Design"
National Polytechnic University of Armenia,Information Technologies,Bachelor,UX Design,8,"Software Engineering, Hardware / Embedded, IT Support / Admin / ERP, DevOps / Cloud, Data / ML / AI, Security, QA / Testing, Technical Management, UX / Product Design"
National Polytechnic University of Armenia,Information Technologies,Bachelor,Playwright,15,"Software Engineering, Hardware / Embedded, IT Support / Admin / ERP, DevOps / Cloud, Data / ML / AI, Security, QA / Testing, Technical Management, UX / Product Design"
National Polytechnic University of Armenia,Information Technologies,Bachelor,Metasploit,1,"Software Engineering, Hardware / Embedded, IT Support / Admin / ERP, DevOps / Cloud, Data / ML / AI, Security, QA / Testing, Technical Management, UX / Product Design"
National Polytechnic University of Armenia,Information Technologies,Bachelor,Technical Documentation,6,"Software Engineering, Hardware / Embedded, IT Support / Admin / ERP, DevOps / Cloud, Data / ML / AI, Security, QA / Testing, Technical Management, UX / Product Design"
National Polytechnic University of Armenia,Information Technologies,Bachelor,Circuit Breakers,1,"Software Engineering, Hardware / Embedded, IT Support / Admin / ERP, DevOps / Cloud, Data / ML / AI, Security, QA / Testing, Technical Management, UX / Product Design"
National Polytechnic University of Armenia,Information Technologies,Bachelor,VLSI Design,5,"Software Engineering, Hardware / Embedded, IT Support / Admin / ERP, DevOps / Cloud, Data / ML / AI, Security, QA / Testing, Technical Management, UX / Product Design"
National Polytechnic University of Armenia,Information Technologies,Bachelor,Endpoint Detection and Response/Extended Detection and Response,1,"Software Engineering, Hardware / Embedded, IT Support / Admin / ERP, DevOps / Cloud, Data / ML / AI, Security, QA / Testing, Technical Management, UX / Product Design"
National Polytechnic University of Armenia,Information Technologies,Bachelor,A/B Testing,20,"Software Engineering, Hardware / Embedded, IT Support / Admin / ERP, DevOps / Cloud, Data / ML / AI, Security, QA / Testing, Technical Management, UX / Product Design"
National Polytechnic University of Armenia,Information Technologies,Bachelor,CI/CD,61,"Software Engineering, Hardware / Embedded, IT Support / Admin / ERP, DevOps / Cloud, Data / ML / AI, Security, QA / Testing, Technical Management, UX / Product Design"
National Polytechnic University of Armenia,Information Technologies,Bachelor,Equipment Maintenance,2,"Software Engineering, Hardware / Embedded, IT Support / Admin / ERP, DevOps / Cloud, Data / ML / AI, Security, QA / Testing, Technical Management, UX / Product Design"
National Polytechnic University of Armenia,Information Technologies,Bachelor,Prompt Engineering,7,"Software Engineering, Hardware / Embedded, IT Support / Admin / ERP, DevOps / Cloud, Data / ML / AI, Security, QA / Testing, Technical Management, UX / Product Design"
National Polytechnic University of Armenia,Information Technologies,Bachelor,Power BI,12,"Software Engineering, Hardware / Embedded, IT Support / Admin / ERP, DevOps / Cloud, Data / ML / AI, Security, QA / Testing, Technical Management, UX / Product Design"
National Polytechnic University of Armenia,Information Technologies,Bachelor,DALL·E,1,"Software Engineering, Hardware / Embedded, IT Support / Admin / ERP, DevOps / Cloud, Data / ML / AI, Security, QA / Testing, Technical Management, UX / Product Design"
National Polytechnic University of Armenia,Information Technologies,Bachelor,.NET,29,"Software Engineering, Hardware / Embedded, IT Support / Admin / ERP, DevOps / Cloud, Data / ML / AI, Security, QA / Testing, Technical Management, UX / Product Design"
National Polytechnic University of Armenia,Information Technologies,Bachelor,Project Management Professional (PMP),3,"Software Engineering, Hardware / Embedded, IT Support / Admin / ERP, DevOps / Cloud, Data / ML / AI, Security, QA / Testing, Technical Management, UX / Product Design"
National Polytechnic University of Armenia,Information Technologies,Bachelor,Secure Sdlc Practices,1,"Software Engineering, Hardware / Embedded, IT Support / Admin / ERP, DevOps / Cloud, Data / ML / AI, Security, QA / Testing, Technical Management, UX / Product Design"
National Polytechnic University of Armenia,Information Technologies,Bachelor,Agile,38,"Software Engineering, Hardware / Embedded, IT Support / Admin / ERP, DevOps / Cloud, Data / ML / AI, Security, QA / Testing, Technical Management, UX / Product Design"
National Polytechnic University of Armenia,Information Technologies,Bachelor,GitHub Advanced Security,1,"Software Engineering, Hardware / Embedded, IT Support / Admin / ERP, DevOps / Cloud, Data / ML / AI, Security, QA / Testing, Technical Management, UX / Product Design"
National Polytechnic University of Armenia,Information Technologies,Bachelor,UVM,2,"Software Engineering, Hardware / Embedded, IT Support / Admin / ERP, DevOps / Cloud, Data / ML / AI, Security, QA / Testing, Technical Management, UX / Product Design"
National Polytechnic University of Armenia,Information Technologies,Bachelor,Firewalls,1,"Software Engineering, Hardware / Embedded, IT Support / Admin / ERP, DevOps / Cloud, Data / ML / AI, Security, QA / Testing, Technical Management, UX / Product Design"
National Polytechnic University of Armenia,Information Technologies,Bachelor,Windows 10/11,1,"Software Engineering, Hardware / Embedded, IT Support / Admin / ERP, DevOps / Cloud, Data / ML / AI, Security, QA / Testing, Technical Management, UX / Product Design"
National Polytechnic University of Armenia,Information Technologies,Bachelor,App Store,1,"Software Engineering, Hardware / Embedded, IT Support / Admin / ERP, DevOps / Cloud, Data / ML / AI, Security, QA / Testing, Technical Management, UX / Product Design"
National Polytechnic University of Armenia,Information Technologies,Bachelor,Synthesis,4,"Software Engineering, Hardware / Embedded, IT Support / Admin / ERP, DevOps / Cloud, Data / ML / AI, Security, QA / Testing, Technical Management, UX / Product Design"
National Polytechnic University of Armenia,Information Technologies,Bachelor,Design Rule Check (DRC),3,"Software Engineering, Hardware / Embedded, IT Support / Admin / ERP, DevOps / Cloud, Data / ML / AI, Security, QA / Testing, Technical Management, UX / Product Design"
National Polytechnic University of Armenia,Information Technologies,Bachelor,SAP FICO,6,"Software Engineering, Hardware / Embedded, IT Support / Admin / ERP, DevOps / Cloud, Data / ML / AI, Security, QA / Testing, Technical Management, UX / Product Design"
National Polytechnic University of Armenia,Information Technologies,Bachelor,IT Auditing,1,"Software Engineering, Hardware / Embedded, IT Support / Admin / ERP, DevOps / Cloud, Data / ML / AI, Security, QA / Testing, Technical Management, UX / Product Design"
National Polytechnic University of Armenia,Information Technologies,Bachelor,Group Policy,1,"Software Engineering, Hardware / Embedded, IT Support / Admin / ERP, DevOps / Cloud, Data / ML / AI, Security, QA / Testing, Technical Management, UX / Product Design"
National Polytechnic University of Armenia,Information Technologies,Bachelor,Cloud Security,3,"Software Engineering, Hardware / Embedded, IT Support / Admin / ERP, DevOps / Cloud, Data / ML / AI, Security, QA / Testing, Technical Management, UX / Product Design"
National Polytechnic University of Armenia,Information Technologies,Bachelor,Project Based Learning,4,"Software Engineering, Hardware / Embedded, IT Support / Admin / ERP, DevOps / Cloud, Data / ML / AI, Security, QA / Testing, Technical Management, UX / Product Design"
National Polytechnic University of Armenia,Information Technologies,Bachelor,Design for Testability (DFT),9,"Software Engineering, Hardware / Embedded, IT Support / Admin / ERP, DevOps / Cloud, Data / ML / AI, Security, QA / Testing, Technical Management, UX / Product Design"
National Polytechnic University of Armenia,Information Technologies,Bachelor,Okta,5,"Software Engineering, Hardware / Embedded, IT Support / Admin / ERP, DevOps / Cloud, Data / ML / AI, Security, QA / Testing, Technical Management, UX / Product Design"
National Polytechnic University of Armenia,Information Technologies,Bachelor,pytest,5,"Software Engineering, Hardware / Embedded, IT Support / Admin / ERP, DevOps / Cloud, Data / ML / AI, Security, QA / Testing, Technical Management, UX / Product Design"
National Polytechnic University of Armenia,Information Technologies,Bachelor,Requirements Analysis,5,"Software Engineering, Hardware / Embedded, IT Support / Admin / ERP, DevOps / Cloud, Data / ML / AI, Security, QA / Testing, Technical Management, UX / Product Design"
National Polytechnic University of Armenia,Information Technologies,Bachelor,Microsoft Project,3,"Software Engineering, Hardware / Embedded, IT Support / Admin / ERP, DevOps / Cloud, Data / ML / AI, Security, QA / Testing, Technical Management, UX / Product Design"
National Polytechnic University of Armenia,Information Technologies,Bachelor,App Preview Video,1,"Software Engineering, Hardware / Embedded, IT Support / Admin / ERP, DevOps / Cloud, Data / ML / AI, Security, QA / Testing, Technical Management, UX / Product Design"
National Polytechnic University of Armenia,Information Technologies,Bachelor,Data Pipelines,16,"Software Engineering, Hardware / Embedded, IT Support / Admin / ERP, DevOps / Cloud, Data / ML / AI, Security, QA / Testing, Technical Management, UX / Product Design"
National Polytechnic University of Armenia,Information Technologies,Bachelor,Video Surveillance Systems,2,"Software Engineering, Hardware / Embedded, IT Support / Admin / ERP, DevOps / Cloud, Data / ML / AI, Security, QA / Testing, Technical Management, UX / Product Design"
National Polytechnic University of Armenia,Information Technologies,Bachelor,Apache Spark,9,"Software Engineering, Hardware / Embedded, IT Support / Admin / ERP, DevOps / Cloud, Data / ML / AI, Security, QA / Testing, Technical Management, UX / Product Design"
National Polytechnic University of Armenia,Information Technologies,Bachelor,Multi-Factor Authentication,2,"Software Engineering, Hardware / Embedded, IT Support / Admin / ERP, DevOps / Cloud, Data / ML / AI, Security, QA / Testing, Technical Management, UX / Product Design"
National Polytechnic University of Armenia,Information Technologies,Bachelor,Chroma Keying,2,"Software Engineering, Hardware / Embedded, IT Support / Admin / ERP, DevOps / Cloud, Data / ML / AI, Security, QA / Testing, Technical Management, UX / Product Design"
National Polytechnic University of Armenia,Information Technologies,Bachelor,Figma,17,"Software Engineering, Hardware / Embedded, IT Support / Admin / ERP, DevOps / Cloud, Data / ML / AI, Security, QA / Testing, Technical Management, UX / Product Design"
National Polytechnic University of Armenia,Information Technologies,Bachelor,Incident Management,4,"Software Engineering, Hardware / Embedded, IT Support / Admin / ERP, DevOps / Cloud, Data / ML / AI, Security, QA / Testing, Technical Management, UX / Product Design"
National Polytechnic University of Armenia,Information Technologies,Bachelor,Safety Procedures,2,"Software Engineering, Hardware / Embedded, IT Support / Admin / ERP, DevOps / Cloud, Data / ML / AI, Security, QA / Testing, Technical Management, UX / Product Design"
National Polytechnic University of Armenia,Information Technologies,Bachelor,Design Systems,8,"Software Engineering, Hardware / Embedded, IT Support / Admin / ERP, DevOps / Cloud, Data / ML / AI, Security, QA / Testing, Technical Management, UX / Product Design"
National Polytechnic University of Armenia,Information Technologies,Bachelor,Security Auditing,2,"Software Engineering, Hardware / Embedded, IT Support / Admin / ERP, DevOps / Cloud, Data / ML / AI, Security, QA / Testing, Technical Management, UX / Product Design"
National Polytechnic University of Armenia,Information Technologies,Bachelor,Machine Learning,44,"Software Engineering, Hardware / Embedded, IT Support / Admin / ERP, DevOps / Cloud, Data / ML / AI, Security, QA / Testing, Technical Management, UX / Product Design"
National Polytechnic University of Armenia,Information Technologies,Bachelor,Okta Universal Directory,2,"Software Engineering, Hardware / Embedded, IT Support / Admin / ERP, DevOps / Cloud, Data / ML / AI, Security, QA / Testing, Technical Management, UX / Product Design"
National Polytechnic University of Armenia,Information Technologies,Bachelor,DevSecOps,2,"Software Engineering, Hardware / Embedded, IT Support / Admin / ERP, DevOps / Cloud, Data / ML / AI, Security, QA / Testing, Technical Management, UX / Product Design"
National Polytechnic University of Armenia,Information Technologies,Bachelor,Dashboard Development,9,"Software Engineering, Hardware / Embedded, IT Support / Admin / ERP, DevOps / Cloud, Data / ML / AI, Security, QA / Testing, Technical Management, UX / Product Design"
National Polytechnic University of Armenia,Information Technologies,Bachelor,App Store Optimization,1,"Software Engineering, Hardware / Embedded, IT Support / Admin / ERP, DevOps / Cloud, Data / ML / AI, Security, QA / Testing, Technical Management, UX / Product Design"
National Polytechnic University of Armenia,Information Technologies,Bachelor,Deep Learning,11,"Software Engineering, Hardware / Embedded, IT Support / Admin / ERP, DevOps / Cloud, Data / ML / AI, Security, QA / Testing, Technical Management, UX / Product Design"
National Polytechnic University of Armenia,Information Technologies,Bachelor,AI-Driven Design Software,2,"Software Engineering, Hardware / Embedded, IT Support / Admin / ERP, DevOps / Cloud, Data / ML / AI, Security, QA / Testing, Technical Management, UX / Product Design"
National Polytechnic University of Armenia,Information Technologies,Bachelor,Test Case Design,4,"Software Engineering, Hardware / Embedded, IT Support / Admin / ERP, DevOps / Cloud, Data / ML / AI, Security, QA / Testing, Technical Management, UX / Product Design"
National Polytechnic University of Armenia,Information Technologies,Bachelor,PyTorch,8,"Software Engineering, Hardware / Embedded, IT Support / Admin / ERP, DevOps / Cloud, Data / ML / AI, Security, QA / Testing, Technical Management, UX / Product Design"
National Polytechnic University of Armenia,Information Technologies,Bachelor,ASP.NET Core,18,"Software Engineering, Hardware / Embedded, IT Support / Admin / ERP, DevOps / Cloud, Data / ML / AI, Security, QA / Testing, Technical Management, UX / Product Design"
National Polytechnic University of Armenia,Information Technologies,Bachelor,Circuit Board Layout,2,"Software Engineering, Hardware / Embedded, IT Support / Admin / ERP, DevOps / Cloud, Data / ML / AI, Security, QA / Testing, Technical Management, UX / Product Design"
National Polytechnic University of Armenia,Information Technologies,Bachelor,Static Application Security Testing (SAST),1,"Software Engineering, Hardware / Embedded, IT Support / Admin / ERP, DevOps / Cloud, Data / ML / AI, Security, QA / Testing, Technical Management, UX / Product Design"
National Polytechnic University of Armenia,Information Technologies,Bachelor,PowerShell,6,"Software Engineering, Hardware / Embedded, IT Support / Admin / ERP, DevOps / Cloud, Data / ML / AI, Security, QA / Testing, Technical Management, UX / Product Design"
National Polytechnic University of Armenia,Information Technologies,Bachelor,ABAP,8,"Software Engineering, Hardware / Embedded, IT Support / Admin / ERP, DevOps / Cloud, Data / ML / AI, Security, QA / Testing, Technical Management, UX / Product Design"
National Polytechnic University of Armenia,Information Technologies,Bachelor,App Icon Design,1,"Software Engineering, Hardware / Embedded, IT Support / Admin / ERP, DevOps / Cloud, Data / ML / AI, Security, QA / Testing, Technical Management, UX / Product Design"
National Polytechnic University of Armenia,Information Technologies,Bachelor,Active Directory,7,"Software Engineering, Hardware / Embedded, IT Support / Admin / ERP, DevOps / Cloud, Data / ML / AI, Security, QA / Testing, Technical Management, UX / Product Design"
National Polytechnic University of Armenia,Information Technologies,Bachelor,Clock Tree Synthesis,5,"Software Engineering, Hardware / Embedded, IT Support / Admin / ERP, DevOps / Cloud, Data / ML / AI, Security, QA / Testing, Technical Management, UX / Product Design"
National Polytechnic University of Armenia,Information Technologies,Bachelor,Real-Time Data Processing,1,"Software Engineering, Hardware / Embedded, IT Support / Admin / ERP, DevOps / Cloud, Data / ML / AI, Security, QA / Testing, Technical Management, UX / Product Design"
National Polytechnic University of Armenia,Information Technologies,Bachelor,VMware,7,"Software Engineering, Hardware / Embedded, IT Support / Admin / ERP, DevOps / Cloud, Data / ML / AI, Security, QA / Testing, Technical Management, UX / Product Design"
National Polytechnic University of Armenia,Information Technologies,Bachelor,SAP S/4HANA,15,"Software Engineering, Hardware / Embedded, IT Support / Admin / ERP, DevOps / Cloud, Data / ML / AI, Security, QA / Testing, Technical Management, UX / Product Design"
National Polytechnic University of Armenia,Information Technologies,Bachelor,Mobile Application Testing,6,"Software Engineering, Hardware / Embedded, IT Support / Admin / ERP, DevOps / Cloud, Data / ML / AI, Security, QA / Testing, Technical Management, UX / Product Design"
National Polytechnic University of Armenia,Information Technologies,Bachelor,Code Generation,1,"Software Engineering, Hardware / Embedded, IT Support / Admin / ERP, DevOps / Cloud, Data / ML / AI, Security, QA / Testing, Technical Management, UX / Product Design"
National Polytechnic University of Armenia,Information Technologies,Bachelor,Electrical Systems,2,"Software Engineering, Hardware / Embedded, IT Support / Admin / ERP, DevOps / Cloud, Data / ML / AI, Security, QA / Testing, Technical Management, UX / Product Design"
National Polytechnic University of Armenia,Information Technologies,Bachelor,Scrum,14,"Software Engineering, Hardware / Embedded, IT Support / Admin / ERP, DevOps / Cloud, Data / ML / AI, Security, QA / Testing, Technical Management, UX / Product Design"
National Polytechnic University of Armenia,Information Technologies,Bachelor,Curriculum Development,3,"Software Engineering, Hardware / Embedded, IT Support / Admin / ERP, DevOps / Cloud, Data / ML / AI, Security, QA / Testing, Technical Management, UX / Product Design"
National Polytechnic University of Armenia,Information Technologies,Bachelor,Microsoft Azure,27,"Software Engineering, Hardware / Embedded, IT Support / Admin / ERP, DevOps / Cloud, Data / ML / AI, Security, QA / Testing, Technical Management, UX / Product Design"
National Polytechnic University of Armenia,Information Technologies,Bachelor,Azure DevOps,9,"Software Engineering, Hardware / Embedded, IT Support / Admin / ERP, DevOps / Cloud, Data / ML / AI, Security, QA / Testing, Technical Management, UX / Product Design"
National Polytechnic University of Armenia,Information Technologies,Bachelor,Layout Versus Schematic (LVS),3,"Software Engineering, Hardware / Embedded, IT Support / Admin / ERP, DevOps / Cloud, Data / ML / AI, Security, QA / Testing, Technical Management, UX / Product Design"
National Polytechnic University of Armenia,Information Technologies,Bachelor,SystemVerilog,5,"Software Engineering, Hardware / Embedded, IT Support / Admin / ERP, DevOps / Cloud, Data / ML / AI, Security, QA / Testing, Technical Management, UX / Product Design"
National Polytechnic University of Armenia,Information Technologies,Bachelor,Single Sign-On,3,"Software Engineering, Hardware / Embedded, IT Support / Admin / ERP, DevOps / Cloud, Data / ML / AI, Security, QA / Testing, Technical Management, UX / Product Design"
National Polytechnic University of Armenia,Information Technologies,Bachelor,Tableau,8,"Software Engineering, Hardware / Embedded, IT Support / Admin / ERP, DevOps / Cloud, Data / ML / AI, Security, QA / Testing, Technical Management, UX / Product Design"
National Polytechnic University of Armenia,Information Technologies,Bachelor,SDC,5,"Software Engineering, Hardware / Embedded, IT Support / Admin / ERP, DevOps / Cloud, Data / ML / AI, Security, QA / Testing, Technical Management, UX / Product Design"
National Polytechnic University of Armenia,Information Technologies,Bachelor,Fortinet,1,"Software Engineering, Hardware / Embedded, IT Support / Admin / ERP, DevOps / Cloud, Data / ML / AI, Security, QA / Testing, Technical Management, UX / Product Design"
National Polytechnic University of Armenia,Information Technologies,Bachelor,Qualitative Analysis,1,"Software Engineering, Hardware / Embedded, IT Support / Admin / ERP, DevOps / Cloud, Data / ML / AI, Security, QA / Testing, Technical Management, UX / Product Design"
National Polytechnic University of Armenia,Information Technologies,Bachelor,ELK Stack,1,"Software Engineering, Hardware / Embedded, IT Support / Admin / ERP, DevOps / Cloud, Data / ML / AI, Security, QA / Testing, Technical Management, UX / Product Design"
National Polytechnic University of Armenia,Information Technologies,Bachelor,CCTV Systems,2,"Software Engineering, Hardware / Embedded, IT Support / Admin / ERP, DevOps / Cloud, Data / ML / AI, Security, QA / Testing, Technical Management, UX / Product Design"
National Polytechnic University of Armenia,Information Technologies,Bachelor,Virtual Private Network,4,"Software Engineering, Hardware / Embedded, IT Support / Admin / ERP, DevOps / Cloud, Data / ML / AI, Security, QA / Testing, Technical Management, UX / Product Design"
National Polytechnic University of Armenia,Information Technologies,Bachelor,Incident Response,4,"Software Engineering, Hardware / Embedded, IT Support / Admin / ERP, DevOps / Cloud, Data / ML / AI, Security, QA / Testing, Technical Management, UX / Product Design"
National Polytechnic University of Armenia,Information Technologies,Bachelor,Single Page Application,2,"Software Engineering, Hardware / Embedded, IT Support / Admin / ERP, DevOps / Cloud, Data / ML / AI, Security, QA / Testing, Technical Management, UX / Product Design"
National Polytechnic University of Armenia,Information Technologies,Bachelor,Large Language Models,37,"Software Engineering, Hardware / Embedded, IT Support / Admin / ERP, DevOps / Cloud, Data / ML / AI, Security, QA / Testing, Technical Management, UX / Product Design"
National Polytechnic University of Armenia,Information Technologies,Bachelor,Jenkins,15,"Software Engineering, Hardware / Embedded, IT Support / Admin / ERP, DevOps / Cloud, Data / ML / AI, Security, QA / Testing, Technical Management, UX / Product Design"
National Polytechnic University of Armenia,Information Technologies,Bachelor,Adobe Photoshop,3,"Software Engineering, Hardware / Embedded, IT Support / Admin / ERP, DevOps / Cloud, Data / ML / AI, Security, QA / Testing, Technical Management, UX / Product Design"
National Polytechnic University of Armenia,Information Technologies,Bachelor,Calibre DRC,2,"Software Engineering, Hardware / Embedded, IT Support / Admin / ERP, DevOps / Cloud, Data / ML / AI, Security, QA / Testing, Technical Management, UX / Product Design"
National Polytechnic University of Armenia,Information Technologies,Bachelor,Grafana,10,"Software Engineering, Hardware / Embedded, IT Support / Admin / ERP, DevOps / Cloud, Data / ML / AI, Security, QA / Testing, Technical Management, UX / Product Design"
National Polytechnic University of Armenia,Information Technologies,Bachelor,ISO 27001,1,"Software Engineering, Hardware / Embedded, IT Support / Admin / ERP, DevOps / Cloud, Data / ML / AI, Security, QA / Testing, Technical Management, UX / Product Design"
National Polytechnic University of Armenia,Information Technologies,Bachelor,Python,173,"Software Engineering, Hardware / Embedded, IT Support / Admin / ERP, DevOps / Cloud, Data / ML / AI, Security, QA / Testing, Technical Management, UX / Product Design"
National Polytechnic University of Armenia,Information Technologies,Bachelor,TCP/IP,9,"Software Engineering, Hardware / Embedded, IT Support / Admin / ERP, DevOps / Cloud, Data / ML / AI, Security, QA / Testing, Technical Management, UX / Product Design"
National Polytechnic University of Armenia,Information Technologies,Bachelor,Splunk,1,"Software Engineering, Hardware / Embedded, IT Support / Admin / ERP, DevOps / Cloud, Data / ML / AI, Security, QA / Testing, Technical Management, UX / Product Design"
National Polytechnic University of Armenia,Information Technologies,Bachelor,Mobile-First Design,1,"Software Engineering, Hardware / Embedded, IT Support / Admin / ERP, DevOps / Cloud, Data / ML / AI, Security, QA / Testing, Technical Management, UX / Product Design"
National Polytechnic University of Armenia,Information Technologies,Bachelor,Adobe Illustrator,2,"Software Engineering, Hardware / Embedded, IT Support / Admin / ERP, DevOps / Cloud, Data / ML / AI, Security, QA / Testing, Technical Management, UX / Product Design"
National Polytechnic University of Armenia,Information Technologies,Bachelor,Penetration Testing,3,"Software Engineering, Hardware / Embedded, IT Support / Admin / ERP, DevOps / Cloud, Data / ML / AI, Security, QA / Testing, Technical Management, UX / Product Design"
National Polytechnic University of Armenia,Information Technologies,Bachelor,Power Performance Area (PPA) Optimization,2,"Software Engineering, Hardware / Embedded, IT Support / Admin / ERP, DevOps / Cloud, Data / ML / AI, Security, QA / Testing, Technical Management, UX / Product Design"
National Polytechnic University of Armenia,Information Technologies,Bachelor,Burp Suite,1,"Software Engineering, Hardware / Embedded, IT Support / Admin / ERP, DevOps / Cloud, Data / ML / AI, Security, QA / Testing, Technical Management, UX / Product Design"
National Polytechnic University of Armenia,Information Technologies,Bachelor,Equipment Installation,2,"Software Engineering, Hardware / Embedded, IT Support / Admin / ERP, DevOps / Cloud, Data / ML / AI, Security, QA / Testing, Technical Management, UX / Product Design"
National Polytechnic University of Armenia,Information Technologies,Bachelor,LDAP,5,"Software Engineering, Hardware / Embedded, IT Support / Admin / ERP, DevOps / Cloud, Data / ML / AI, Security, QA / Testing, Technical Management, UX / Product Design"
National Polytechnic University of Armenia,Information Technologies,Bachelor,HDMI,2,"Software Engineering, Hardware / Embedded, IT Support / Admin / ERP, DevOps / Cloud, Data / ML / AI, Security, QA / Testing, Technical Management, UX / Product Design"
National Polytechnic University of Armenia,Information Technologies,Bachelor,Threat Intelligence,1,"Software Engineering, Hardware / Embedded, IT Support / Admin / ERP, DevOps / Cloud, Data / ML / AI, Security, QA / Testing, Technical Management, UX / Product Design"
National Polytechnic University of Armenia,Information Technologies,Bachelor,Floorplanning,4,"Software Engineering, Hardware / Embedded, IT Support / Admin / ERP, DevOps / Cloud, Data / ML / AI, Security, QA / Testing, Technical Management, UX / Product Design"
National Polytechnic University of Armenia,Information Technologies,Bachelor,Datadog,5,"Software Engineering, Hardware / Embedded, IT Support / Admin / ERP, DevOps / Cloud, Data / ML / AI, Security, QA / Testing, Technical Management, UX / Product Design"
National Polytechnic University of Armenia,Information Technologies,Bachelor,Cisco,2,"Software Engineering, Hardware / Embedded, IT Support / Admin / ERP, DevOps / Cloud, Data / ML / AI, Security, QA / Testing, Technical Management, UX / Product Design"
National Polytechnic University of Armenia,Information Technologies,Bachelor,Master Data Management,3,"Software Engineering, Hardware / Embedded, IT Support / Admin / ERP, DevOps / Cloud, Data / ML / AI, Security, QA / Testing, Technical Management, UX / Product Design"
National Polytechnic University of Armenia,Information Technologies,Bachelor,3D Animation,1,"Software Engineering, Hardware / Embedded, IT Support / Admin / ERP, DevOps / Cloud, Data / ML / AI, Security, QA / Testing, Technical Management, UX / Product Design"
National Polytechnic University of Armenia,Information Technologies,Bachelor,Angular,20,"Software Engineering, Hardware / Embedded, IT Support / Admin / ERP, DevOps / Cloud, Data / ML / AI, Security, QA / Testing, Technical Management, UX / Product Design"
National Polytechnic University of Armenia,Information Technologies,Bachelor,ABAP Core Data Services,3,"Software Engineering, Hardware / Embedded, IT Support / Admin / ERP, DevOps / Cloud, Data / ML / AI, Security, QA / Testing, Technical Management, UX / Product Design"
National Polytechnic University of Armenia,Information Technologies,Bachelor,Test Planning,6,"Software Engineering, Hardware / Embedded, IT Support / Admin / ERP, DevOps / Cloud, Data / ML / AI, Security, QA / Testing, Technical Management, UX / Product Design"
National Polytechnic University of Armenia,Information Technologies,Bachelor,Cybersecurity,2,"Software Engineering, Hardware / Embedded, IT Support / Admin / ERP, DevOps / Cloud, Data / ML / AI, Security, QA / Testing, Technical Management, UX / Product Design"
National Polytechnic University of Armenia,Information Technologies,Bachelor,Bug Bounty Programs,1,"Software Engineering, Hardware / Embedded, IT Support / Admin / ERP, DevOps / Cloud, Data / ML / AI, Security, QA / Testing, Technical Management, UX / Product Design"
National Polytechnic University of Armenia,Information Technologies,Bachelor,Broadcast Equipment,2,"Software Engineering, Hardware / Embedded, IT Support / Admin / ERP, DevOps / Cloud, Data / ML / AI, Security, QA / Testing, Technical Management, UX / Product Design"
National Polytechnic University of Armenia,Information Technologies,Bachelor,Artificial Intelligence,6,"Software Engineering, Hardware / Embedded, IT Support / Admin / ERP, DevOps / Cloud, Data / ML / AI, Security, QA / Testing, Technical Management, UX / Product Design"
National Polytechnic University of Armenia,Information Technologies,Bachelor,Quantitative Research Methods,1,"Software Engineering, Hardware / Embedded, IT Support / Admin / ERP, DevOps / Cloud, Data / ML / AI, Security, QA / Testing, Technical Management, UX / Product Design"
National Polytechnic University of Armenia,Information Technologies,Bachelor,Low-Latency Systems,2,"Software Engineering, Hardware / Embedded, IT Support / Admin / ERP, DevOps / Cloud, Data / ML / AI, Security, QA / Testing, Technical Management, UX / Product Design"
National Polytechnic University of Armenia,Information Technologies,Bachelor,"GRC (Governance, Risk & Compliance)",1,"Software Engineering, Hardware / Embedded, IT Support / Admin / ERP, DevOps / Cloud, Data / ML / AI, Security, QA / Testing, Technical Management, UX / Product Design"
National Polytechnic University of Armenia,Information Technologies,Bachelor,AWS,73,"Software Engineering, Hardware / Embedded, IT Support / Admin / ERP, DevOps / Cloud, Data / ML / AI, Security, QA / Testing, Technical Management, UX / Product Design"
National Polytechnic University of Armenia,Information Technologies,Bachelor,Verilog,2,"Software Engineering, Hardware / Embedded, IT Support / Admin / ERP, DevOps / Cloud, Data / ML / AI, Security, QA / Testing, Technical Management, UX / Product Design"
National Polytechnic University of Armenia,Information Technologies,Bachelor,Retrieval-Augmented Generation,12,"Software Engineering, Hardware / Embedded, IT Support / Admin / ERP, DevOps / Cloud, Data / ML / AI, Security, QA / Testing, Technical Management, UX / Product Design"
National Polytechnic University of Armenia,Information Technologies,Bachelor,SAP Configuration,8,"Software Engineering, Hardware / Embedded, IT Support / Admin / ERP, DevOps / Cloud, Data / ML / AI, Security, QA / Testing, Technical Management, UX / Product Design"
National Polytechnic University of Armenia,Information Technologies,Bachelor,RTL Design,6,"Software Engineering, Hardware / Embedded, IT Support / Admin / ERP, DevOps / Cloud, Data / ML / AI, Security, QA / Testing, Technical Management, UX / Product Design"
National Polytechnic University of Armenia,Information Technologies,Bachelor,Ansible,5,"Software Engineering, Hardware / Embedded, IT Support / Admin / ERP, DevOps / Cloud, Data / ML / AI, Security, QA / Testing, Technical Management, UX / Product Design"
National Polytechnic University of Armenia,Information Technologies,Bachelor,Tcl,15,"Software Engineering, Hardware / Embedded, IT Support / Admin / ERP, DevOps / Cloud, Data / ML / AI, Security, QA / Testing, Technical Management, UX / Product Design"
National Polytechnic University of Armenia,Information Technologies,Bachelor,Selenium,11,"Software Engineering, Hardware / Embedded, IT Support / Admin / ERP, DevOps / Cloud, Data / ML / AI, Security, QA / Testing, Technical Management, UX / Product Design"
National Polytechnic University of Armenia,Information Technologies,Bachelor,E-Commerce,1,"Software Engineering, Hardware / Embedded, IT Support / Admin / ERP, DevOps / Cloud, Data / ML / AI, Security, QA / Testing, Technical Management, UX / Product Design"
National Polytechnic University of Armenia,Information Technologies,Bachelor,ASIC Design,13,"Software Engineering, Hardware / Embedded, IT Support / Admin / ERP, DevOps / Cloud, Data / ML / AI, Security, QA / Testing, Technical Management, UX / Product Design"
National Polytechnic University of Armenia,Information Technologies,Bachelor,NGFW Firewalls,1,"Software Engineering, Hardware / Embedded, IT Support / Admin / ERP, DevOps / Cloud, Data / ML / AI, Security, QA / Testing, Technical Management, UX / Product Design"
National Polytechnic University of Armenia,Information Technologies,Bachelor,Microsoft System Center Configuration Manager,1,"Software Engineering, Hardware / Embedded, IT Support / Admin / ERP, DevOps / Cloud, Data / ML / AI, Security, QA / Testing, Technical Management, UX / Product Design"
National Polytechnic University of Armenia,Information Technologies,Bachelor,Privilege Escalation,1,"Software Engineering, Hardware / Embedded, IT Support / Admin / ERP, DevOps / Cloud, Data / ML / AI, Security, QA / Testing, Technical Management, UX / Product Design"
National Polytechnic University of Armenia,Information Technologies,Bachelor,Competitor Analysis,1,"Software Engineering, Hardware / Embedded, IT Support / Admin / ERP, DevOps / Cloud, Data / ML / AI, Security, QA / Testing, Technical Management, UX / Product Design"
National Polytechnic University of Armenia,Information Technologies,Bachelor,DevOps,16,"Software Engineering, Hardware / Embedded, IT Support / Admin / ERP, DevOps / Cloud, Data / ML / AI, Security, QA / Testing, Technical Management, UX / Product Design"
National Polytechnic University of Armenia,Information Technologies,Bachelor,Web and Mobile Design,1,"Software Engineering, Hardware / Embedded, IT Support / Admin / ERP, DevOps / Cloud, Data / ML / AI, Security, QA / Testing, Technical Management, UX / Product Design"
National Polytechnic University of Armenia,Information Technologies,Bachelor,Jira,19,"Software Engineering, Hardware / Embedded, IT Support / Admin / ERP, DevOps / Cloud, Data / ML / AI, Security, QA / Testing, Technical Management, UX / Product Design"
National Polytechnic University of Armenia,Information Technologies,Bachelor,Print Design,1,"Software Engineering, Hardware / Embedded, IT Support / Admin / ERP, DevOps / Cloud, Data / ML / AI, Security, QA / Testing, Technical Management, UX / Product Design"
National Polytechnic University of Armenia,Information Technologies,Bachelor,TypeScript,78,"Software Engineering, Hardware / Embedded, IT Support / Admin / ERP, DevOps / Cloud, Data / ML / AI, Security, QA / Testing, Technical Management, UX / Product Design"
National Polytechnic University of Armenia,Information Technologies,Bachelor,VLSI,2,"Software Engineering, Hardware / Embedded, IT Support / Admin / ERP, DevOps / Cloud, Data / ML / AI, Security, QA / Testing, Technical Management, UX / Product Design"
National Polytechnic University of Armenia,Information Technologies,Bachelor,SoC Design,2,"Software Engineering, Hardware / Embedded, IT Support / Admin / ERP, DevOps / Cloud, Data / ML / AI, Security, QA / Testing, Technical Management, UX / Product Design"
National Polytechnic University of Armenia,Information Technologies,Bachelor,Functional Testing,7,"Software Engineering, Hardware / Embedded, IT Support / Admin / ERP, DevOps / Cloud, Data / ML / AI, Security, QA / Testing, Technical Management, UX / Product Design"
National Polytechnic University of Armenia,Information Technologies,Bachelor,ETL,16,"Software Engineering, Hardware / Embedded, IT Support / Admin / ERP, DevOps / Cloud, Data / ML / AI, Security, QA / Testing, Technical Management, UX / Product Design"
National Polytechnic University of Armenia,Information Technologies,Bachelor,SAP Sales and Distribution,3,"Software Engineering, Hardware / Embedded, IT Support / Admin / ERP, DevOps / Cloud, Data / ML / AI, Security, QA / Testing, Technical Management, UX / Product Design"
National Polytechnic University of Armenia,Information Technologies,Bachelor,Perl,7,"Software Engineering, Hardware / Embedded, IT Support / Admin / ERP, DevOps / Cloud, Data / ML / AI, Security, QA / Testing, Technical Management, UX / Product Design"
National Polytechnic University of Armenia,Information Technologies,Bachelor,macOS,5,"Software Engineering, Hardware / Embedded, IT Support / Admin / ERP, DevOps / Cloud, Data / ML / AI, Security, QA / Testing, Technical Management, UX / Product Design"
National Polytechnic University of Armenia,Information Technologies,Bachelor,Conversion Rate Optimization,2,"Software Engineering, Hardware / Embedded, IT Support / Admin / ERP, DevOps / Cloud, Data / ML / AI, Security, QA / Testing, Technical Management, UX / Product Design"
National Polytechnic University of Armenia,Information Technologies,Bachelor,Quality Assurance,7,"Software Engineering, Hardware / Embedded, IT Support / Admin / ERP, DevOps / Cloud, Data / ML / AI, Security, QA / Testing, Technical Management, UX / Product Design"
National Polytechnic University of Armenia,Information Technologies,Bachelor,Data Center Infrastructure Management (DCIM),5,"Software Engineering, Hardware / Embedded, IT Support / Admin / ERP, DevOps / Cloud, Data / ML / AI, Security, QA / Testing, Technical Management, UX / Product Design"
National Polytechnic University of Armenia,Information Technologies,Bachelor,UX Motion Design,1,"Software Engineering, Hardware / Embedded, IT Support / Admin / ERP, DevOps / Cloud, Data / ML / AI, Security, QA / Testing, Technical Management, UX / Product Design"
National Polytechnic University of Armenia,Information Technologies,Bachelor,Digital Forensics,1,"Software Engineering, Hardware / Embedded, IT Support / Admin / ERP, DevOps / Cloud, Data / ML / AI, Security, QA / Testing, Technical Management, UX / Product Design"
National Polytechnic University of Armenia,Information Technologies,Bachelor,C#,38,"Software Engineering, Hardware / Embedded, IT Support / Admin / ERP, DevOps / Cloud, Data / ML / AI, Security, QA / Testing, Technical Management, UX / Product Design"
National Polytechnic University of Armenia,Information Technologies,Bachelor,VLANs,2,"Software Engineering, Hardware / Embedded, IT Support / Admin / ERP, DevOps / Cloud, Data / ML / AI, Security, QA / Testing, Technical Management, UX / Product Design"
National Polytechnic University of Armenia,Information Technologies,Bachelor,Business Intelligence,9,"Software Engineering, Hardware / Embedded, IT Support / Admin / ERP, DevOps / Cloud, Data / ML / AI, Security, QA / Testing, Technical Management, UX / Product Design"
National Polytechnic University of Armenia,Information Technologies,Bachelor,PHP,24,"Software Engineering, Hardware / Embedded, IT Support / Admin / ERP, DevOps / Cloud, Data / ML / AI, Security, QA / Testing, Technical Management, UX / Product Design"
National Polytechnic University of Armenia,Information Technologies,Bachelor,Apache Airflow,10,"Software Engineering, Hardware / Embedded, IT Support / Admin / ERP, DevOps / Cloud, Data / ML / AI, Security, QA / Testing, Technical Management, UX / Product Design"
National Polytechnic University of Armenia,Information Technologies,Bachelor,Vulnerability Assessment,3,"Software Engineering, Hardware / Embedded, IT Support / Admin / ERP, DevOps / Cloud, Data / ML / AI, Security, QA / Testing, Technical Management, UX / Product Design"
National Polytechnic University of Armenia,Information Technologies,Bachelor,EM/IR Analysis,4,"Software Engineering, Hardware / Embedded, IT Support / Admin / ERP, DevOps / Cloud, Data / ML / AI, Security, QA / Testing, Technical Management, UX / Product Design"
National Polytechnic University of Armenia,Information Technologies,Bachelor,Mobile Security,1,"Software Engineering, Hardware / Embedded, IT Support / Admin / ERP, DevOps / Cloud, Data / ML / AI, Security, QA / Testing, Technical Management, UX / Product Design"
National Polytechnic University of Armenia,Information Technologies,Bachelor,Cadence Virtuoso,3,"Software Engineering, Hardware / Embedded, IT Support / Admin / ERP, DevOps / Cloud, Data / ML / AI, Security, QA / Testing, Technical Management, UX / Product Design"
National Polytechnic University of Armenia,Information Technologies,Bachelor,Signal Integrity,3,"Software Engineering, Hardware / Embedded, IT Support / Admin / ERP, DevOps / Cloud, Data / ML / AI, Security, QA / Testing, Technical Management, UX / Product Design"
National Polytechnic University of Armenia,Information Technologies,Bachelor,Natural Language Processing,11,"Software Engineering, Hardware / Embedded, IT Support / Admin / ERP, DevOps / Cloud, Data / ML / AI, Security, QA / Testing, Technical Management, UX / Product Design"
National Polytechnic University of Armenia,Information Technologies,Bachelor,Cypress,6,"Software Engineering, Hardware / Embedded, IT Support / Admin / ERP, DevOps / Cloud, Data / ML / AI, Security, QA / Testing, Technical Management, UX / Product Design"
National Polytechnic University of Armenia,Information Technologies,Bachelor,Graphic Design,2,"Software Engineering, Hardware / Embedded, IT Support / Admin / ERP, DevOps / Cloud, Data / ML / AI, Security, QA / Testing, Technical Management, UX / Product Design"
National Polytechnic University of Armenia,Information Technologies,Bachelor,MLOps,13,"Software Engineering, Hardware / Embedded, IT Support / Admin / ERP, DevOps / Cloud, Data / ML / AI, Security, QA / Testing, Technical Management, UX / Product Design"
National Polytechnic University of Armenia,Information Technologies,Bachelor,Okta API Access Management,1,"Software Engineering, Hardware / Embedded, IT Support / Admin / ERP, DevOps / Cloud, Data / ML / AI, Security, QA / Testing, Technical Management, UX / Product Design"
National Polytechnic University of Armenia,Information Technologies,Bachelor,Go,27,"Software Engineering, Hardware / Embedded, IT Support / Admin / ERP, DevOps / Cloud, Data / ML / AI, Security, QA / Testing, Technical Management, UX / Product Design"
National Polytechnic University of Armenia,Information Technologies,Bachelor,Secure Architecture Design,1,"Software Engineering, Hardware / Embedded, IT Support / Admin / ERP, DevOps / Cloud, Data / ML / AI, Security, QA / Testing, Technical Management, UX / Product Design"
National Polytechnic University of Armenia,Information Technologies,Bachelor,Social Media Design,1,"Software Engineering, Hardware / Embedded, IT Support / Admin / ERP, DevOps / Cloud, Data / ML / AI, Security, QA / Testing, Technical Management, UX / Product Design"
National Polytechnic University of Armenia,Information Technologies,Bachelor,Observability,5,"Software Engineering, Hardware / Embedded, IT Support / Admin / ERP, DevOps / Cloud, Data / ML / AI, Security, QA / Testing, Technical Management, UX / Product Design"
National Polytechnic University of Armenia,Information Technologies,Bachelor,Azure Virtual Desktop,1,"Software Engineering, Hardware / Embedded, IT Support / Admin / ERP, DevOps / Cloud, Data / ML / AI, Security, QA / Testing, Technical Management, UX / Product Design"
National Polytechnic University of Armenia,Information Technologies,Bachelor,PrimeTime,4,"Software Engineering, Hardware / Embedded, IT Support / Admin / ERP, DevOps / Cloud, Data / ML / AI, Security, QA / Testing, Technical Management, UX / Product Design"
National Polytechnic University of Armenia,Information Technologies,Bachelor,FastAPI,9,"Software Engineering, Hardware / Embedded, IT Support / Admin / ERP, DevOps / Cloud, Data / ML / AI, Security, QA / Testing, Technical Management, UX / Product Design"
National Polytechnic University of Armenia,Information Technologies,Bachelor,Zabbix,5,"Software Engineering, Hardware / Embedded, IT Support / Admin / ERP, DevOps / Cloud, Data / ML / AI, Security, QA / Testing, Technical Management, UX / Product Design"
National Polytechnic University of Armenia,Information Technologies,Bachelor,Postman,14,"Software Engineering, Hardware / Embedded, IT Support / Admin / ERP, DevOps / Cloud, Data / ML / AI, Security, QA / Testing, Technical Management, UX / Product Design"
National Polytechnic University of Armenia,Information Technologies,Bachelor,Audio-Visual (AV) Infrastructure,2,"Software Engineering, Hardware / Embedded, IT Support / Admin / ERP, DevOps / Cloud, Data / ML / AI, Security, QA / Testing, Technical Management, UX / Product Design"
National Polytechnic University of Armenia,Information Technologies,Bachelor,Static Application Security Testing,1,"Software Engineering, Hardware / Embedded, IT Support / Admin / ERP, DevOps / Cloud, Data / ML / AI, Security, QA / Testing, Technical Management, UX / Product Design"
National Polytechnic University of Armenia,Information Technologies,Bachelor,Test Pattern Generation,3,"Software Engineering, Hardware / Embedded, IT Support / Admin / ERP, DevOps / Cloud, Data / ML / AI, Security, QA / Testing, Technical Management, UX / Product Design"
National Polytechnic University of Armenia,Information Technologies,Bachelor,Cable Installation,3,"Software Engineering, Hardware / Embedded, IT Support / Admin / ERP, DevOps / Cloud, Data / ML / AI, Security, QA / Testing, Technical Management, UX / Product Design"
National Polytechnic University of Armenia,Information Technologies,Bachelor,Place and Route,3,"Software Engineering, Hardware / Embedded, IT Support / Admin / ERP, DevOps / Cloud, Data / ML / AI, Security, QA / Testing, Technical Management, UX / Product Design"
National Polytechnic University of Armenia,Information Technologies,Bachelor,CI/CD Pipelines,5,"Software Engineering, Hardware / Embedded, IT Support / Admin / ERP, DevOps / Cloud, Data / ML / AI, Security, QA / Testing, Technical Management, UX / Product Design"
National Polytechnic University of Armenia,Information Technologies,Bachelor,React,60,"Software Engineering, Hardware / Embedded, IT Support / Admin / ERP, DevOps / Cloud, Data / ML / AI, Security, QA / Testing, Technical Management, UX / Product Design"
National Polytechnic University of Armenia,Information Technologies,Bachelor,SAP HANA,6,"Software Engineering, Hardware / Embedded, IT Support / Admin / ERP, DevOps / Cloud, Data / ML / AI, Security, QA / Testing, Technical Management, UX / Product Design"
National Polytechnic University of Armenia,Information Technologies,Bachelor,Product Discovery,1,"Software Engineering, Hardware / Embedded, IT Support / Admin / ERP, DevOps / Cloud, Data / ML / AI, Security, QA / Testing, Technical Management, UX / Product Design"
National Polytechnic University of Armenia,Information Technologies,Bachelor,TensorFlow,6,"Software Engineering, Hardware / Embedded, IT Support / Admin / ERP, DevOps / Cloud, Data / ML / AI, Security, QA / Testing, Technical Management, UX / Product Design"
National Polytechnic University of Armenia,Information Technologies,Bachelor,Data Visualization,18,"Software Engineering, Hardware / Embedded, IT Support / Admin / ERP, DevOps / Cloud, Data / ML / AI, Security, QA / Testing, Technical Management, UX / Product Design"
National Polytechnic University of Armenia,Information Technologies,Bachelor,Regression Testing,11,"Software Engineering, Hardware / Embedded, IT Support / Admin / ERP, DevOps / Cloud, Data / ML / AI, Security, QA / Testing, Technical Management, UX / Product Design"
National Polytechnic University of Armenia,Information Technologies,Bachelor,Data Engineering,9,"Software Engineering, Hardware / Embedded, IT Support / Admin / ERP, DevOps / Cloud, Data / ML / AI, Security, QA / Testing, Technical Management, UX / Product Design"
National Polytechnic University of Armenia,Information Technologies,Bachelor,Landing Page Development,2,"Software Engineering, Hardware / Embedded, IT Support / Admin / ERP, DevOps / Cloud, Data / ML / AI, Security, QA / Testing, Technical Management, UX / Product Design"
National Polytechnic University of Armenia,Information Technologies,Bachelor,Vulnerability Management,1,"Software Engineering, Hardware / Embedded, IT Support / Admin / ERP, DevOps / Cloud, Data / ML / AI, Security, QA / Testing, Technical Management, UX / Product Design"
National Polytechnic University of Armenia,Information Technologies,Bachelor,Digital Design,3,"Software Engineering, Hardware / Embedded, IT Support / Admin / ERP, DevOps / Cloud, Data / ML / AI, Security, QA / Testing, Technical Management, UX / Product Design"
National Polytechnic University of Armenia,Information Technologies,Bachelor,Windows OS,10,"Software Engineering, Hardware / Embedded, IT Support / Admin / ERP, DevOps / Cloud, Data / ML / AI, Security, QA / Testing, Technical Management, UX / Product Design"
National Polytechnic University of Armenia,Information Technologies,Bachelor,Gate-Level Netlist Synthesis,2,"Software Engineering, Hardware / Embedded, IT Support / Admin / ERP, DevOps / Cloud, Data / ML / AI, Security, QA / Testing, Technical Management, UX / Product Design"
National Polytechnic University of Armenia,Information Technologies,Bachelor,C++,22,"Software Engineering, Hardware / Embedded, IT Support / Admin / ERP, DevOps / Cloud, Data / ML / AI, Security, QA / Testing, Technical Management, UX / Product Design"
National Polytechnic University of Armenia,Information Technologies,Bachelor,Confluence,6,"Software Engineering, Hardware / Embedded, IT Support / Admin / ERP, DevOps / Cloud, Data / ML / AI, Security, QA / Testing, Technical Management, UX / Product Design"
National Polytechnic University of Armenia,Information Technologies,Bachelor,Midjourney,1,"Software Engineering, Hardware / Embedded, IT Support / Admin / ERP, DevOps / Cloud, Data / ML / AI, Security, QA / Testing, Technical Management, UX / Product Design"
National Polytechnic University of Armenia,Information Technologies,Bachelor,Software Bill of Materials,1,"Software Engineering, Hardware / Embedded, IT Support / Admin / ERP, DevOps / Cloud, Data / ML / AI, Security, QA / Testing, Technical Management, UX / Product Design"
National Polytechnic University of Armenia,Information Technologies,Bachelor,SAP Controlling,3,"Software Engineering, Hardware / Embedded, IT Support / Admin / ERP, DevOps / Cloud, Data / ML / AI, Security, QA / Testing, Technical Management, UX / Product Design"
National Polytechnic University of Armenia,Information Technologies,Bachelor,Java,43,"Software Engineering, Hardware / Embedded, IT Support / Admin / ERP, DevOps / Cloud, Data / ML / AI, Security, QA / Testing, Technical Management, UX / Product Design"
National Polytechnic University of Armenia,Information Technologies,Bachelor,GitHub Actions,11,"Software Engineering, Hardware / Embedded, IT Support / Admin / ERP, DevOps / Cloud, Data / ML / AI, Security, QA / Testing, Technical Management, UX / Product Design"
National Polytechnic University of Armenia,Information Technologies,Bachelor,Kali Linux,1,"Software Engineering, Hardware / Embedded, IT Support / Admin / ERP, DevOps / Cloud, Data / ML / AI, Security, QA / Testing, Technical Management, UX / Product Design"
National Polytechnic University of Armenia,Information Technologies,Bachelor,Static Timing Analysis,13,"Software Engineering, Hardware / Embedded, IT Support / Admin / ERP, DevOps / Cloud, Data / ML / AI, Security, QA / Testing, Technical Management, UX / Product Design"
National Polytechnic University of Armenia,Software Engineering,Bachelor,Kubernetes,16,"Software Engineering, QA / Testing"
National Polytechnic University of Armenia,Software Engineering,Bachelor,Playwright,15,"Software Engineering, QA / Testing"
National Polytechnic University of Armenia,Software Engineering,Bachelor,Appium,3,"Software Engineering, QA / Testing"
National Polytechnic University of Armenia,Software Engineering,Bachelor,PHP,19,"Software Engineering, QA / Testing"
National Polytechnic University of Armenia,Software Engineering,Bachelor,CI/CD,46,"Software Engineering, QA / Testing"
National Polytechnic University of Armenia,Software Engineering,Bachelor,Large Language Models,8,"Software Engineering, QA / Testing"
National Polytechnic University of Armenia,Software Engineering,Bachelor,Jenkins,12,"Software Engineering, QA / Testing"
National Polytechnic University of Armenia,Software Engineering,Bachelor,Agile,23,"Software Engineering, QA / Testing"
National Polytechnic University of Armenia,Software Engineering,Bachelor,Cypress,6,"Software Engineering, QA / Testing"
National Polytechnic University of Armenia,Software Engineering,Bachelor,pytest,5,"Software Engineering, QA / Testing"
National Polytechnic University of Armenia,Software Engineering,Bachelor,Go,22,"Software Engineering, QA / Testing"
National Polytechnic University of Armenia,Software Engineering,Bachelor,Redis,14,"Software Engineering, QA / Testing"
National Polytechnic University of Armenia,Software Engineering,Bachelor,Angular,18,"Software Engineering, QA / Testing"
National Polytechnic University of Armenia,Software Engineering,Bachelor,Postman,10,"Software Engineering, QA / Testing"
National Polytechnic University of Armenia,Software Engineering,Bachelor,Machine Learning,12,"Software Engineering, QA / Testing"
National Polytechnic University of Armenia,Software Engineering,Bachelor,Apache Kafka,16,"Software Engineering, QA / Testing"
National Polytechnic University of Armenia,Software Engineering,Bachelor,ASP.NET Core,18,"Software Engineering, QA / Testing"
National Polytechnic University of Armenia,Software Engineering,Bachelor,AWS,34,"Software Engineering, QA / Testing"
National Polytechnic University of Armenia,Software Engineering,Bachelor,Docker,29,"Software Engineering, QA / Testing"
National Polytechnic University of Armenia,Software Engineering,Bachelor,Backend Development,22,"Software Engineering, QA / Testing"
National Polytechnic University of Armenia,Software Engineering,Bachelor,Next.js,14,"Software Engineering, QA / Testing"
National Polytechnic University of Armenia,Software Engineering,Bachelor,Regression Testing,11,"Software Engineering, QA / Testing"
National Polytechnic University of Armenia,Software Engineering,Bachelor,Mobile Application Testing,6,"Software Engineering, QA / Testing"
National Polytechnic University of Armenia,Software Engineering,Bachelor,GitHub Actions,5,"Software Engineering, QA / Testing"
National Polytechnic University of Armenia,Software Engineering,Bachelor,DevOps,10,"Software Engineering, QA / Testing"
National Polytechnic University of Armenia,Software Engineering,Bachelor,Jira,10,"Software Engineering, QA / Testing"
National Polytechnic University of Armenia,Software Engineering,Bachelor,TypeScript,68,"Software Engineering, QA / Testing"
National Polytechnic University of Armenia,Software Engineering,Master,Playwright,15,"Software Engineering, QA / Testing"
National Polytechnic University of Armenia,Software Engineering,Master,Appium,3,"Software Engineering, QA / Testing"
National Polytechnic University of Armenia,Software Engineering,Master,C#,36,"Software Engineering, QA / Testing"
National Polytechnic University of Armenia,Software Engineering,Master,PHP,19,"Software Engineering, QA / Testing"
National Polytechnic University of Armenia,Software Engineering,Master,.NET,22,"Software Engineering, QA / Testing"
National Polytechnic University of Armenia,Software Engineering,Master,Large Language Models,8,"Software Engineering, QA / Testing"
National Polytechnic University of Armenia,Software Engineering,Master,Jenkins,12,"Software Engineering, QA / Testing"
National Polytechnic University of Armenia,Software Engineering,Master,Cypress,6,"Software Engineering, QA / Testing"
National Polytechnic University of Armenia,Software Engineering,Master,pytest,5,"Software Engineering, QA / Testing"
National Polytechnic University of Armenia,Software Engineering,Master,Go,22,"Software Engineering, QA / Testing"
National Polytechnic University of Armenia,Software Engineering,Master,Postman,10,"Software Engineering, QA / Testing"
National Polytechnic University of Armenia,Software Engineering,Master,Apache Kafka,16,"Software Engineering, QA / Testing"
National Polytechnic University of Armenia,Software Engineering,Master,Test Case Design,4,"Software Engineering, QA / Testing"
National Polytechnic University of Armenia,Software Engineering,Master,ASP.NET Core,18,"Software Engineering, QA / Testing"
National Polytechnic University of Armenia,Software Engineering,Master,Kotlin,12,"Software Engineering, QA / Testing"
National Polytechnic University of Armenia,Software Engineering,Master,Backend Development,22,"Software Engineering, QA / Testing"
National Polytechnic University of Armenia,Software Engineering,Master,Next.js,14,"Software Engineering, QA / Testing"
National Polytechnic University of Armenia,Software Engineering,Master,Selenium,11,"Software Engineering, QA / Testing"
National Polytechnic University of Armenia,Software Engineering,Master,Mobile Application Testing,6,"Software Engineering, QA / Testing"
National Polytechnic University of Armenia,Software Engineering,Master,GitHub Actions,5,"Software Engineering, QA / Testing"
National Polytechnic University of Armenia,Software Engineering,Master,Jira,10,"Software Engineering, QA / Testing"
National Polytechnic University of Armenia,Software Engineering,Master,TypeScript,68,"Software Engineering, QA / Testing"
National University of Architecture and Construction of Armenia,Geographic Information Systems,Master,FastAPI,8,"Data / ML / AI, IT Support / Admin / ERP"
National University of Architecture and Construction of Armenia,Geographic Information Systems,Master,ETL,13,"Data / ML / AI, IT Support / Admin / ERP"
National University of Architecture and Construction of Armenia,Geographic Information Systems,Master,Incident Management,3,"Data / ML / AI, IT Support / Admin / ERP"
National University of Architecture and Construction of Armenia,Geographic Information Systems,Master,SAP Sales and Distribution,3,"Data / ML / AI, IT Support / Admin / ERP"
National University of Architecture and Construction of Armenia,Geographic Information Systems,Master,macOS,3,"Data / ML / AI, IT Support / Admin / ERP"
National University of Architecture and Construction of Armenia,Geographic Information Systems,Master,Dashboard Development,9,"Data / ML / AI, IT Support / Admin / ERP"
National University of Architecture and Construction of Armenia,Geographic Information Systems,Master,Product Analytics,7,"Data / ML / AI, IT Support / Admin / ERP"
National University of Architecture and Construction of Armenia,Geographic Information Systems,Master,Deep Learning,9,"Data / ML / AI, IT Support / Admin / ERP"
National University of Architecture and Construction of Armenia,Geographic Information Systems,Master,A/B Testing,18,"Data / ML / AI, IT Support / Admin / ERP"
National University of Architecture and Construction of Armenia,Geographic Information Systems,Master,Hardware Troubleshooting,5,"Data / ML / AI, IT Support / Admin / ERP"
National University of Architecture and Construction of Armenia,Geographic Information Systems,Master,Tableau,8,"Data / ML / AI, IT Support / Admin / ERP"
National University of Architecture and Construction of Armenia,Geographic Information Systems,Master,PyTorch,8,"Data / ML / AI, IT Support / Admin / ERP"
National University of Architecture and Construction of Armenia,Geographic Information Systems,Master,SQL,54,"Data / ML / AI, IT Support / Admin / ERP"
National University of Architecture and Construction of Armenia,Geographic Information Systems,Master,Business Intelligence,9,"Data / ML / AI, IT Support / Admin / ERP"
National University of Architecture and Construction of Armenia,Geographic Information Systems,Master,Apache Airflow,6,"Data / ML / AI, IT Support / Admin / ERP"
National University of Architecture and Construction of Armenia,Geographic Information Systems,Master,Operating System Support,3,"Data / ML / AI, IT Support / Admin / ERP"
National University of Architecture and Construction of Armenia,Geographic Information Systems,Master,Technical Support,3,"Data / ML / AI, IT Support / Admin / ERP"
National University of Architecture and Construction of Armenia,Geographic Information Systems,Master,AWS,17,"Data / ML / AI, IT Support / Admin / ERP"
National University of Architecture and Construction of Armenia,Geographic Information Systems,Master,SAP HANA Calculation Views,3,"Data / ML / AI, IT Support / Admin / ERP"
National University of Architecture and Construction of Armenia,Geographic Information Systems,Master,Retrieval-Augmented Generation,11,"Data / ML / AI, IT Support / Admin / ERP"
National University of Architecture and Construction of Armenia,Geographic Information Systems,Master,Power BI,11,"Data / ML / AI, IT Support / Admin / ERP"
National University of Architecture and Construction of Armenia,Geographic Information Systems,Master,SAP HANA,3,"Data / ML / AI, IT Support / Admin / ERP"
National University of Architecture and Construction of Armenia,Geographic Information Systems,Master,TensorFlow,6,"Data / ML / AI, IT Support / Admin / ERP"
National University of Architecture and Construction of Armenia,Geographic Information Systems,Master,Large Language Models,25,"Data / ML / AI, IT Support / Admin / ERP"
National University of Architecture and Construction of Armenia,Geographic Information Systems,Master,SAP Financial Accounting,3,"Data / ML / AI, IT Support / Admin / ERP"
National University of Architecture and Construction of Armenia,Geographic Information Systems,Master,Databricks,6,"Data / ML / AI, IT Support / Admin / ERP"
National University of Architecture and Construction of Armenia,Geographic Information Systems,Master,SAP Configuration,8,"Data / ML / AI, IT Support / Admin / ERP"
National University of Architecture and Construction of Armenia,Geographic Information Systems,Master,SAP Logistics,6,"Data / ML / AI, IT Support / Admin / ERP"
National University of Architecture and Construction of Armenia,Geographic Information Systems,Master,Help Desk Software,3,"Data / ML / AI, IT Support / Admin / ERP"
National University of Architecture and Construction of Armenia,Geographic Information Systems,Master,Docker,8,"Data / ML / AI, IT Support / Admin / ERP"
National University of Architecture and Construction of Armenia,Geographic Information Systems,Master,PostgreSQL,9,"Data / ML / AI, IT Support / Admin / ERP"
National University of Architecture and Construction of Armenia,Geographic Information Systems,Master,Natural Language Processing,10,"Data / ML / AI, IT Support / Admin / ERP"
National University of Architecture and Construction of Armenia,Geographic Information Systems,Master,ABAP,3,"Data / ML / AI, IT Support / Admin / ERP"
National University of Architecture and Construction of Armenia,Geographic Information Systems,Master,SAP Materials Management,4,"Data / ML / AI, IT Support / Admin / ERP"
National University of Architecture and Construction of Armenia,Geographic Information Systems,Master,Windows OS,6,"Data / ML / AI, IT Support / Admin / ERP"
National University of Architecture and Construction of Armenia,Geographic Information Systems,Master,Active Directory,3,"Data / ML / AI, IT Support / Admin / ERP"
National University of Architecture and Construction of Armenia,Geographic Information Systems,Master,SAP FICO,6,"Data / ML / AI, IT Support / Admin / ERP"
National University of Architecture and Construction of Armenia,Geographic Information Systems,Master,Generative AI,10,"Data / ML / AI, IT Support / Admin / ERP"
National University of Architecture and Construction of Armenia,Geographic Information Systems,Master,Analytics,6,"Data / ML / AI, IT Support / Admin / ERP"
National University of Architecture and Construction of Armenia,Geographic Information Systems,Master,SAP Controlling,3,"Data / ML / AI, IT Support / Admin / ERP"
National University of Architecture and Construction of Armenia,Geographic Information Systems,Master,SAP S/4HANA,10,"Data / ML / AI, IT Support / Admin / ERP"
National University of Architecture and Construction of Armenia,Geographic Information Systems,Master,MLOps,9,"Data / ML / AI, IT Support / Admin / ERP"
National University of Architecture and Construction of Armenia,Geographic Information Systems,Master,Project Based Learning,3,"Data / ML / AI, IT Support / Admin / ERP"
National University of Architecture and Construction of Armenia,Geographic Information Systems,Master,SAP Retail,3,"Data / ML / AI, IT Support / Admin / ERP"
National University of Architecture and Construction of Armenia,Geographic Information Systems,Master,LDAP,3,"Data / ML / AI, IT Support / Admin / ERP"
National University of Architecture and Construction of Armenia,Geographic Information Systems,Master,Jira,4,"Data / ML / AI, IT Support / Admin / ERP"
National University of Architecture and Construction of Armenia,Geographic Information Systems,Master,Apache Spark,6,"Data / ML / AI, IT Support / Admin / ERP"
National University of Architecture and Construction of Armenia,Geographic Information Systems,Master,Network Troubleshooting,3,"Data / ML / AI, IT Support / Admin / ERP"
National University of Architecture and Construction of Armenia,Geographic Information Systems,Master,Google Workspace,3,"Data / ML / AI, IT Support / Admin / ERP"
National University of Architecture and Construction of Armenia,Geographic Information Systems,Master,Microsoft Office,4,"Data / ML / AI, IT Support / Admin / ERP"
National University of Architecture and Construction of Armenia,Geographic Information Systems,Master,Master Data Management,3,"Data / ML / AI, IT Support / Admin / ERP"
National University of Architecture and Construction of Armenia,Geographic Information Systems,Master,Software Troubleshooting,3,"Data / ML / AI, IT Support / Admin / ERP"
National University of Architecture and Construction of Armenia,Geographic Information Systems,Master,Curriculum Development,3,"Data / ML / AI, IT Support / Admin / ERP"
National University of Architecture and Construction of Armenia,Geographic Information Systems,Master,ABAP Core Data Services,3,"Data / ML / AI, IT Support / Admin / ERP"
National University of Architecture and Construction of Armenia,Geographic Information Systems,Master,Data Modeling,7,"Data / ML / AI, IT Support / Admin / ERP"
National University of Architecture and Construction of Armenia,Informatics (Computer Science),Bachelor,F5,1,"Software Engineering, Hardware / Embedded, IT Support / Admin / ERP, DevOps / Cloud, Data / ML / AI, Security, QA / Testing, Technical Management, UX / Product Design"
National University of Architecture and Construction of Armenia,Informatics (Computer Science),Bachelor,Terraform,25,"Software Engineering, Hardware / Embedded, IT Support / Admin / ERP, DevOps / Cloud, Data / ML / AI, Security, QA / Testing, Technical Management, UX / Product Design"
National University of Architecture and Construction of Armenia,Informatics (Computer Science),Bachelor,Appium,3,"Software Engineering, Hardware / Embedded, IT Support / Admin / ERP, DevOps / Cloud, Data / ML / AI, Security, QA / Testing, Technical Management, UX / Product Design"
National University of Architecture and Construction of Armenia,Informatics (Computer Science),Bachelor,Software Composition Analysis,1,"Software Engineering, Hardware / Embedded, IT Support / Admin / ERP, DevOps / Cloud, Data / ML / AI, Security, QA / Testing, Technical Management, UX / Product Design"
National University of Architecture and Construction of Armenia,Informatics (Computer Science),Bachelor,Prometheus,7,"Software Engineering, Hardware / Embedded, IT Support / Admin / ERP, DevOps / Cloud, Data / ML / AI, Security, QA / Testing, Technical Management, UX / Product Design"
National University of Architecture and Construction of Armenia,Informatics (Computer Science),Bachelor,Adobe After Effects,1,"Software Engineering, Hardware / Embedded, IT Support / Admin / ERP, DevOps / Cloud, Data / ML / AI, Security, QA / Testing, Technical Management, UX / Product Design"
National University of Architecture and Construction of Armenia,Informatics (Computer Science),Bachelor,Physical Verification,4,"Software Engineering, Hardware / Embedded, IT Support / Admin / ERP, DevOps / Cloud, Data / ML / AI, Security, QA / Testing, Technical Management, UX / Product Design"
National University of Architecture and Construction of Armenia,Informatics (Computer Science),Bachelor,Calibre LVS,2,"Software Engineering, Hardware / Embedded, IT Support / Admin / ERP, DevOps / Cloud, Data / ML / AI, Security, QA / Testing, Technical Management, UX / Product Design"
National University of Architecture and Construction of Armenia,Informatics (Computer Science),Bachelor,Google Cloud Platform,23,"Software Engineering, Hardware / Embedded, IT Support / Admin / ERP, DevOps / Cloud, Data / ML / AI, Security, QA / Testing, Technical Management, UX / Product Design"
National University of Architecture and Construction of Armenia,Informatics (Computer Science),Bachelor,UI/UX QA,1,"Software Engineering, Hardware / Embedded, IT Support / Admin / ERP, DevOps / Cloud, Data / ML / AI, Security, QA / Testing, Technical Management, UX / Product Design"
National University of Architecture and Construction of Armenia,Informatics (Computer Science),Bachelor,Palo Alto Networks,1,"Software Engineering, Hardware / Embedded, IT Support / Admin / ERP, DevOps / Cloud, Data / ML / AI, Security, QA / Testing, Technical Management, UX / Product Design"
National University of Architecture and Construction of Armenia,Informatics (Computer Science),Bachelor,Screenshot Design,1,"Software Engineering, Hardware / Embedded, IT Support / Admin / ERP, DevOps / Cloud, Data / ML / AI, Security, QA / Testing, Technical Management, UX / Product Design"
National University of Architecture and Construction of Armenia,Informatics (Computer Science),Bachelor,Search Systems,1,"Software Engineering, Hardware / Embedded, IT Support / Admin / ERP, DevOps / Cloud, Data / ML / AI, Security, QA / Testing, Technical Management, UX / Product Design"
National University of Architecture and Construction of Armenia,Informatics (Computer Science),Bachelor,SAP Logistics,6,"Software Engineering, Hardware / Embedded, IT Support / Admin / ERP, DevOps / Cloud, Data / ML / AI, Security, QA / Testing, Technical Management, UX / Product Design"
National University of Architecture and Construction of Armenia,Informatics (Computer Science),Bachelor,REST APIs,120,"Software Engineering, Hardware / Embedded, IT Support / Admin / ERP, DevOps / Cloud, Data / ML / AI, Security, QA / Testing, Technical Management, UX / Product Design"
National University of Architecture and Construction of Armenia,Informatics (Computer Science),Bachelor,Model Context Protocol,4,"Software Engineering, Hardware / Embedded, IT Support / Admin / ERP, DevOps / Cloud, Data / ML / AI, Security, QA / Testing, Technical Management, UX / Product Design"
National University of Architecture and Construction of Armenia,Informatics (Computer Science),Bachelor,Data Protection,1,"Software Engineering, Hardware / Embedded, IT Support / Admin / ERP, DevOps / Cloud, Data / ML / AI, Security, QA / Testing, Technical Management, UX / Product Design"
National University of Architecture and Construction of Armenia,Informatics (Computer Science),Bachelor,Windows Autopilot,1,"Software Engineering, Hardware / Embedded, IT Support / Admin / ERP, DevOps / Cloud, Data / ML / AI, Security, QA / Testing, Technical Management, UX / Product Design"
National University of Architecture and Construction of Armenia,Informatics (Computer Science),Bachelor,GitLab,10,"Software Engineering, Hardware / Embedded, IT Support / Admin / ERP, DevOps / Cloud, Data / ML / AI, Security, QA / Testing, Technical Management, UX / Product Design"
National University of Architecture and Construction of Armenia,Informatics (Computer Science),Bachelor,API Integration,8,"Software Engineering, Hardware / Embedded, IT Support / Admin / ERP, DevOps / Cloud, Data / ML / AI, Security, QA / Testing, Technical Management, UX / Product Design"
National University of Architecture and Construction of Armenia,Informatics (Computer Science),Bachelor,Google Workspace,7,"Software Engineering, Hardware / Embedded, IT Support / Admin / ERP, DevOps / Cloud, Data / ML / AI, Security, QA / Testing, Technical Management, UX / Product Design"
National University of Architecture and Construction of Armenia,Informatics (Computer Science),Bachelor,Microsoft Office,6,"Software Engineering, Hardware / Embedded, IT Support / Admin / ERP, DevOps / Cloud, Data / ML / AI, Security, QA / Testing, Technical Management, UX / Product Design"
National University of Architecture and Construction of Armenia,Informatics (Computer Science),Bachelor,Structured Cabling,7,"Software Engineering, Hardware / Embedded, IT Support / Admin / ERP, DevOps / Cloud, Data / ML / AI, Security, QA / Testing, Technical Management, UX / Product Design"
National University of Architecture and Construction of Armenia,Informatics (Computer Science),Bachelor,User Interviews,1,"Software Engineering, Hardware / Embedded, IT Support / Admin / ERP, DevOps / Cloud, Data / ML / AI, Security, QA / Testing, Technical Management, UX / Product Design"
National University of Architecture and Construction of Armenia,Informatics (Computer Science),Bachelor,Verdi,3,"Software Engineering, Hardware / Embedded, IT Support / Admin / ERP, DevOps / Cloud, Data / ML / AI, Security, QA / Testing, Technical Management, UX / Product Design"
National University of Architecture and Construction of Armenia,Informatics (Computer Science),Bachelor,AI-Powered Workflows,2,"Software Engineering, Hardware / Embedded, IT Support / Admin / ERP, DevOps / Cloud, Data / ML / AI, Security, QA / Testing, Technical Management, UX / Product Design"
National University of Architecture and Construction of Armenia,Informatics (Computer Science),Bachelor,Apache Kafka,22,"Software Engineering, Hardware / Embedded, IT Support / Admin / ERP, DevOps / Cloud, Data / ML / AI, Security, QA / Testing, Technical Management, UX / Product Design"
National University of Architecture and Construction of Armenia,Informatics (Computer Science),Bachelor,Wireframing,9,"Software Engineering, Hardware / Embedded, IT Support / Admin / ERP, DevOps / Cloud, Data / ML / AI, Security, QA / Testing, Technical Management, UX / Product Design"
National University of Architecture and Construction of Armenia,Informatics (Computer Science),Bachelor,Physical Design,8,"Software Engineering, Hardware / Embedded, IT Support / Admin / ERP, DevOps / Cloud, Data / ML / AI, Security, QA / Testing, Technical Management, UX / Product Design"
National University of Architecture and Construction of Armenia,Informatics (Computer Science),Bachelor,Node.js,52,"Software Engineering, Hardware / Embedded, IT Support / Admin / ERP, DevOps / Cloud, Data / ML / AI, Security, QA / Testing, Technical Management, UX / Product Design"
National University of Architecture and Construction of Armenia,Informatics (Computer Science),Bachelor,Production Video Switchers,2,"Software Engineering, Hardware / Embedded, IT Support / Admin / ERP, DevOps / Cloud, Data / ML / AI, Security, QA / Testing, Technical Management, UX / Product Design"
National University of Architecture and Construction of Armenia,Informatics (Computer Science),Bachelor,Technical Support,3,"Software Engineering, Hardware / Embedded, IT Support / Admin / ERP, DevOps / Cloud, Data / ML / AI, Security, QA / Testing, Technical Management, UX / Product Design"
National University of Architecture and Construction of Armenia,Informatics (Computer Science),Bachelor,SAP HANA Calculation Views,3,"Software Engineering, Hardware / Embedded, IT Support / Admin / ERP, DevOps / Cloud, Data / ML / AI, Security, QA / Testing, Technical Management, UX / Product Design"
National University of Architecture and Construction of Armenia,Informatics (Computer Science),Bachelor,Server Hardware,5,"Software Engineering, Hardware / Embedded, IT Support / Admin / ERP, DevOps / Cloud, Data / ML / AI, Security, QA / Testing, Technical Management, UX / Product Design"
National University of Architecture and Construction of Armenia,Informatics (Computer Science),Bachelor,Okta Lifecycle Management,2,"Software Engineering, Hardware / Embedded, IT Support / Admin / ERP, DevOps / Cloud, Data / ML / AI, Security, QA / Testing, Technical Management, UX / Product Design"
National University of Architecture and Construction of Armenia,Informatics (Computer Science),Bachelor,Audio-Visual Systems,2,"Software Engineering, Hardware / Embedded, IT Support / Admin / ERP, DevOps / Cloud, Data / ML / AI, Security, QA / Testing, Technical Management, UX / Product Design"
National University of Architecture and Construction of Armenia,Informatics (Computer Science),Bachelor,Fiber Optic Networking,5,"Software Engineering, Hardware / Embedded, IT Support / Admin / ERP, DevOps / Cloud, Data / ML / AI, Security, QA / Testing, Technical Management, UX / Product Design"
National University of Architecture and Construction of Armenia,Informatics (Computer Science),Bachelor,Intrusion Detection Systems,1,"Software Engineering, Hardware / Embedded, IT Support / Admin / ERP, DevOps / Cloud, Data / ML / AI, Security, QA / Testing, Technical Management, UX / Product Design"
National University of Architecture and Construction of Armenia,Informatics (Computer Science),Bachelor,SAP Financial Accounting,3,"Software Engineering, Hardware / Embedded, IT Support / Admin / ERP, DevOps / Cloud, Data / ML / AI, Security, QA / Testing, Technical Management, UX / Product Design"
National University of Architecture and Construction of Armenia,Informatics (Computer Science),Bachelor,RTL-to-GDSII,6,"Software Engineering, Hardware / Embedded, IT Support / Admin / ERP, DevOps / Cloud, Data / ML / AI, Security, QA / Testing, Technical Management, UX / Product Design"
National University of Architecture and Construction of Armenia,Informatics (Computer Science),Bachelor,Databricks,8,"Software Engineering, Hardware / Embedded, IT Support / Admin / ERP, DevOps / Cloud, Data / ML / AI, Security, QA / Testing, Technical Management, UX / Product Design"
National University of Architecture and Construction of Armenia,Informatics (Computer Science),Bachelor,Adobe Firefly,1,"Software Engineering, Hardware / Embedded, IT Support / Admin / ERP, DevOps / Cloud, Data / ML / AI, Security, QA / Testing, Technical Management, UX / Product Design"
National University of Architecture and Construction of Armenia,Informatics (Computer Science),Bachelor,Cat5e/6/6a Cabling,4,"Software Engineering, Hardware / Embedded, IT Support / Admin / ERP, DevOps / Cloud, Data / ML / AI, Security, QA / Testing, Technical Management, UX / Product Design"
National University of Architecture and Construction of Armenia,Informatics (Computer Science),Bachelor,Help Desk Software,3,"Software Engineering, Hardware / Embedded, IT Support / Admin / ERP, DevOps / Cloud, Data / ML / AI, Security, QA / Testing, Technical Management, UX / Product Design"
National University of Architecture and Construction of Armenia,Informatics (Computer Science),Bachelor,Next.js,14,"Software Engineering, Hardware / Embedded, IT Support / Admin / ERP, DevOps / Cloud, Data / ML / AI, Security, QA / Testing, Technical Management, UX / Product Design"
National University of Architecture and Construction of Armenia,Informatics (Computer Science),Bachelor,Webflow,2,"Software Engineering, Hardware / Embedded, IT Support / Admin / ERP, DevOps / Cloud, Data / ML / AI, Security, QA / Testing, Technical Management, UX / Product Design"
National University of Architecture and Construction of Armenia,Informatics (Computer Science),Bachelor,CMOS Process,2,"Software Engineering, Hardware / Embedded, IT Support / Admin / ERP, DevOps / Cloud, Data / ML / AI, Security, QA / Testing, Technical Management, UX / Product Design"
National University of Architecture and Construction of Armenia,Informatics (Computer Science),Bachelor,SAP Materials Management,4,"Software Engineering, Hardware / Embedded, IT Support / Admin / ERP, DevOps / Cloud, Data / ML / AI, Security, QA / Testing, Technical Management, UX / Product Design"
National University of Architecture and Construction of Armenia,Informatics (Computer Science),Bachelor,Memory BIST (MBIST),2,"Software Engineering, Hardware / Embedded, IT Support / Admin / ERP, DevOps / Cloud, Data / ML / AI, Security, QA / Testing, Technical Management, UX / Product Design"
National University of Architecture and Construction of Armenia,Informatics (Computer Science),Bachelor,Intrusion Detection System/Intrusion Prevention System,1,"Software Engineering, Hardware / Embedded, IT Support / Admin / ERP, DevOps / Cloud, Data / ML / AI, Security, QA / Testing, Technical Management, UX / Product Design"
National University of Architecture and Construction of Armenia,Informatics (Computer Science),Bachelor,Generative AI,15,"Software Engineering, Hardware / Embedded, IT Support / Admin / ERP, DevOps / Cloud, Data / ML / AI, Security, QA / Testing, Technical Management, UX / Product Design"
National University of Architecture and Construction of Armenia,Informatics (Computer Science),Bachelor,Component Libraries,2,"Software Engineering, Hardware / Embedded, IT Support / Admin / ERP, DevOps / Cloud, Data / ML / AI, Security, QA / Testing, Technical Management, UX / Product Design"
National University of Architecture and Construction of Armenia,Informatics (Computer Science),Bachelor,Security Information and Event Management (SIEM),3,"Software Engineering, Hardware / Embedded, IT Support / Admin / ERP, DevOps / Cloud, Data / ML / AI, Security, QA / Testing, Technical Management, UX / Product Design"
National University of Architecture and Construction of Armenia,Informatics (Computer Science),Bachelor,Serial Digital Interface (SDI),2,"Software Engineering, Hardware / Embedded, IT Support / Admin / ERP, DevOps / Cloud, Data / ML / AI, Security, QA / Testing, Technical Management, UX / Product Design"
National University of Architecture and Construction of Armenia,Informatics (Computer Science),Bachelor,SAP Retail,3,"Software Engineering, Hardware / Embedded, IT Support / Admin / ERP, DevOps / Cloud, Data / ML / AI, Security, QA / Testing, Technical Management, UX / Product Design"
National University of Architecture and Construction of Armenia,Informatics (Computer Science),Bachelor,Microsoft Intune,1,"Software Engineering, Hardware / Embedded, IT Support / Admin / ERP, DevOps / Cloud, Data / ML / AI, Security, QA / Testing, Technical Management, UX / Product Design"
National University of Architecture and Construction of Armenia,Informatics (Computer Science),Bachelor,Product Design,3,"Software Engineering, Hardware / Embedded, IT Support / Admin / ERP, DevOps / Cloud, Data / ML / AI, Security, QA / Testing, Technical Management, UX / Product Design"
National University of Architecture and Construction of Armenia,Informatics (Computer Science),Bachelor,Network Troubleshooting,8,"Software Engineering, Hardware / Embedded, IT Support / Admin / ERP, DevOps / Cloud, Data / ML / AI, Security, QA / Testing, Technical Management, UX / Product Design"
National University of Architecture and Construction of Armenia,Informatics (Computer Science),Bachelor,IT Infrastructure,3,"Software Engineering, Hardware / Embedded, IT Support / Admin / ERP, DevOps / Cloud, Data / ML / AI, Security, QA / Testing, Technical Management, UX / Product Design"
National University of Architecture and Construction of Armenia,Informatics (Computer Science),Bachelor,Solution Architecture,4,"Software Engineering, Hardware / Embedded, IT Support / Admin / ERP, DevOps / Cloud, Data / ML / AI, Security, QA / Testing, Technical Management, UX / Product Design"
National University of Architecture and Construction of Armenia,Informatics (Computer Science),Bachelor,Microservices,47,"Software Engineering, Hardware / Embedded, IT Support / Admin / ERP, DevOps / Cloud, Data / ML / AI, Security, QA / Testing, Technical Management, UX / Product Design"
National University of Architecture and Construction of Armenia,Informatics (Computer Science),Bachelor,UX Design,8,"Software Engineering, Hardware / Embedded, IT Support / Admin / ERP, DevOps / Cloud, Data / ML / AI, Security, QA / Testing, Technical Management, UX / Product Design"
National University of Architecture and Construction of Armenia,Informatics (Computer Science),Bachelor,Kubernetes,41,"Software Engineering, Hardware / Embedded, IT Support / Admin / ERP, DevOps / Cloud, Data / ML / AI, Security, QA / Testing, Technical Management, UX / Product Design"
National University of Architecture and Construction of Armenia,Informatics (Computer Science),Bachelor,Playwright,15,"Software Engineering, Hardware / Embedded, IT Support / Admin / ERP, DevOps / Cloud, Data / ML / AI, Security, QA / Testing, Technical Management, UX / Product Design"
National University of Architecture and Construction of Armenia,Informatics (Computer Science),Bachelor,Metasploit,1,"Software Engineering, Hardware / Embedded, IT Support / Admin / ERP, DevOps / Cloud, Data / ML / AI, Security, QA / Testing, Technical Management, UX / Product Design"
National University of Architecture and Construction of Armenia,Informatics (Computer Science),Bachelor,Circuit Breakers,1,"Software Engineering, Hardware / Embedded, IT Support / Admin / ERP, DevOps / Cloud, Data / ML / AI, Security, QA / Testing, Technical Management, UX / Product Design"
National University of Architecture and Construction of Armenia,Informatics (Computer Science),Bachelor,VLSI Design,5,"Software Engineering, Hardware / Embedded, IT Support / Admin / ERP, DevOps / Cloud, Data / ML / AI, Security, QA / Testing, Technical Management, UX / Product Design"
National University of Architecture and Construction of Armenia,Informatics (Computer Science),Bachelor,Endpoint Detection and Response/Extended Detection and Response,1,"Software Engineering, Hardware / Embedded, IT Support / Admin / ERP, DevOps / Cloud, Data / ML / AI, Security, QA / Testing, Technical Management, UX / Product Design"
National University of Architecture and Construction of Armenia,Informatics (Computer Science),Bachelor,A/B Testing,20,"Software Engineering, Hardware / Embedded, IT Support / Admin / ERP, DevOps / Cloud, Data / ML / AI, Security, QA / Testing, Technical Management, UX / Product Design"
National University of Architecture and Construction of Armenia,Informatics (Computer Science),Bachelor,Adobe XD,2,"Software Engineering, Hardware / Embedded, IT Support / Admin / ERP, DevOps / Cloud, Data / ML / AI, Security, QA / Testing, Technical Management, UX / Product Design"
National University of Architecture and Construction of Armenia,Informatics (Computer Science),Bachelor,Adobe Creative Suite,1,"Software Engineering, Hardware / Embedded, IT Support / Admin / ERP, DevOps / Cloud, Data / ML / AI, Security, QA / Testing, Technical Management, UX / Product Design"
National University of Architecture and Construction of Armenia,Informatics (Computer Science),Bachelor,Equipment Maintenance,2,"Software Engineering, Hardware / Embedded, IT Support / Admin / ERP, DevOps / Cloud, Data / ML / AI, Security, QA / Testing, Technical Management, UX / Product Design"
National University of Architecture and Construction of Armenia,Informatics (Computer Science),Bachelor,Patch Panel Configuration,4,"Software Engineering, Hardware / Embedded, IT Support / Admin / ERP, DevOps / Cloud, Data / ML / AI, Security, QA / Testing, Technical Management, UX / Product Design"
National University of Architecture and Construction of Armenia,Informatics (Computer Science),Bachelor,Prompt Engineering,7,"Software Engineering, Hardware / Embedded, IT Support / Admin / ERP, DevOps / Cloud, Data / ML / AI, Security, QA / Testing, Technical Management, UX / Product Design"
National University of Architecture and Construction of Armenia,Informatics (Computer Science),Bachelor,CSS3,6,"Software Engineering, Hardware / Embedded, IT Support / Admin / ERP, DevOps / Cloud, Data / ML / AI, Security, QA / Testing, Technical Management, UX / Product Design"
National University of Architecture and Construction of Armenia,Informatics (Computer Science),Bachelor,Power BI,12,"Software Engineering, Hardware / Embedded, IT Support / Admin / ERP, DevOps / Cloud, Data / ML / AI, Security, QA / Testing, Technical Management, UX / Product Design"
National University of Architecture and Construction of Armenia,Informatics (Computer Science),Bachelor,DALL·E,1,"Software Engineering, Hardware / Embedded, IT Support / Admin / ERP, DevOps / Cloud, Data / ML / AI, Security, QA / Testing, Technical Management, UX / Product Design"
National University of Architecture and Construction of Armenia,Informatics (Computer Science),Bachelor,.NET,29,"Software Engineering, Hardware / Embedded, IT Support / Admin / ERP, DevOps / Cloud, Data / ML / AI, Security, QA / Testing, Technical Management, UX / Product Design"
National University of Architecture and Construction of Armenia,Informatics (Computer Science),Bachelor,Secure Sdlc Practices,1,"Software Engineering, Hardware / Embedded, IT Support / Admin / ERP, DevOps / Cloud, Data / ML / AI, Security, QA / Testing, Technical Management, UX / Product Design"
National University of Architecture and Construction of Armenia,Informatics (Computer Science),Bachelor,Agile,38,"Software Engineering, Hardware / Embedded, IT Support / Admin / ERP, DevOps / Cloud, Data / ML / AI, Security, QA / Testing, Technical Management, UX / Product Design"
National University of Architecture and Construction of Armenia,Informatics (Computer Science),Bachelor,GitHub Advanced Security,1,"Software Engineering, Hardware / Embedded, IT Support / Admin / ERP, DevOps / Cloud, Data / ML / AI, Security, QA / Testing, Technical Management, UX / Product Design"
National University of Architecture and Construction of Armenia,Informatics (Computer Science),Bachelor,UVM,2,"Software Engineering, Hardware / Embedded, IT Support / Admin / ERP, DevOps / Cloud, Data / ML / AI, Security, QA / Testing, Technical Management, UX / Product Design"
National University of Architecture and Construction of Armenia,Informatics (Computer Science),Bachelor,Windows 10/11,1,"Software Engineering, Hardware / Embedded, IT Support / Admin / ERP, DevOps / Cloud, Data / ML / AI, Security, QA / Testing, Technical Management, UX / Product Design"
National University of Architecture and Construction of Armenia,Informatics (Computer Science),Bachelor,App Store,1,"Software Engineering, Hardware / Embedded, IT Support / Admin / ERP, DevOps / Cloud, Data / ML / AI, Security, QA / Testing, Technical Management, UX / Product Design"
National University of Architecture and Construction of Armenia,Informatics (Computer Science),Bachelor,Synthesis,4,"Software Engineering, Hardware / Embedded, IT Support / Admin / ERP, DevOps / Cloud, Data / ML / AI, Security, QA / Testing, Technical Management, UX / Product Design"
National University of Architecture and Construction of Armenia,Informatics (Computer Science),Bachelor,API Access Management,1,"Software Engineering, Hardware / Embedded, IT Support / Admin / ERP, DevOps / Cloud, Data / ML / AI, Security, QA / Testing, Technical Management, UX / Product Design"
National University of Architecture and Construction of Armenia,Informatics (Computer Science),Bachelor,Design Rule Check (DRC),3,"Software Engineering, Hardware / Embedded, IT Support / Admin / ERP, DevOps / Cloud, Data / ML / AI, Security, QA / Testing, Technical Management, UX / Product Design"
National University of Architecture and Construction of Armenia,Informatics (Computer Science),Bachelor,SAP FICO,6,"Software Engineering, Hardware / Embedded, IT Support / Admin / ERP, DevOps / Cloud, Data / ML / AI, Security, QA / Testing, Technical Management, UX / Product Design"
National University of Architecture and Construction of Armenia,Informatics (Computer Science),Bachelor,Group Policy,1,"Software Engineering, Hardware / Embedded, IT Support / Admin / ERP, DevOps / Cloud, Data / ML / AI, Security, QA / Testing, Technical Management, UX / Product Design"
National University of Architecture and Construction of Armenia,Informatics (Computer Science),Bachelor,Analytics,6,"Software Engineering, Hardware / Embedded, IT Support / Admin / ERP, DevOps / Cloud, Data / ML / AI, Security, QA / Testing, Technical Management, UX / Product Design"
National University of Architecture and Construction of Armenia,Informatics (Computer Science),Bachelor,Cloud Security,3,"Software Engineering, Hardware / Embedded, IT Support / Admin / ERP, DevOps / Cloud, Data / ML / AI, Security, QA / Testing, Technical Management, UX / Product Design"
National University of Architecture and Construction of Armenia,Informatics (Computer Science),Bachelor,Distributed Systems,34,"Software Engineering, Hardware / Embedded, IT Support / Admin / ERP, DevOps / Cloud, Data / ML / AI, Security, QA / Testing, Technical Management, UX / Product Design"
National University of Architecture and Construction of Armenia,Informatics (Computer Science),Bachelor,Project Based Learning,4,"Software Engineering, Hardware / Embedded, IT Support / Admin / ERP, DevOps / Cloud, Data / ML / AI, Security, QA / Testing, Technical Management, UX / Product Design"
National University of Architecture and Construction of Armenia,Informatics (Computer Science),Bachelor,Design for Testability (DFT),9,"Software Engineering, Hardware / Embedded, IT Support / Admin / ERP, DevOps / Cloud, Data / ML / AI, Security, QA / Testing, Technical Management, UX / Product Design"
National University of Architecture and Construction of Armenia,Informatics (Computer Science),Bachelor,Okta,5,"Software Engineering, Hardware / Embedded, IT Support / Admin / ERP, DevOps / Cloud, Data / ML / AI, Security, QA / Testing, Technical Management, UX / Product Design"
National University of Architecture and Construction of Armenia,Informatics (Computer Science),Bachelor,pytest,5,"Software Engineering, Hardware / Embedded, IT Support / Admin / ERP, DevOps / Cloud, Data / ML / AI, Security, QA / Testing, Technical Management, UX / Product Design"
National University of Architecture and Construction of Armenia,Informatics (Computer Science),Bachelor,Requirements Analysis,5,"Software Engineering, Hardware / Embedded, IT Support / Admin / ERP, DevOps / Cloud, Data / ML / AI, Security, QA / Testing, Technical Management, UX / Product Design"
National University of Architecture and Construction of Armenia,Informatics (Computer Science),Bachelor,Microsoft Project,3,"Software Engineering, Hardware / Embedded, IT Support / Admin / ERP, DevOps / Cloud, Data / ML / AI, Security, QA / Testing, Technical Management, UX / Product Design"
National University of Architecture and Construction of Armenia,Informatics (Computer Science),Bachelor,App Preview Video,1,"Software Engineering, Hardware / Embedded, IT Support / Admin / ERP, DevOps / Cloud, Data / ML / AI, Security, QA / Testing, Technical Management, UX / Product Design"
National University of Architecture and Construction of Armenia,Informatics (Computer Science),Bachelor,Data Pipelines,16,"Software Engineering, Hardware / Embedded, IT Support / Admin / ERP, DevOps / Cloud, Data / ML / AI, Security, QA / Testing, Technical Management, UX / Product Design"
National University of Architecture and Construction of Armenia,Informatics (Computer Science),Bachelor,Video Surveillance Systems,2,"Software Engineering, Hardware / Embedded, IT Support / Admin / ERP, DevOps / Cloud, Data / ML / AI, Security, QA / Testing, Technical Management, UX / Product Design"
National University of Architecture and Construction of Armenia,Informatics (Computer Science),Bachelor,Apache Spark,9,"Software Engineering, Hardware / Embedded, IT Support / Admin / ERP, DevOps / Cloud, Data / ML / AI, Security, QA / Testing, Technical Management, UX / Product Design"
National University of Architecture and Construction of Armenia,Informatics (Computer Science),Bachelor,Chroma Keying,2,"Software Engineering, Hardware / Embedded, IT Support / Admin / ERP, DevOps / Cloud, Data / ML / AI, Security, QA / Testing, Technical Management, UX / Product Design"
National University of Architecture and Construction of Armenia,Informatics (Computer Science),Bachelor,Interaction Design,4,"Software Engineering, Hardware / Embedded, IT Support / Admin / ERP, DevOps / Cloud, Data / ML / AI, Security, QA / Testing, Technical Management, UX / Product Design"
National University of Architecture and Construction of Armenia,Informatics (Computer Science),Bachelor,Figma,17,"Software Engineering, Hardware / Embedded, IT Support / Admin / ERP, DevOps / Cloud, Data / ML / AI, Security, QA / Testing, Technical Management, UX / Product Design"
National University of Architecture and Construction of Armenia,Informatics (Computer Science),Bachelor,Incident Management,4,"Software Engineering, Hardware / Embedded, IT Support / Admin / ERP, DevOps / Cloud, Data / ML / AI, Security, QA / Testing, Technical Management, UX / Product Design"
National University of Architecture and Construction of Armenia,Informatics (Computer Science),Bachelor,Safety Procedures,2,"Software Engineering, Hardware / Embedded, IT Support / Admin / ERP, DevOps / Cloud, Data / ML / AI, Security, QA / Testing, Technical Management, UX / Product Design"
National University of Architecture and Construction of Armenia,Informatics (Computer Science),Bachelor,Okta Universal Directory,2,"Software Engineering, Hardware / Embedded, IT Support / Admin / ERP, DevOps / Cloud, Data / ML / AI, Security, QA / Testing, Technical Management, UX / Product Design"
National University of Architecture and Construction of Armenia,Informatics (Computer Science),Bachelor,DevSecOps,2,"Software Engineering, Hardware / Embedded, IT Support / Admin / ERP, DevOps / Cloud, Data / ML / AI, Security, QA / Testing, Technical Management, UX / Product Design"
National University of Architecture and Construction of Armenia,Informatics (Computer Science),Bachelor,Dashboard Development,9,"Software Engineering, Hardware / Embedded, IT Support / Admin / ERP, DevOps / Cloud, Data / ML / AI, Security, QA / Testing, Technical Management, UX / Product Design"
National University of Architecture and Construction of Armenia,Informatics (Computer Science),Bachelor,App Store Optimization,1,"Software Engineering, Hardware / Embedded, IT Support / Admin / ERP, DevOps / Cloud, Data / ML / AI, Security, QA / Testing, Technical Management, UX / Product Design"
National University of Architecture and Construction of Armenia,Informatics (Computer Science),Bachelor,AI-Driven Design Software,2,"Software Engineering, Hardware / Embedded, IT Support / Admin / ERP, DevOps / Cloud, Data / ML / AI, Security, QA / Testing, Technical Management, UX / Product Design"
National University of Architecture and Construction of Armenia,Informatics (Computer Science),Bachelor,ASP.NET Core,18,"Software Engineering, Hardware / Embedded, IT Support / Admin / ERP, DevOps / Cloud, Data / ML / AI, Security, QA / Testing, Technical Management, UX / Product Design"
National University of Architecture and Construction of Armenia,Informatics (Computer Science),Bachelor,Static Application Security Testing (SAST),1,"Software Engineering, Hardware / Embedded, IT Support / Admin / ERP, DevOps / Cloud, Data / ML / AI, Security, QA / Testing, Technical Management, UX / Product Design"
National University of Architecture and Construction of Armenia,Informatics (Computer Science),Bachelor,PowerShell,6,"Software Engineering, Hardware / Embedded, IT Support / Admin / ERP, DevOps / Cloud, Data / ML / AI, Security, QA / Testing, Technical Management, UX / Product Design"
National University of Architecture and Construction of Armenia,Informatics (Computer Science),Bachelor,Windows Server,4,"Software Engineering, Hardware / Embedded, IT Support / Admin / ERP, DevOps / Cloud, Data / ML / AI, Security, QA / Testing, Technical Management, UX / Product Design"
National University of Architecture and Construction of Armenia,Informatics (Computer Science),Bachelor,Docker,51,"Software Engineering, Hardware / Embedded, IT Support / Admin / ERP, DevOps / Cloud, Data / ML / AI, Security, QA / Testing, Technical Management, UX / Product Design"
National University of Architecture and Construction of Armenia,Informatics (Computer Science),Bachelor,UX Research,1,"Software Engineering, Hardware / Embedded, IT Support / Admin / ERP, DevOps / Cloud, Data / ML / AI, Security, QA / Testing, Technical Management, UX / Product Design"
National University of Architecture and Construction of Armenia,Informatics (Computer Science),Bachelor,ABAP,8,"Software Engineering, Hardware / Embedded, IT Support / Admin / ERP, DevOps / Cloud, Data / ML / AI, Security, QA / Testing, Technical Management, UX / Product Design"
National University of Architecture and Construction of Armenia,Informatics (Computer Science),Bachelor,App Icon Design,1,"Software Engineering, Hardware / Embedded, IT Support / Admin / ERP, DevOps / Cloud, Data / ML / AI, Security, QA / Testing, Technical Management, UX / Product Design"
National University of Architecture and Construction of Armenia,Informatics (Computer Science),Bachelor,Active Directory,7,"Software Engineering, Hardware / Embedded, IT Support / Admin / ERP, DevOps / Cloud, Data / ML / AI, Security, QA / Testing, Technical Management, UX / Product Design"
National University of Architecture and Construction of Armenia,Informatics (Computer Science),Bachelor,Clock Tree Synthesis,5,"Software Engineering, Hardware / Embedded, IT Support / Admin / ERP, DevOps / Cloud, Data / ML / AI, Security, QA / Testing, Technical Management, UX / Product Design"
National University of Architecture and Construction of Armenia,Informatics (Computer Science),Bachelor,VMware,7,"Software Engineering, Hardware / Embedded, IT Support / Admin / ERP, DevOps / Cloud, Data / ML / AI, Security, QA / Testing, Technical Management, UX / Product Design"
National University of Architecture and Construction of Armenia,Informatics (Computer Science),Bachelor,SAP S/4HANA,15,"Software Engineering, Hardware / Embedded, IT Support / Admin / ERP, DevOps / Cloud, Data / ML / AI, Security, QA / Testing, Technical Management, UX / Product Design"
National University of Architecture and Construction of Armenia,Informatics (Computer Science),Bachelor,Adobe Creative Cloud,1,"Software Engineering, Hardware / Embedded, IT Support / Admin / ERP, DevOps / Cloud, Data / ML / AI, Security, QA / Testing, Technical Management, UX / Product Design"
National University of Architecture and Construction of Armenia,Informatics (Computer Science),Bachelor,Mobile Application Testing,6,"Software Engineering, Hardware / Embedded, IT Support / Admin / ERP, DevOps / Cloud, Data / ML / AI, Security, QA / Testing, Technical Management, UX / Product Design"
National University of Architecture and Construction of Armenia,Informatics (Computer Science),Bachelor,Code Generation,1,"Software Engineering, Hardware / Embedded, IT Support / Admin / ERP, DevOps / Cloud, Data / ML / AI, Security, QA / Testing, Technical Management, UX / Product Design"
National University of Architecture and Construction of Armenia,Informatics (Computer Science),Bachelor,Electrical Systems,2,"Software Engineering, Hardware / Embedded, IT Support / Admin / ERP, DevOps / Cloud, Data / ML / AI, Security, QA / Testing, Technical Management, UX / Product Design"
National University of Architecture and Construction of Armenia,Informatics (Computer Science),Bachelor,User Interface Design,1,"Software Engineering, Hardware / Embedded, IT Support / Admin / ERP, DevOps / Cloud, Data / ML / AI, Security, QA / Testing, Technical Management, UX / Product Design"
National University of Architecture and Construction of Armenia,Informatics (Computer Science),Bachelor,Scrum,14,"Software Engineering, Hardware / Embedded, IT Support / Admin / ERP, DevOps / Cloud, Data / ML / AI, Security, QA / Testing, Technical Management, UX / Product Design"
National University of Architecture and Construction of Armenia,Informatics (Computer Science),Bachelor,Curriculum Development,3,"Software Engineering, Hardware / Embedded, IT Support / Admin / ERP, DevOps / Cloud, Data / ML / AI, Security, QA / Testing, Technical Management, UX / Product Design"
National University of Architecture and Construction of Armenia,Informatics (Computer Science),Bachelor,Microsoft Azure,27,"Software Engineering, Hardware / Embedded, IT Support / Admin / ERP, DevOps / Cloud, Data / ML / AI, Security, QA / Testing, Technical Management, UX / Product Design"
National University of Architecture and Construction of Armenia,Informatics (Computer Science),Bachelor,Azure DevOps,9,"Software Engineering, Hardware / Embedded, IT Support / Admin / ERP, DevOps / Cloud, Data / ML / AI, Security, QA / Testing, Technical Management, UX / Product Design"
National University of Architecture and Construction of Armenia,Informatics (Computer Science),Bachelor,Layout Versus Schematic (LVS),3,"Software Engineering, Hardware / Embedded, IT Support / Admin / ERP, DevOps / Cloud, Data / ML / AI, Security, QA / Testing, Technical Management, UX / Product Design"
National University of Architecture and Construction of Armenia,Informatics (Computer Science),Bachelor,SystemVerilog,5,"Software Engineering, Hardware / Embedded, IT Support / Admin / ERP, DevOps / Cloud, Data / ML / AI, Security, QA / Testing, Technical Management, UX / Product Design"
National University of Architecture and Construction of Armenia,Informatics (Computer Science),Bachelor,Single Sign-On,3,"Software Engineering, Hardware / Embedded, IT Support / Admin / ERP, DevOps / Cloud, Data / ML / AI, Security, QA / Testing, Technical Management, UX / Product Design"
National University of Architecture and Construction of Armenia,Informatics (Computer Science),Bachelor,Tableau,8,"Software Engineering, Hardware / Embedded, IT Support / Admin / ERP, DevOps / Cloud, Data / ML / AI, Security, QA / Testing, Technical Management, UX / Product Design"
National University of Architecture and Construction of Armenia,Informatics (Computer Science),Bachelor,SDC,5,"Software Engineering, Hardware / Embedded, IT Support / Admin / ERP, DevOps / Cloud, Data / ML / AI, Security, QA / Testing, Technical Management, UX / Product Design"
National University of Architecture and Construction of Armenia,Informatics (Computer Science),Bachelor,Fortinet,1,"Software Engineering, Hardware / Embedded, IT Support / Admin / ERP, DevOps / Cloud, Data / ML / AI, Security, QA / Testing, Technical Management, UX / Product Design"
National University of Architecture and Construction of Armenia,Informatics (Computer Science),Bachelor,Qualitative Analysis,1,"Software Engineering, Hardware / Embedded, IT Support / Admin / ERP, DevOps / Cloud, Data / ML / AI, Security, QA / Testing, Technical Management, UX / Product Design"
National University of Architecture and Construction of Armenia,Informatics (Computer Science),Bachelor,ELK Stack,1,"Software Engineering, Hardware / Embedded, IT Support / Admin / ERP, DevOps / Cloud, Data / ML / AI, Security, QA / Testing, Technical Management, UX / Product Design"
National University of Architecture and Construction of Armenia,Informatics (Computer Science),Bachelor,CCTV Systems,2,"Software Engineering, Hardware / Embedded, IT Support / Admin / ERP, DevOps / Cloud, Data / ML / AI, Security, QA / Testing, Technical Management, UX / Product Design"
National University of Architecture and Construction of Armenia,Informatics (Computer Science),Bachelor,Virtual Private Network,4,"Software Engineering, Hardware / Embedded, IT Support / Admin / ERP, DevOps / Cloud, Data / ML / AI, Security, QA / Testing, Technical Management, UX / Product Design"
National University of Architecture and Construction of Armenia,Informatics (Computer Science),Bachelor,Incident Response,4,"Software Engineering, Hardware / Embedded, IT Support / Admin / ERP, DevOps / Cloud, Data / ML / AI, Security, QA / Testing, Technical Management, UX / Product Design"
National University of Architecture and Construction of Armenia,Informatics (Computer Science),Bachelor,Single Page Application,2,"Software Engineering, Hardware / Embedded, IT Support / Admin / ERP, DevOps / Cloud, Data / ML / AI, Security, QA / Testing, Technical Management, UX / Product Design"
National University of Architecture and Construction of Armenia,Informatics (Computer Science),Bachelor,Large Language Models,37,"Software Engineering, Hardware / Embedded, IT Support / Admin / ERP, DevOps / Cloud, Data / ML / AI, Security, QA / Testing, Technical Management, UX / Product Design"
National University of Architecture and Construction of Armenia,Informatics (Computer Science),Bachelor,Jenkins,15,"Software Engineering, Hardware / Embedded, IT Support / Admin / ERP, DevOps / Cloud, Data / ML / AI, Security, QA / Testing, Technical Management, UX / Product Design"
National University of Architecture and Construction of Armenia,Informatics (Computer Science),Bachelor,Adobe Photoshop,3,"Software Engineering, Hardware / Embedded, IT Support / Admin / ERP, DevOps / Cloud, Data / ML / AI, Security, QA / Testing, Technical Management, UX / Product Design"
National University of Architecture and Construction of Armenia,Informatics (Computer Science),Bachelor,Calibre DRC,2,"Software Engineering, Hardware / Embedded, IT Support / Admin / ERP, DevOps / Cloud, Data / ML / AI, Security, QA / Testing, Technical Management, UX / Product Design"
National University of Architecture and Construction of Armenia,Informatics (Computer Science),Bachelor,Grafana,10,"Software Engineering, Hardware / Embedded, IT Support / Admin / ERP, DevOps / Cloud, Data / ML / AI, Security, QA / Testing, Technical Management, UX / Product Design"
National University of Architecture and Construction of Armenia,Informatics (Computer Science),Bachelor,Identity and Access Management,6,"Software Engineering, Hardware / Embedded, IT Support / Admin / ERP, DevOps / Cloud, Data / ML / AI, Security, QA / Testing, Technical Management, UX / Product Design"
National University of Architecture and Construction of Armenia,Informatics (Computer Science),Bachelor,ISO 27001,1,"Software Engineering, Hardware / Embedded, IT Support / Admin / ERP, DevOps / Cloud, Data / ML / AI, Security, QA / Testing, Technical Management, UX / Product Design"
National University of Architecture and Construction of Armenia,Informatics (Computer Science),Bachelor,Splunk,1,"Software Engineering, Hardware / Embedded, IT Support / Admin / ERP, DevOps / Cloud, Data / ML / AI, Security, QA / Testing, Technical Management, UX / Product Design"
National University of Architecture and Construction of Armenia,Informatics (Computer Science),Bachelor,Mobile-First Design,1,"Software Engineering, Hardware / Embedded, IT Support / Admin / ERP, DevOps / Cloud, Data / ML / AI, Security, QA / Testing, Technical Management, UX / Product Design"
National University of Architecture and Construction of Armenia,Informatics (Computer Science),Bachelor,Adobe Illustrator,2,"Software Engineering, Hardware / Embedded, IT Support / Admin / ERP, DevOps / Cloud, Data / ML / AI, Security, QA / Testing, Technical Management, UX / Product Design"
National University of Architecture and Construction of Armenia,Informatics (Computer Science),Bachelor,Penetration Testing,3,"Software Engineering, Hardware / Embedded, IT Support / Admin / ERP, DevOps / Cloud, Data / ML / AI, Security, QA / Testing, Technical Management, UX / Product Design"
National University of Architecture and Construction of Armenia,Informatics (Computer Science),Bachelor,Burp Suite,1,"Software Engineering, Hardware / Embedded, IT Support / Admin / ERP, DevOps / Cloud, Data / ML / AI, Security, QA / Testing, Technical Management, UX / Product Design"
National University of Architecture and Construction of Armenia,Informatics (Computer Science),Bachelor,Equipment Installation,2,"Software Engineering, Hardware / Embedded, IT Support / Admin / ERP, DevOps / Cloud, Data / ML / AI, Security, QA / Testing, Technical Management, UX / Product Design"
National University of Architecture and Construction of Armenia,Informatics (Computer Science),Bachelor,LDAP,5,"Software Engineering, Hardware / Embedded, IT Support / Admin / ERP, DevOps / Cloud, Data / ML / AI, Security, QA / Testing, Technical Management, UX / Product Design"
National University of Architecture and Construction of Armenia,Informatics (Computer Science),Bachelor,HDMI,2,"Software Engineering, Hardware / Embedded, IT Support / Admin / ERP, DevOps / Cloud, Data / ML / AI, Security, QA / Testing, Technical Management, UX / Product Design"
National University of Architecture and Construction of Armenia,Informatics (Computer Science),Bachelor,Floorplanning,4,"Software Engineering, Hardware / Embedded, IT Support / Admin / ERP, DevOps / Cloud, Data / ML / AI, Security, QA / Testing, Technical Management, UX / Product Design"
National University of Architecture and Construction of Armenia,Informatics (Computer Science),Bachelor,Datadog,5,"Software Engineering, Hardware / Embedded, IT Support / Admin / ERP, DevOps / Cloud, Data / ML / AI, Security, QA / Testing, Technical Management, UX / Product Design"
National University of Architecture and Construction of Armenia,Informatics (Computer Science),Bachelor,Cisco,2,"Software Engineering, Hardware / Embedded, IT Support / Admin / ERP, DevOps / Cloud, Data / ML / AI, Security, QA / Testing, Technical Management, UX / Product Design"
National University of Architecture and Construction of Armenia,Informatics (Computer Science),Bachelor,Account Management,2,"Software Engineering, Hardware / Embedded, IT Support / Admin / ERP, DevOps / Cloud, Data / ML / AI, Security, QA / Testing, Technical Management, UX / Product Design"
National University of Architecture and Construction of Armenia,Informatics (Computer Science),Bachelor,Master Data Management,3,"Software Engineering, Hardware / Embedded, IT Support / Admin / ERP, DevOps / Cloud, Data / ML / AI, Security, QA / Testing, Technical Management, UX / Product Design"
National University of Architecture and Construction of Armenia,Informatics (Computer Science),Bachelor,Angular,20,"Software Engineering, Hardware / Embedded, IT Support / Admin / ERP, DevOps / Cloud, Data / ML / AI, Security, QA / Testing, Technical Management, UX / Product Design"
National University of Architecture and Construction of Armenia,Informatics (Computer Science),Bachelor,ABAP Core Data Services,3,"Software Engineering, Hardware / Embedded, IT Support / Admin / ERP, DevOps / Cloud, Data / ML / AI, Security, QA / Testing, Technical Management, UX / Product Design"
National University of Architecture and Construction of Armenia,Informatics (Computer Science),Bachelor,CSS,23,"Software Engineering, Hardware / Embedded, IT Support / Admin / ERP, DevOps / Cloud, Data / ML / AI, Security, QA / Testing, Technical Management, UX / Product Design"
National University of Architecture and Construction of Armenia,Informatics (Computer Science),Bachelor,Bug Bounty Programs,1,"Software Engineering, Hardware / Embedded, IT Support / Admin / ERP, DevOps / Cloud, Data / ML / AI, Security, QA / Testing, Technical Management, UX / Product Design"
National University of Architecture and Construction of Armenia,Informatics (Computer Science),Bachelor,IT Governance,1,"Software Engineering, Hardware / Embedded, IT Support / Admin / ERP, DevOps / Cloud, Data / ML / AI, Security, QA / Testing, Technical Management, UX / Product Design"
National University of Architecture and Construction of Armenia,Informatics (Computer Science),Bachelor,Broadcast Equipment,2,"Software Engineering, Hardware / Embedded, IT Support / Admin / ERP, DevOps / Cloud, Data / ML / AI, Security, QA / Testing, Technical Management, UX / Product Design"
National University of Architecture and Construction of Armenia,Informatics (Computer Science),Bachelor,Low-Latency Systems,2,"Software Engineering, Hardware / Embedded, IT Support / Admin / ERP, DevOps / Cloud, Data / ML / AI, Security, QA / Testing, Technical Management, UX / Product Design"
National University of Architecture and Construction of Armenia,Informatics (Computer Science),Bachelor,"GRC (Governance, Risk & Compliance)",1,"Software Engineering, Hardware / Embedded, IT Support / Admin / ERP, DevOps / Cloud, Data / ML / AI, Security, QA / Testing, Technical Management, UX / Product Design"
National University of Architecture and Construction of Armenia,Informatics (Computer Science),Bachelor,AWS,73,"Software Engineering, Hardware / Embedded, IT Support / Admin / ERP, DevOps / Cloud, Data / ML / AI, Security, QA / Testing, Technical Management, UX / Product Design"
National University of Architecture and Construction of Armenia,Informatics (Computer Science),Bachelor,Verilog,2,"Software Engineering, Hardware / Embedded, IT Support / Admin / ERP, DevOps / Cloud, Data / ML / AI, Security, QA / Testing, Technical Management, UX / Product Design"
National University of Architecture and Construction of Armenia,Informatics (Computer Science),Bachelor,Retrieval-Augmented Generation,12,"Software Engineering, Hardware / Embedded, IT Support / Admin / ERP, DevOps / Cloud, Data / ML / AI, Security, QA / Testing, Technical Management, UX / Product Design"
National University of Architecture and Construction of Armenia,Informatics (Computer Science),Bachelor,SAP Configuration,8,"Software Engineering, Hardware / Embedded, IT Support / Admin / ERP, DevOps / Cloud, Data / ML / AI, Security, QA / Testing, Technical Management, UX / Product Design"
National University of Architecture and Construction of Armenia,Informatics (Computer Science),Bachelor,Information Architecture,2,"Software Engineering, Hardware / Embedded, IT Support / Admin / ERP, DevOps / Cloud, Data / ML / AI, Security, QA / Testing, Technical Management, UX / Product Design"
National University of Architecture and Construction of Armenia,Informatics (Computer Science),Bachelor,RTL Design,6,"Software Engineering, Hardware / Embedded, IT Support / Admin / ERP, DevOps / Cloud, Data / ML / AI, Security, QA / Testing, Technical Management, UX / Product Design"
National University of Architecture and Construction of Armenia,Informatics (Computer Science),Bachelor,Ansible,5,"Software Engineering, Hardware / Embedded, IT Support / Admin / ERP, DevOps / Cloud, Data / ML / AI, Security, QA / Testing, Technical Management, UX / Product Design"
National University of Architecture and Construction of Armenia,Informatics (Computer Science),Bachelor,Backend Development,25,"Software Engineering, Hardware / Embedded, IT Support / Admin / ERP, DevOps / Cloud, Data / ML / AI, Security, QA / Testing, Technical Management, UX / Product Design"
National University of Architecture and Construction of Armenia,Informatics (Computer Science),Bachelor,Tcl,15,"Software Engineering, Hardware / Embedded, IT Support / Admin / ERP, DevOps / Cloud, Data / ML / AI, Security, QA / Testing, Technical Management, UX / Product Design"
National University of Architecture and Construction of Armenia,Informatics (Computer Science),Bachelor,Mobile Application Design,1,"Software Engineering, Hardware / Embedded, IT Support / Admin / ERP, DevOps / Cloud, Data / ML / AI, Security, QA / Testing, Technical Management, UX / Product Design"
National University of Architecture and Construction of Armenia,Informatics (Computer Science),Bachelor,E-Commerce,1,"Software Engineering, Hardware / Embedded, IT Support / Admin / ERP, DevOps / Cloud, Data / ML / AI, Security, QA / Testing, Technical Management, UX / Product Design"
National University of Architecture and Construction of Armenia,Informatics (Computer Science),Bachelor,ASIC Design,13,"Software Engineering, Hardware / Embedded, IT Support / Admin / ERP, DevOps / Cloud, Data / ML / AI, Security, QA / Testing, Technical Management, UX / Product Design"
National University of Architecture and Construction of Armenia,Informatics (Computer Science),Bachelor,NGFW Firewalls,1,"Software Engineering, Hardware / Embedded, IT Support / Admin / ERP, DevOps / Cloud, Data / ML / AI, Security, QA / Testing, Technical Management, UX / Product Design"
National University of Architecture and Construction of Armenia,Informatics (Computer Science),Bachelor,Microsoft System Center Configuration Manager,1,"Software Engineering, Hardware / Embedded, IT Support / Admin / ERP, DevOps / Cloud, Data / ML / AI, Security, QA / Testing, Technical Management, UX / Product Design"
National University of Architecture and Construction of Armenia,Informatics (Computer Science),Bachelor,Privilege Escalation,1,"Software Engineering, Hardware / Embedded, IT Support / Admin / ERP, DevOps / Cloud, Data / ML / AI, Security, QA / Testing, Technical Management, UX / Product Design"
National University of Architecture and Construction of Armenia,Informatics (Computer Science),Bachelor,User Research,8,"Software Engineering, Hardware / Embedded, IT Support / Admin / ERP, DevOps / Cloud, Data / ML / AI, Security, QA / Testing, Technical Management, UX / Product Design"
National University of Architecture and Construction of Armenia,Informatics (Computer Science),Bachelor,Usability Testing,4,"Software Engineering, Hardware / Embedded, IT Support / Admin / ERP, DevOps / Cloud, Data / ML / AI, Security, QA / Testing, Technical Management, UX / Product Design"
National University of Architecture and Construction of Armenia,Informatics (Computer Science),Bachelor,Competitor Analysis,1,"Software Engineering, Hardware / Embedded, IT Support / Admin / ERP, DevOps / Cloud, Data / ML / AI, Security, QA / Testing, Technical Management, UX / Product Design"
National University of Architecture and Construction of Armenia,Informatics (Computer Science),Bachelor,DevOps,16,"Software Engineering, Hardware / Embedded, IT Support / Admin / ERP, DevOps / Cloud, Data / ML / AI, Security, QA / Testing, Technical Management, UX / Product Design"
National University of Architecture and Construction of Armenia,Informatics (Computer Science),Bachelor,Web and Mobile Design,1,"Software Engineering, Hardware / Embedded, IT Support / Admin / ERP, DevOps / Cloud, Data / ML / AI, Security, QA / Testing, Technical Management, UX / Product Design"
National University of Architecture and Construction of Armenia,Informatics (Computer Science),Bachelor,Jira,19,"Software Engineering, Hardware / Embedded, IT Support / Admin / ERP, DevOps / Cloud, Data / ML / AI, Security, QA / Testing, Technical Management, UX / Product Design"
National University of Architecture and Construction of Armenia,Informatics (Computer Science),Bachelor,Print Design,1,"Software Engineering, Hardware / Embedded, IT Support / Admin / ERP, DevOps / Cloud, Data / ML / AI, Security, QA / Testing, Technical Management, UX / Product Design"
National University of Architecture and Construction of Armenia,Informatics (Computer Science),Bachelor,TypeScript,78,"Software Engineering, Hardware / Embedded, IT Support / Admin / ERP, DevOps / Cloud, Data / ML / AI, Security, QA / Testing, Technical Management, UX / Product Design"
National University of Architecture and Construction of Armenia,Informatics (Computer Science),Bachelor,VLSI,2,"Software Engineering, Hardware / Embedded, IT Support / Admin / ERP, DevOps / Cloud, Data / ML / AI, Security, QA / Testing, Technical Management, UX / Product Design"
National University of Architecture and Construction of Armenia,Informatics (Computer Science),Bachelor,SoC Design,2,"Software Engineering, Hardware / Embedded, IT Support / Admin / ERP, DevOps / Cloud, Data / ML / AI, Security, QA / Testing, Technical Management, UX / Product Design"
National University of Architecture and Construction of Armenia,Informatics (Computer Science),Bachelor,Functional Testing,7,"Software Engineering, Hardware / Embedded, IT Support / Admin / ERP, DevOps / Cloud, Data / ML / AI, Security, QA / Testing, Technical Management, UX / Product Design"
National University of Architecture and Construction of Armenia,Informatics (Computer Science),Bachelor,HTML5,8,"Software Engineering, Hardware / Embedded, IT Support / Admin / ERP, DevOps / Cloud, Data / ML / AI, Security, QA / Testing, Technical Management, UX / Product Design"
National University of Architecture and Construction of Armenia,Informatics (Computer Science),Bachelor,SAP Sales and Distribution,3,"Software Engineering, Hardware / Embedded, IT Support / Admin / ERP, DevOps / Cloud, Data / ML / AI, Security, QA / Testing, Technical Management, UX / Product Design"
National University of Architecture and Construction of Armenia,Informatics (Computer Science),Bachelor,Perl,7,"Software Engineering, Hardware / Embedded, IT Support / Admin / ERP, DevOps / Cloud, Data / ML / AI, Security, QA / Testing, Technical Management, UX / Product Design"
National University of Architecture and Construction of Armenia,Informatics (Computer Science),Bachelor,macOS,5,"Software Engineering, Hardware / Embedded, IT Support / Admin / ERP, DevOps / Cloud, Data / ML / AI, Security, QA / Testing, Technical Management, UX / Product Design"
National University of Architecture and Construction of Armenia,Informatics (Computer Science),Bachelor,Conversion Rate Optimization,2,"Software Engineering, Hardware / Embedded, IT Support / Admin / ERP, DevOps / Cloud, Data / ML / AI, Security, QA / Testing, Technical Management, UX / Product Design"
National University of Architecture and Construction of Armenia,Informatics (Computer Science),Bachelor,Data Center Infrastructure Management (DCIM),5,"Software Engineering, Hardware / Embedded, IT Support / Admin / ERP, DevOps / Cloud, Data / ML / AI, Security, QA / Testing, Technical Management, UX / Product Design"
National University of Architecture and Construction of Armenia,Informatics (Computer Science),Bachelor,UX Motion Design,1,"Software Engineering, Hardware / Embedded, IT Support / Admin / ERP, DevOps / Cloud, Data / ML / AI, Security, QA / Testing, Technical Management, UX / Product Design"
National University of Architecture and Construction of Armenia,Informatics (Computer Science),Bachelor,Digital Forensics,1,"Software Engineering, Hardware / Embedded, IT Support / Admin / ERP, DevOps / Cloud, Data / ML / AI, Security, QA / Testing, Technical Management, UX / Product Design"
National University of Architecture and Construction of Armenia,Informatics (Computer Science),Bachelor,C#,38,"Software Engineering, Hardware / Embedded, IT Support / Admin / ERP, DevOps / Cloud, Data / ML / AI, Security, QA / Testing, Technical Management, UX / Product Design"
National University of Architecture and Construction of Armenia,Informatics (Computer Science),Bachelor,HTML,13,"Software Engineering, Hardware / Embedded, IT Support / Admin / ERP, DevOps / Cloud, Data / ML / AI, Security, QA / Testing, Technical Management, UX / Product Design"
National University of Architecture and Construction of Armenia,Informatics (Computer Science),Bachelor,VLANs,2,"Software Engineering, Hardware / Embedded, IT Support / Admin / ERP, DevOps / Cloud, Data / ML / AI, Security, QA / Testing, Technical Management, UX / Product Design"
National University of Architecture and Construction of Armenia,Informatics (Computer Science),Bachelor,Business Intelligence,9,"Software Engineering, Hardware / Embedded, IT Support / Admin / ERP, DevOps / Cloud, Data / ML / AI, Security, QA / Testing, Technical Management, UX / Product Design"
National University of Architecture and Construction of Armenia,Informatics (Computer Science),Bachelor,PHP,24,"Software Engineering, Hardware / Embedded, IT Support / Admin / ERP, DevOps / Cloud, Data / ML / AI, Security, QA / Testing, Technical Management, UX / Product Design"
National University of Architecture and Construction of Armenia,Informatics (Computer Science),Bachelor,Apache Airflow,10,"Software Engineering, Hardware / Embedded, IT Support / Admin / ERP, DevOps / Cloud, Data / ML / AI, Security, QA / Testing, Technical Management, UX / Product Design"
National University of Architecture and Construction of Armenia,Informatics (Computer Science),Bachelor,Telecommunications,2,"Software Engineering, Hardware / Embedded, IT Support / Admin / ERP, DevOps / Cloud, Data / ML / AI, Security, QA / Testing, Technical Management, UX / Product Design"
National University of Architecture and Construction of Armenia,Informatics (Computer Science),Bachelor,EM/IR Analysis,4,"Software Engineering, Hardware / Embedded, IT Support / Admin / ERP, DevOps / Cloud, Data / ML / AI, Security, QA / Testing, Technical Management, UX / Product Design"
National University of Architecture and Construction of Armenia,Informatics (Computer Science),Bachelor,Mobile Security,1,"Software Engineering, Hardware / Embedded, IT Support / Admin / ERP, DevOps / Cloud, Data / ML / AI, Security, QA / Testing, Technical Management, UX / Product Design"
National University of Architecture and Construction of Armenia,Informatics (Computer Science),Bachelor,Cadence Virtuoso,3,"Software Engineering, Hardware / Embedded, IT Support / Admin / ERP, DevOps / Cloud, Data / ML / AI, Security, QA / Testing, Technical Management, UX / Product Design"
National University of Architecture and Construction of Armenia,Informatics (Computer Science),Bachelor,Signal Integrity,3,"Software Engineering, Hardware / Embedded, IT Support / Admin / ERP, DevOps / Cloud, Data / ML / AI, Security, QA / Testing, Technical Management, UX / Product Design"
National University of Architecture and Construction of Armenia,Informatics (Computer Science),Bachelor,JavaScript,79,"Software Engineering, Hardware / Embedded, IT Support / Admin / ERP, DevOps / Cloud, Data / ML / AI, Security, QA / Testing, Technical Management, UX / Product Design"
National University of Architecture and Construction of Armenia,Informatics (Computer Science),Bachelor,Cypress,6,"Software Engineering, Hardware / Embedded, IT Support / Admin / ERP, DevOps / Cloud, Data / ML / AI, Security, QA / Testing, Technical Management, UX / Product Design"
National University of Architecture and Construction of Armenia,Informatics (Computer Science),Bachelor,Graphic Design,2,"Software Engineering, Hardware / Embedded, IT Support / Admin / ERP, DevOps / Cloud, Data / ML / AI, Security, QA / Testing, Technical Management, UX / Product Design"
National University of Architecture and Construction of Armenia,Informatics (Computer Science),Bachelor,MLOps,13,"Software Engineering, Hardware / Embedded, IT Support / Admin / ERP, DevOps / Cloud, Data / ML / AI, Security, QA / Testing, Technical Management, UX / Product Design"
National University of Architecture and Construction of Armenia,Informatics (Computer Science),Bachelor,Okta API Access Management,1,"Software Engineering, Hardware / Embedded, IT Support / Admin / ERP, DevOps / Cloud, Data / ML / AI, Security, QA / Testing, Technical Management, UX / Product Design"
National University of Architecture and Construction of Armenia,Informatics (Computer Science),Bachelor,Go,27,"Software Engineering, Hardware / Embedded, IT Support / Admin / ERP, DevOps / Cloud, Data / ML / AI, Security, QA / Testing, Technical Management, UX / Product Design"
National University of Architecture and Construction of Armenia,Informatics (Computer Science),Bachelor,Secure Architecture Design,1,"Software Engineering, Hardware / Embedded, IT Support / Admin / ERP, DevOps / Cloud, Data / ML / AI, Security, QA / Testing, Technical Management, UX / Product Design"
National University of Architecture and Construction of Armenia,Informatics (Computer Science),Bachelor,Social Media Design,1,"Software Engineering, Hardware / Embedded, IT Support / Admin / ERP, DevOps / Cloud, Data / ML / AI, Security, QA / Testing, Technical Management, UX / Product Design"
National University of Architecture and Construction of Armenia,Informatics (Computer Science),Bachelor,Observability,5,"Software Engineering, Hardware / Embedded, IT Support / Admin / ERP, DevOps / Cloud, Data / ML / AI, Security, QA / Testing, Technical Management, UX / Product Design"
National University of Architecture and Construction of Armenia,Informatics (Computer Science),Bachelor,Azure Virtual Desktop,1,"Software Engineering, Hardware / Embedded, IT Support / Admin / ERP, DevOps / Cloud, Data / ML / AI, Security, QA / Testing, Technical Management, UX / Product Design"
National University of Architecture and Construction of Armenia,Informatics (Computer Science),Bachelor,Redis,19,"Software Engineering, Hardware / Embedded, IT Support / Admin / ERP, DevOps / Cloud, Data / ML / AI, Security, QA / Testing, Technical Management, UX / Product Design"
National University of Architecture and Construction of Armenia,Informatics (Computer Science),Bachelor,PrimeTime,4,"Software Engineering, Hardware / Embedded, IT Support / Admin / ERP, DevOps / Cloud, Data / ML / AI, Security, QA / Testing, Technical Management, UX / Product Design"
National University of Architecture and Construction of Armenia,Informatics (Computer Science),Bachelor,Video Camera Operation,2,"Software Engineering, Hardware / Embedded, IT Support / Admin / ERP, DevOps / Cloud, Data / ML / AI, Security, QA / Testing, Technical Management, UX / Product Design"
National University of Architecture and Construction of Armenia,Informatics (Computer Science),Bachelor,FastAPI,9,"Software Engineering, Hardware / Embedded, IT Support / Admin / ERP, DevOps / Cloud, Data / ML / AI, Security, QA / Testing, Technical Management, UX / Product Design"
National University of Architecture and Construction of Armenia,Informatics (Computer Science),Bachelor,Zabbix,5,"Software Engineering, Hardware / Embedded, IT Support / Admin / ERP, DevOps / Cloud, Data / ML / AI, Security, QA / Testing, Technical Management, UX / Product Design"
National University of Architecture and Construction of Armenia,Informatics (Computer Science),Bachelor,Postman,14,"Software Engineering, Hardware / Embedded, IT Support / Admin / ERP, DevOps / Cloud, Data / ML / AI, Security, QA / Testing, Technical Management, UX / Product Design"
National University of Architecture and Construction of Armenia,Informatics (Computer Science),Bachelor,Audio-Visual (AV) Infrastructure,2,"Software Engineering, Hardware / Embedded, IT Support / Admin / ERP, DevOps / Cloud, Data / ML / AI, Security, QA / Testing, Technical Management, UX / Product Design"
National University of Architecture and Construction of Armenia,Informatics (Computer Science),Bachelor,UI Design,12,"Software Engineering, Hardware / Embedded, IT Support / Admin / ERP, DevOps / Cloud, Data / ML / AI, Security, QA / Testing, Technical Management, UX / Product Design"
National University of Architecture and Construction of Armenia,Informatics (Computer Science),Bachelor,Static Application Security Testing,1,"Software Engineering, Hardware / Embedded, IT Support / Admin / ERP, DevOps / Cloud, Data / ML / AI, Security, QA / Testing, Technical Management, UX / Product Design"
National University of Architecture and Construction of Armenia,Informatics (Computer Science),Bachelor,Test Pattern Generation,3,"Software Engineering, Hardware / Embedded, IT Support / Admin / ERP, DevOps / Cloud, Data / ML / AI, Security, QA / Testing, Technical Management, UX / Product Design"
National University of Architecture and Construction of Armenia,Informatics (Computer Science),Bachelor,Product Analytics,7,"Software Engineering, Hardware / Embedded, IT Support / Admin / ERP, DevOps / Cloud, Data / ML / AI, Security, QA / Testing, Technical Management, UX / Product Design"
National University of Architecture and Construction of Armenia,Informatics (Computer Science),Bachelor,Cable Installation,3,"Software Engineering, Hardware / Embedded, IT Support / Admin / ERP, DevOps / Cloud, Data / ML / AI, Security, QA / Testing, Technical Management, UX / Product Design"
National University of Architecture and Construction of Armenia,Informatics (Computer Science),Bachelor,React,60,"Software Engineering, Hardware / Embedded, IT Support / Admin / ERP, DevOps / Cloud, Data / ML / AI, Security, QA / Testing, Technical Management, UX / Product Design"
National University of Architecture and Construction of Armenia,Informatics (Computer Science),Bachelor,SAP HANA,6,"Software Engineering, Hardware / Embedded, IT Support / Admin / ERP, DevOps / Cloud, Data / ML / AI, Security, QA / Testing, Technical Management, UX / Product Design"
National University of Architecture and Construction of Armenia,Informatics (Computer Science),Bachelor,Product Discovery,1,"Software Engineering, Hardware / Embedded, IT Support / Admin / ERP, DevOps / Cloud, Data / ML / AI, Security, QA / Testing, Technical Management, UX / Product Design"
National University of Architecture and Construction of Armenia,Informatics (Computer Science),Bachelor,Kotlin,14,"Software Engineering, Hardware / Embedded, IT Support / Admin / ERP, DevOps / Cloud, Data / ML / AI, Security, QA / Testing, Technical Management, UX / Product Design"
National University of Architecture and Construction of Armenia,Informatics (Computer Science),Bachelor,Data Engineering,9,"Software Engineering, Hardware / Embedded, IT Support / Admin / ERP, DevOps / Cloud, Data / ML / AI, Security, QA / Testing, Technical Management, UX / Product Design"
National University of Architecture and Construction of Armenia,Informatics (Computer Science),Bachelor,Landing Page Development,2,"Software Engineering, Hardware / Embedded, IT Support / Admin / ERP, DevOps / Cloud, Data / ML / AI, Security, QA / Testing, Technical Management, UX / Product Design"
National University of Architecture and Construction of Armenia,Informatics (Computer Science),Bachelor,Gate-Level Netlist Synthesis,2,"Software Engineering, Hardware / Embedded, IT Support / Admin / ERP, DevOps / Cloud, Data / ML / AI, Security, QA / Testing, Technical Management, UX / Product Design"
National University of Architecture and Construction of Armenia,Informatics (Computer Science),Bachelor,Confluence,6,"Software Engineering, Hardware / Embedded, IT Support / Admin / ERP, DevOps / Cloud, Data / ML / AI, Security, QA / Testing, Technical Management, UX / Product Design"
National University of Architecture and Construction of Armenia,Informatics (Computer Science),Bachelor,Midjourney,1,"Software Engineering, Hardware / Embedded, IT Support / Admin / ERP, DevOps / Cloud, Data / ML / AI, Security, QA / Testing, Technical Management, UX / Product Design"
National University of Architecture and Construction of Armenia,Informatics (Computer Science),Bachelor,Software Bill of Materials,1,"Software Engineering, Hardware / Embedded, IT Support / Admin / ERP, DevOps / Cloud, Data / ML / AI, Security, QA / Testing, Technical Management, UX / Product Design"
National University of Architecture and Construction of Armenia,Informatics (Computer Science),Bachelor,Infrastructure as Code,10,"Software Engineering, Hardware / Embedded, IT Support / Admin / ERP, DevOps / Cloud, Data / ML / AI, Security, QA / Testing, Technical Management, UX / Product Design"
National University of Architecture and Construction of Armenia,Informatics (Computer Science),Bachelor,SAP Controlling,3,"Software Engineering, Hardware / Embedded, IT Support / Admin / ERP, DevOps / Cloud, Data / ML / AI, Security, QA / Testing, Technical Management, UX / Product Design"
National University of Architecture and Construction of Armenia,Informatics (Computer Science),Bachelor,GitHub Actions,11,"Software Engineering, Hardware / Embedded, IT Support / Admin / ERP, DevOps / Cloud, Data / ML / AI, Security, QA / Testing, Technical Management, UX / Product Design"
National University of Architecture and Construction of Armenia,Informatics (Computer Science),Bachelor,Kali Linux,1,"Software Engineering, Hardware / Embedded, IT Support / Admin / ERP, DevOps / Cloud, Data / ML / AI, Security, QA / Testing, Technical Management, UX / Product Design"
National University of Architecture and Construction of Armenia,Informatics (Computer Science),Bachelor,Static Timing Analysis,13,"Software Engineering, Hardware / Embedded, IT Support / Admin / ERP, DevOps / Cloud, Data / ML / AI, Security, QA / Testing, Technical Management, UX / Product Design"
National University of Architecture and Construction of Armenia,Informatics (Computer Science),Master,F5,1,"Software Engineering, Hardware / Embedded, IT Support / Admin / ERP, DevOps / Cloud, Data / ML / AI, Security, QA / Testing, Technical Management, UX / Product Design"
National University of Architecture and Construction of Armenia,Informatics (Computer Science),Master,Terraform,25,"Software Engineering, Hardware / Embedded, IT Support / Admin / ERP, DevOps / Cloud, Data / ML / AI, Security, QA / Testing, Technical Management, UX / Product Design"
National University of Architecture and Construction of Armenia,Informatics (Computer Science),Master,Appium,3,"Software Engineering, Hardware / Embedded, IT Support / Admin / ERP, DevOps / Cloud, Data / ML / AI, Security, QA / Testing, Technical Management, UX / Product Design"
National University of Architecture and Construction of Armenia,Informatics (Computer Science),Master,Software Composition Analysis,1,"Software Engineering, Hardware / Embedded, IT Support / Admin / ERP, DevOps / Cloud, Data / ML / AI, Security, QA / Testing, Technical Management, UX / Product Design"
National University of Architecture and Construction of Armenia,Informatics (Computer Science),Master,Security Controls,1,"Software Engineering, Hardware / Embedded, IT Support / Admin / ERP, DevOps / Cloud, Data / ML / AI, Security, QA / Testing, Technical Management, UX / Product Design"
National University of Architecture and Construction of Armenia,Informatics (Computer Science),Master,Prometheus,7,"Software Engineering, Hardware / Embedded, IT Support / Admin / ERP, DevOps / Cloud, Data / ML / AI, Security, QA / Testing, Technical Management, UX / Product Design"
National University of Architecture and Construction of Armenia,Informatics (Computer Science),Master,Adobe After Effects,1,"Software Engineering, Hardware / Embedded, IT Support / Admin / ERP, DevOps / Cloud, Data / ML / AI, Security, QA / Testing, Technical Management, UX / Product Design"
National University of Architecture and Construction of Armenia,Informatics (Computer Science),Master,Physical Verification,4,"Software Engineering, Hardware / Embedded, IT Support / Admin / ERP, DevOps / Cloud, Data / ML / AI, Security, QA / Testing, Technical Management, UX / Product Design"
National University of Architecture and Construction of Armenia,Informatics (Computer Science),Master,Calibre LVS,2,"Software Engineering, Hardware / Embedded, IT Support / Admin / ERP, DevOps / Cloud, Data / ML / AI, Security, QA / Testing, Technical Management, UX / Product Design"
National University of Architecture and Construction of Armenia,Informatics (Computer Science),Master,UI/UX QA,1,"Software Engineering, Hardware / Embedded, IT Support / Admin / ERP, DevOps / Cloud, Data / ML / AI, Security, QA / Testing, Technical Management, UX / Product Design"
National University of Architecture and Construction of Armenia,Informatics (Computer Science),Master,Palo Alto Networks,1,"Software Engineering, Hardware / Embedded, IT Support / Admin / ERP, DevOps / Cloud, Data / ML / AI, Security, QA / Testing, Technical Management, UX / Product Design"
National University of Architecture and Construction of Armenia,Informatics (Computer Science),Master,Screenshot Design,1,"Software Engineering, Hardware / Embedded, IT Support / Admin / ERP, DevOps / Cloud, Data / ML / AI, Security, QA / Testing, Technical Management, UX / Product Design"
National University of Architecture and Construction of Armenia,Informatics (Computer Science),Master,Search Systems,1,"Software Engineering, Hardware / Embedded, IT Support / Admin / ERP, DevOps / Cloud, Data / ML / AI, Security, QA / Testing, Technical Management, UX / Product Design"
National University of Architecture and Construction of Armenia,Informatics (Computer Science),Master,SAP Logistics,6,"Software Engineering, Hardware / Embedded, IT Support / Admin / ERP, DevOps / Cloud, Data / ML / AI, Security, QA / Testing, Technical Management, UX / Product Design"
National University of Architecture and Construction of Armenia,Informatics (Computer Science),Master,REST APIs,120,"Software Engineering, Hardware / Embedded, IT Support / Admin / ERP, DevOps / Cloud, Data / ML / AI, Security, QA / Testing, Technical Management, UX / Product Design"
National University of Architecture and Construction of Armenia,Informatics (Computer Science),Master,Model Context Protocol,4,"Software Engineering, Hardware / Embedded, IT Support / Admin / ERP, DevOps / Cloud, Data / ML / AI, Security, QA / Testing, Technical Management, UX / Product Design"
National University of Architecture and Construction of Armenia,Informatics (Computer Science),Master,Linux,40,"Software Engineering, Hardware / Embedded, IT Support / Admin / ERP, DevOps / Cloud, Data / ML / AI, Security, QA / Testing, Technical Management, UX / Product Design"
National University of Architecture and Construction of Armenia,Informatics (Computer Science),Master,Data Protection,1,"Software Engineering, Hardware / Embedded, IT Support / Admin / ERP, DevOps / Cloud, Data / ML / AI, Security, QA / Testing, Technical Management, UX / Product Design"
National University of Architecture and Construction of Armenia,Informatics (Computer Science),Master,Windows Autopilot,1,"Software Engineering, Hardware / Embedded, IT Support / Admin / ERP, DevOps / Cloud, Data / ML / AI, Security, QA / Testing, Technical Management, UX / Product Design"
National University of Architecture and Construction of Armenia,Informatics (Computer Science),Master,GitLab,10,"Software Engineering, Hardware / Embedded, IT Support / Admin / ERP, DevOps / Cloud, Data / ML / AI, Security, QA / Testing, Technical Management, UX / Product Design"
National University of Architecture and Construction of Armenia,Informatics (Computer Science),Master,API Integration,8,"Software Engineering, Hardware / Embedded, IT Support / Admin / ERP, DevOps / Cloud, Data / ML / AI, Security, QA / Testing, Technical Management, UX / Product Design"
National University of Architecture and Construction of Armenia,Informatics (Computer Science),Master,Information Security,3,"Software Engineering, Hardware / Embedded, IT Support / Admin / ERP, DevOps / Cloud, Data / ML / AI, Security, QA / Testing, Technical Management, UX / Product Design"
National University of Architecture and Construction of Armenia,Informatics (Computer Science),Master,Microsoft SQL Server,27,"Software Engineering, Hardware / Embedded, IT Support / Admin / ERP, DevOps / Cloud, Data / ML / AI, Security, QA / Testing, Technical Management, UX / Product Design"
National University of Architecture and Construction of Armenia,Informatics (Computer Science),Master,Google Workspace,7,"Software Engineering, Hardware / Embedded, IT Support / Admin / ERP, DevOps / Cloud, Data / ML / AI, Security, QA / Testing, Technical Management, UX / Product Design"
National University of Architecture and Construction of Armenia,Informatics (Computer Science),Master,Microsoft Office,6,"Software Engineering, Hardware / Embedded, IT Support / Admin / ERP, DevOps / Cloud, Data / ML / AI, Security, QA / Testing, Technical Management, UX / Product Design"
National University of Architecture and Construction of Armenia,Informatics (Computer Science),Master,Structured Cabling,7,"Software Engineering, Hardware / Embedded, IT Support / Admin / ERP, DevOps / Cloud, Data / ML / AI, Security, QA / Testing, Technical Management, UX / Product Design"
National University of Architecture and Construction of Armenia,Informatics (Computer Science),Master,User Interviews,1,"Software Engineering, Hardware / Embedded, IT Support / Admin / ERP, DevOps / Cloud, Data / ML / AI, Security, QA / Testing, Technical Management, UX / Product Design"
National University of Architecture and Construction of Armenia,Informatics (Computer Science),Master,Verdi,3,"Software Engineering, Hardware / Embedded, IT Support / Admin / ERP, DevOps / Cloud, Data / ML / AI, Security, QA / Testing, Technical Management, UX / Product Design"
National University of Architecture and Construction of Armenia,Informatics (Computer Science),Master,AI-Powered Workflows,2,"Software Engineering, Hardware / Embedded, IT Support / Admin / ERP, DevOps / Cloud, Data / ML / AI, Security, QA / Testing, Technical Management, UX / Product Design"
National University of Architecture and Construction of Armenia,Informatics (Computer Science),Master,Apache Kafka,22,"Software Engineering, Hardware / Embedded, IT Support / Admin / ERP, DevOps / Cloud, Data / ML / AI, Security, QA / Testing, Technical Management, UX / Product Design"
National University of Architecture and Construction of Armenia,Informatics (Computer Science),Master,Wireframing,9,"Software Engineering, Hardware / Embedded, IT Support / Admin / ERP, DevOps / Cloud, Data / ML / AI, Security, QA / Testing, Technical Management, UX / Product Design"
National University of Architecture and Construction of Armenia,Informatics (Computer Science),Master,Physical Design,8,"Software Engineering, Hardware / Embedded, IT Support / Admin / ERP, DevOps / Cloud, Data / ML / AI, Security, QA / Testing, Technical Management, UX / Product Design"
National University of Architecture and Construction of Armenia,Informatics (Computer Science),Master,Node.js,52,"Software Engineering, Hardware / Embedded, IT Support / Admin / ERP, DevOps / Cloud, Data / ML / AI, Security, QA / Testing, Technical Management, UX / Product Design"
National University of Architecture and Construction of Armenia,Informatics (Computer Science),Master,Production Video Switchers,2,"Software Engineering, Hardware / Embedded, IT Support / Admin / ERP, DevOps / Cloud, Data / ML / AI, Security, QA / Testing, Technical Management, UX / Product Design"
National University of Architecture and Construction of Armenia,Informatics (Computer Science),Master,Technical Support,3,"Software Engineering, Hardware / Embedded, IT Support / Admin / ERP, DevOps / Cloud, Data / ML / AI, Security, QA / Testing, Technical Management, UX / Product Design"
National University of Architecture and Construction of Armenia,Informatics (Computer Science),Master,SAP HANA Calculation Views,3,"Software Engineering, Hardware / Embedded, IT Support / Admin / ERP, DevOps / Cloud, Data / ML / AI, Security, QA / Testing, Technical Management, UX / Product Design"
National University of Architecture and Construction of Armenia,Informatics (Computer Science),Master,Server Hardware,5,"Software Engineering, Hardware / Embedded, IT Support / Admin / ERP, DevOps / Cloud, Data / ML / AI, Security, QA / Testing, Technical Management, UX / Product Design"
National University of Architecture and Construction of Armenia,Informatics (Computer Science),Master,Okta Lifecycle Management,2,"Software Engineering, Hardware / Embedded, IT Support / Admin / ERP, DevOps / Cloud, Data / ML / AI, Security, QA / Testing, Technical Management, UX / Product Design"
National University of Architecture and Construction of Armenia,Informatics (Computer Science),Master,Audio-Visual Systems,2,"Software Engineering, Hardware / Embedded, IT Support / Admin / ERP, DevOps / Cloud, Data / ML / AI, Security, QA / Testing, Technical Management, UX / Product Design"
National University of Architecture and Construction of Armenia,Informatics (Computer Science),Master,Fiber Optic Networking,5,"Software Engineering, Hardware / Embedded, IT Support / Admin / ERP, DevOps / Cloud, Data / ML / AI, Security, QA / Testing, Technical Management, UX / Product Design"
National University of Architecture and Construction of Armenia,Informatics (Computer Science),Master,Intrusion Detection Systems,1,"Software Engineering, Hardware / Embedded, IT Support / Admin / ERP, DevOps / Cloud, Data / ML / AI, Security, QA / Testing, Technical Management, UX / Product Design"
National University of Architecture and Construction of Armenia,Informatics (Computer Science),Master,SAP Financial Accounting,3,"Software Engineering, Hardware / Embedded, IT Support / Admin / ERP, DevOps / Cloud, Data / ML / AI, Security, QA / Testing, Technical Management, UX / Product Design"
National University of Architecture and Construction of Armenia,Informatics (Computer Science),Master,RTL-to-GDSII,6,"Software Engineering, Hardware / Embedded, IT Support / Admin / ERP, DevOps / Cloud, Data / ML / AI, Security, QA / Testing, Technical Management, UX / Product Design"
National University of Architecture and Construction of Armenia,Informatics (Computer Science),Master,Databricks,8,"Software Engineering, Hardware / Embedded, IT Support / Admin / ERP, DevOps / Cloud, Data / ML / AI, Security, QA / Testing, Technical Management, UX / Product Design"
National University of Architecture and Construction of Armenia,Informatics (Computer Science),Master,Adobe Firefly,1,"Software Engineering, Hardware / Embedded, IT Support / Admin / ERP, DevOps / Cloud, Data / ML / AI, Security, QA / Testing, Technical Management, UX / Product Design"
National University of Architecture and Construction of Armenia,Informatics (Computer Science),Master,Cat5e/6/6a Cabling,4,"Software Engineering, Hardware / Embedded, IT Support / Admin / ERP, DevOps / Cloud, Data / ML / AI, Security, QA / Testing, Technical Management, UX / Product Design"
National University of Architecture and Construction of Armenia,Informatics (Computer Science),Master,Help Desk Software,3,"Software Engineering, Hardware / Embedded, IT Support / Admin / ERP, DevOps / Cloud, Data / ML / AI, Security, QA / Testing, Technical Management, UX / Product Design"
National University of Architecture and Construction of Armenia,Informatics (Computer Science),Master,Next.js,14,"Software Engineering, Hardware / Embedded, IT Support / Admin / ERP, DevOps / Cloud, Data / ML / AI, Security, QA / Testing, Technical Management, UX / Product Design"
National University of Architecture and Construction of Armenia,Informatics (Computer Science),Master,Webflow,2,"Software Engineering, Hardware / Embedded, IT Support / Admin / ERP, DevOps / Cloud, Data / ML / AI, Security, QA / Testing, Technical Management, UX / Product Design"
National University of Architecture and Construction of Armenia,Informatics (Computer Science),Master,CMOS Process,2,"Software Engineering, Hardware / Embedded, IT Support / Admin / ERP, DevOps / Cloud, Data / ML / AI, Security, QA / Testing, Technical Management, UX / Product Design"
National University of Architecture and Construction of Armenia,Informatics (Computer Science),Master,SAP Materials Management,4,"Software Engineering, Hardware / Embedded, IT Support / Admin / ERP, DevOps / Cloud, Data / ML / AI, Security, QA / Testing, Technical Management, UX / Product Design"
National University of Architecture and Construction of Armenia,Informatics (Computer Science),Master,AI Tools,4,"Software Engineering, Hardware / Embedded, IT Support / Admin / ERP, DevOps / Cloud, Data / ML / AI, Security, QA / Testing, Technical Management, UX / Product Design"
National University of Architecture and Construction of Armenia,Informatics (Computer Science),Master,Memory BIST (MBIST),2,"Software Engineering, Hardware / Embedded, IT Support / Admin / ERP, DevOps / Cloud, Data / ML / AI, Security, QA / Testing, Technical Management, UX / Product Design"
National University of Architecture and Construction of Armenia,Informatics (Computer Science),Master,Intrusion Detection System/Intrusion Prevention System,1,"Software Engineering, Hardware / Embedded, IT Support / Admin / ERP, DevOps / Cloud, Data / ML / AI, Security, QA / Testing, Technical Management, UX / Product Design"
National University of Architecture and Construction of Armenia,Informatics (Computer Science),Master,Generative AI,15,"Software Engineering, Hardware / Embedded, IT Support / Admin / ERP, DevOps / Cloud, Data / ML / AI, Security, QA / Testing, Technical Management, UX / Product Design"
National University of Architecture and Construction of Armenia,Informatics (Computer Science),Master,Component Libraries,2,"Software Engineering, Hardware / Embedded, IT Support / Admin / ERP, DevOps / Cloud, Data / ML / AI, Security, QA / Testing, Technical Management, UX / Product Design"
National University of Architecture and Construction of Armenia,Informatics (Computer Science),Master,Security Information and Event Management (SIEM),3,"Software Engineering, Hardware / Embedded, IT Support / Admin / ERP, DevOps / Cloud, Data / ML / AI, Security, QA / Testing, Technical Management, UX / Product Design"
National University of Architecture and Construction of Armenia,Informatics (Computer Science),Master,Serial Digital Interface (SDI),2,"Software Engineering, Hardware / Embedded, IT Support / Admin / ERP, DevOps / Cloud, Data / ML / AI, Security, QA / Testing, Technical Management, UX / Product Design"
National University of Architecture and Construction of Armenia,Informatics (Computer Science),Master,SAP Retail,3,"Software Engineering, Hardware / Embedded, IT Support / Admin / ERP, DevOps / Cloud, Data / ML / AI, Security, QA / Testing, Technical Management, UX / Product Design"
National University of Architecture and Construction of Armenia,Informatics (Computer Science),Master,Microsoft Intune,1,"Software Engineering, Hardware / Embedded, IT Support / Admin / ERP, DevOps / Cloud, Data / ML / AI, Security, QA / Testing, Technical Management, UX / Product Design"
National University of Architecture and Construction of Armenia,Informatics (Computer Science),Master,IT Infrastructure,3,"Software Engineering, Hardware / Embedded, IT Support / Admin / ERP, DevOps / Cloud, Data / ML / AI, Security, QA / Testing, Technical Management, UX / Product Design"
National University of Architecture and Construction of Armenia,Informatics (Computer Science),Master,Full-Stack Development,9,"Software Engineering, Hardware / Embedded, IT Support / Admin / ERP, DevOps / Cloud, Data / ML / AI, Security, QA / Testing, Technical Management, UX / Product Design"
National University of Architecture and Construction of Armenia,Informatics (Computer Science),Master,Microservices,47,"Software Engineering, Hardware / Embedded, IT Support / Admin / ERP, DevOps / Cloud, Data / ML / AI, Security, QA / Testing, Technical Management, UX / Product Design"
National University of Architecture and Construction of Armenia,Informatics (Computer Science),Master,UX Design,8,"Software Engineering, Hardware / Embedded, IT Support / Admin / ERP, DevOps / Cloud, Data / ML / AI, Security, QA / Testing, Technical Management, UX / Product Design"
National University of Architecture and Construction of Armenia,Informatics (Computer Science),Master,Kubernetes,41,"Software Engineering, Hardware / Embedded, IT Support / Admin / ERP, DevOps / Cloud, Data / ML / AI, Security, QA / Testing, Technical Management, UX / Product Design"
National University of Architecture and Construction of Armenia,Informatics (Computer Science),Master,CodeQL,1,"Software Engineering, Hardware / Embedded, IT Support / Admin / ERP, DevOps / Cloud, Data / ML / AI, Security, QA / Testing, Technical Management, UX / Product Design"
National University of Architecture and Construction of Armenia,Informatics (Computer Science),Master,Playwright,15,"Software Engineering, Hardware / Embedded, IT Support / Admin / ERP, DevOps / Cloud, Data / ML / AI, Security, QA / Testing, Technical Management, UX / Product Design"
National University of Architecture and Construction of Armenia,Informatics (Computer Science),Master,Metasploit,1,"Software Engineering, Hardware / Embedded, IT Support / Admin / ERP, DevOps / Cloud, Data / ML / AI, Security, QA / Testing, Technical Management, UX / Product Design"
National University of Architecture and Construction of Armenia,Informatics (Computer Science),Master,Circuit Breakers,1,"Software Engineering, Hardware / Embedded, IT Support / Admin / ERP, DevOps / Cloud, Data / ML / AI, Security, QA / Testing, Technical Management, UX / Product Design"
National University of Architecture and Construction of Armenia,Informatics (Computer Science),Master,VLSI Design,5,"Software Engineering, Hardware / Embedded, IT Support / Admin / ERP, DevOps / Cloud, Data / ML / AI, Security, QA / Testing, Technical Management, UX / Product Design"
National University of Architecture and Construction of Armenia,Informatics (Computer Science),Master,Endpoint Detection and Response/Extended Detection and Response,1,"Software Engineering, Hardware / Embedded, IT Support / Admin / ERP, DevOps / Cloud, Data / ML / AI, Security, QA / Testing, Technical Management, UX / Product Design"
National University of Architecture and Construction of Armenia,Informatics (Computer Science),Master,A/B Testing,20,"Software Engineering, Hardware / Embedded, IT Support / Admin / ERP, DevOps / Cloud, Data / ML / AI, Security, QA / Testing, Technical Management, UX / Product Design"
National University of Architecture and Construction of Armenia,Informatics (Computer Science),Master,Adobe XD,2,"Software Engineering, Hardware / Embedded, IT Support / Admin / ERP, DevOps / Cloud, Data / ML / AI, Security, QA / Testing, Technical Management, UX / Product Design"
National University of Architecture and Construction of Armenia,Informatics (Computer Science),Master,Adobe Creative Suite,1,"Software Engineering, Hardware / Embedded, IT Support / Admin / ERP, DevOps / Cloud, Data / ML / AI, Security, QA / Testing, Technical Management, UX / Product Design"
National University of Architecture and Construction of Armenia,Informatics (Computer Science),Master,Equipment Maintenance,2,"Software Engineering, Hardware / Embedded, IT Support / Admin / ERP, DevOps / Cloud, Data / ML / AI, Security, QA / Testing, Technical Management, UX / Product Design"
National University of Architecture and Construction of Armenia,Informatics (Computer Science),Master,Patch Panel Configuration,4,"Software Engineering, Hardware / Embedded, IT Support / Admin / ERP, DevOps / Cloud, Data / ML / AI, Security, QA / Testing, Technical Management, UX / Product Design"
National University of Architecture and Construction of Armenia,Informatics (Computer Science),Master,Prompt Engineering,7,"Software Engineering, Hardware / Embedded, IT Support / Admin / ERP, DevOps / Cloud, Data / ML / AI, Security, QA / Testing, Technical Management, UX / Product Design"
National University of Architecture and Construction of Armenia,Informatics (Computer Science),Master,CSS3,6,"Software Engineering, Hardware / Embedded, IT Support / Admin / ERP, DevOps / Cloud, Data / ML / AI, Security, QA / Testing, Technical Management, UX / Product Design"
National University of Architecture and Construction of Armenia,Informatics (Computer Science),Master,Power BI,12,"Software Engineering, Hardware / Embedded, IT Support / Admin / ERP, DevOps / Cloud, Data / ML / AI, Security, QA / Testing, Technical Management, UX / Product Design"
National University of Architecture and Construction of Armenia,Informatics (Computer Science),Master,DALL·E,1,"Software Engineering, Hardware / Embedded, IT Support / Admin / ERP, DevOps / Cloud, Data / ML / AI, Security, QA / Testing, Technical Management, UX / Product Design"
National University of Architecture and Construction of Armenia,Informatics (Computer Science),Master,.NET,29,"Software Engineering, Hardware / Embedded, IT Support / Admin / ERP, DevOps / Cloud, Data / ML / AI, Security, QA / Testing, Technical Management, UX / Product Design"
National University of Architecture and Construction of Armenia,Informatics (Computer Science),Master,Secure Sdlc Practices,1,"Software Engineering, Hardware / Embedded, IT Support / Admin / ERP, DevOps / Cloud, Data / ML / AI, Security, QA / Testing, Technical Management, UX / Product Design"
National University of Architecture and Construction of Armenia,Informatics (Computer Science),Master,GitHub Advanced Security,1,"Software Engineering, Hardware / Embedded, IT Support / Admin / ERP, DevOps / Cloud, Data / ML / AI, Security, QA / Testing, Technical Management, UX / Product Design"
National University of Architecture and Construction of Armenia,Informatics (Computer Science),Master,UVM,2,"Software Engineering, Hardware / Embedded, IT Support / Admin / ERP, DevOps / Cloud, Data / ML / AI, Security, QA / Testing, Technical Management, UX / Product Design"
National University of Architecture and Construction of Armenia,Informatics (Computer Science),Master,Windows 10/11,1,"Software Engineering, Hardware / Embedded, IT Support / Admin / ERP, DevOps / Cloud, Data / ML / AI, Security, QA / Testing, Technical Management, UX / Product Design"
National University of Architecture and Construction of Armenia,Informatics (Computer Science),Master,App Store,1,"Software Engineering, Hardware / Embedded, IT Support / Admin / ERP, DevOps / Cloud, Data / ML / AI, Security, QA / Testing, Technical Management, UX / Product Design"
National University of Architecture and Construction of Armenia,Informatics (Computer Science),Master,Synthesis,4,"Software Engineering, Hardware / Embedded, IT Support / Admin / ERP, DevOps / Cloud, Data / ML / AI, Security, QA / Testing, Technical Management, UX / Product Design"
National University of Architecture and Construction of Armenia,Informatics (Computer Science),Master,API Access Management,1,"Software Engineering, Hardware / Embedded, IT Support / Admin / ERP, DevOps / Cloud, Data / ML / AI, Security, QA / Testing, Technical Management, UX / Product Design"
National University of Architecture and Construction of Armenia,Informatics (Computer Science),Master,Design Rule Check (DRC),3,"Software Engineering, Hardware / Embedded, IT Support / Admin / ERP, DevOps / Cloud, Data / ML / AI, Security, QA / Testing, Technical Management, UX / Product Design"
National University of Architecture and Construction of Armenia,Informatics (Computer Science),Master,SAP FICO,6,"Software Engineering, Hardware / Embedded, IT Support / Admin / ERP, DevOps / Cloud, Data / ML / AI, Security, QA / Testing, Technical Management, UX / Product Design"
National University of Architecture and Construction of Armenia,Informatics (Computer Science),Master,Group Policy,1,"Software Engineering, Hardware / Embedded, IT Support / Admin / ERP, DevOps / Cloud, Data / ML / AI, Security, QA / Testing, Technical Management, UX / Product Design"
National University of Architecture and Construction of Armenia,Informatics (Computer Science),Master,Analytics,6,"Software Engineering, Hardware / Embedded, IT Support / Admin / ERP, DevOps / Cloud, Data / ML / AI, Security, QA / Testing, Technical Management, UX / Product Design"
National University of Architecture and Construction of Armenia,Informatics (Computer Science),Master,Project Based Learning,4,"Software Engineering, Hardware / Embedded, IT Support / Admin / ERP, DevOps / Cloud, Data / ML / AI, Security, QA / Testing, Technical Management, UX / Product Design"
National University of Architecture and Construction of Armenia,Informatics (Computer Science),Master,Design for Testability (DFT),9,"Software Engineering, Hardware / Embedded, IT Support / Admin / ERP, DevOps / Cloud, Data / ML / AI, Security, QA / Testing, Technical Management, UX / Product Design"
National University of Architecture and Construction of Armenia,Informatics (Computer Science),Master,Okta,5,"Software Engineering, Hardware / Embedded, IT Support / Admin / ERP, DevOps / Cloud, Data / ML / AI, Security, QA / Testing, Technical Management, UX / Product Design"
National University of Architecture and Construction of Armenia,Informatics (Computer Science),Master,pytest,5,"Software Engineering, Hardware / Embedded, IT Support / Admin / ERP, DevOps / Cloud, Data / ML / AI, Security, QA / Testing, Technical Management, UX / Product Design"
National University of Architecture and Construction of Armenia,Informatics (Computer Science),Master,Microsoft Project,3,"Software Engineering, Hardware / Embedded, IT Support / Admin / ERP, DevOps / Cloud, Data / ML / AI, Security, QA / Testing, Technical Management, UX / Product Design"
National University of Architecture and Construction of Armenia,Informatics (Computer Science),Master,App Preview Video,1,"Software Engineering, Hardware / Embedded, IT Support / Admin / ERP, DevOps / Cloud, Data / ML / AI, Security, QA / Testing, Technical Management, UX / Product Design"
National University of Architecture and Construction of Armenia,Informatics (Computer Science),Master,Video Surveillance Systems,2,"Software Engineering, Hardware / Embedded, IT Support / Admin / ERP, DevOps / Cloud, Data / ML / AI, Security, QA / Testing, Technical Management, UX / Product Design"
National University of Architecture and Construction of Armenia,Informatics (Computer Science),Master,Chroma Keying,2,"Software Engineering, Hardware / Embedded, IT Support / Admin / ERP, DevOps / Cloud, Data / ML / AI, Security, QA / Testing, Technical Management, UX / Product Design"
National University of Architecture and Construction of Armenia,Informatics (Computer Science),Master,Interaction Design,4,"Software Engineering, Hardware / Embedded, IT Support / Admin / ERP, DevOps / Cloud, Data / ML / AI, Security, QA / Testing, Technical Management, UX / Product Design"
National University of Architecture and Construction of Armenia,Informatics (Computer Science),Master,Figma,17,"Software Engineering, Hardware / Embedded, IT Support / Admin / ERP, DevOps / Cloud, Data / ML / AI, Security, QA / Testing, Technical Management, UX / Product Design"
National University of Architecture and Construction of Armenia,Informatics (Computer Science),Master,Safety Procedures,2,"Software Engineering, Hardware / Embedded, IT Support / Admin / ERP, DevOps / Cloud, Data / ML / AI, Security, QA / Testing, Technical Management, UX / Product Design"
National University of Architecture and Construction of Armenia,Informatics (Computer Science),Master,Okta Universal Directory,2,"Software Engineering, Hardware / Embedded, IT Support / Admin / ERP, DevOps / Cloud, Data / ML / AI, Security, QA / Testing, Technical Management, UX / Product Design"
National University of Architecture and Construction of Armenia,Informatics (Computer Science),Master,DevSecOps,2,"Software Engineering, Hardware / Embedded, IT Support / Admin / ERP, DevOps / Cloud, Data / ML / AI, Security, QA / Testing, Technical Management, UX / Product Design"
National University of Architecture and Construction of Armenia,Informatics (Computer Science),Master,Dashboard Development,9,"Software Engineering, Hardware / Embedded, IT Support / Admin / ERP, DevOps / Cloud, Data / ML / AI, Security, QA / Testing, Technical Management, UX / Product Design"
National University of Architecture and Construction of Armenia,Informatics (Computer Science),Master,App Store Optimization,1,"Software Engineering, Hardware / Embedded, IT Support / Admin / ERP, DevOps / Cloud, Data / ML / AI, Security, QA / Testing, Technical Management, UX / Product Design"
National University of Architecture and Construction of Armenia,Informatics (Computer Science),Master,Test Case Design,4,"Software Engineering, Hardware / Embedded, IT Support / Admin / ERP, DevOps / Cloud, Data / ML / AI, Security, QA / Testing, Technical Management, UX / Product Design"
National University of Architecture and Construction of Armenia,Informatics (Computer Science),Master,ASP.NET Core,18,"Software Engineering, Hardware / Embedded, IT Support / Admin / ERP, DevOps / Cloud, Data / ML / AI, Security, QA / Testing, Technical Management, UX / Product Design"
National University of Architecture and Construction of Armenia,Informatics (Computer Science),Master,Circuit Board Layout,2,"Software Engineering, Hardware / Embedded, IT Support / Admin / ERP, DevOps / Cloud, Data / ML / AI, Security, QA / Testing, Technical Management, UX / Product Design"
National University of Architecture and Construction of Armenia,Informatics (Computer Science),Master,Static Application Security Testing (SAST),1,"Software Engineering, Hardware / Embedded, IT Support / Admin / ERP, DevOps / Cloud, Data / ML / AI, Security, QA / Testing, Technical Management, UX / Product Design"
National University of Architecture and Construction of Armenia,Informatics (Computer Science),Master,PowerShell,6,"Software Engineering, Hardware / Embedded, IT Support / Admin / ERP, DevOps / Cloud, Data / ML / AI, Security, QA / Testing, Technical Management, UX / Product Design"
National University of Architecture and Construction of Armenia,Informatics (Computer Science),Master,Windows Server,4,"Software Engineering, Hardware / Embedded, IT Support / Admin / ERP, DevOps / Cloud, Data / ML / AI, Security, QA / Testing, Technical Management, UX / Product Design"
National University of Architecture and Construction of Armenia,Informatics (Computer Science),Master,ABAP,8,"Software Engineering, Hardware / Embedded, IT Support / Admin / ERP, DevOps / Cloud, Data / ML / AI, Security, QA / Testing, Technical Management, UX / Product Design"
National University of Architecture and Construction of Armenia,Informatics (Computer Science),Master,App Icon Design,1,"Software Engineering, Hardware / Embedded, IT Support / Admin / ERP, DevOps / Cloud, Data / ML / AI, Security, QA / Testing, Technical Management, UX / Product Design"
National University of Architecture and Construction of Armenia,Informatics (Computer Science),Master,Active Directory,7,"Software Engineering, Hardware / Embedded, IT Support / Admin / ERP, DevOps / Cloud, Data / ML / AI, Security, QA / Testing, Technical Management, UX / Product Design"
National University of Architecture and Construction of Armenia,Informatics (Computer Science),Master,Clock Tree Synthesis,5,"Software Engineering, Hardware / Embedded, IT Support / Admin / ERP, DevOps / Cloud, Data / ML / AI, Security, QA / Testing, Technical Management, UX / Product Design"
National University of Architecture and Construction of Armenia,Informatics (Computer Science),Master,VMware,7,"Software Engineering, Hardware / Embedded, IT Support / Admin / ERP, DevOps / Cloud, Data / ML / AI, Security, QA / Testing, Technical Management, UX / Product Design"
National University of Architecture and Construction of Armenia,Informatics (Computer Science),Master,SAP S/4HANA,15,"Software Engineering, Hardware / Embedded, IT Support / Admin / ERP, DevOps / Cloud, Data / ML / AI, Security, QA / Testing, Technical Management, UX / Product Design"
National University of Architecture and Construction of Armenia,Informatics (Computer Science),Master,Adobe Creative Cloud,1,"Software Engineering, Hardware / Embedded, IT Support / Admin / ERP, DevOps / Cloud, Data / ML / AI, Security, QA / Testing, Technical Management, UX / Product Design"
National University of Architecture and Construction of Armenia,Informatics (Computer Science),Master,Mobile Application Testing,6,"Software Engineering, Hardware / Embedded, IT Support / Admin / ERP, DevOps / Cloud, Data / ML / AI, Security, QA / Testing, Technical Management, UX / Product Design"
National University of Architecture and Construction of Armenia,Informatics (Computer Science),Master,Electrical Systems,2,"Software Engineering, Hardware / Embedded, IT Support / Admin / ERP, DevOps / Cloud, Data / ML / AI, Security, QA / Testing, Technical Management, UX / Product Design"
National University of Architecture and Construction of Armenia,Informatics (Computer Science),Master,Curriculum Development,3,"Software Engineering, Hardware / Embedded, IT Support / Admin / ERP, DevOps / Cloud, Data / ML / AI, Security, QA / Testing, Technical Management, UX / Product Design"
National University of Architecture and Construction of Armenia,Informatics (Computer Science),Master,Microsoft Azure,27,"Software Engineering, Hardware / Embedded, IT Support / Admin / ERP, DevOps / Cloud, Data / ML / AI, Security, QA / Testing, Technical Management, UX / Product Design"
National University of Architecture and Construction of Armenia,Informatics (Computer Science),Master,Bash,9,"Software Engineering, Hardware / Embedded, IT Support / Admin / ERP, DevOps / Cloud, Data / ML / AI, Security, QA / Testing, Technical Management, UX / Product Design"
National University of Architecture and Construction of Armenia,Informatics (Computer Science),Master,Azure DevOps,9,"Software Engineering, Hardware / Embedded, IT Support / Admin / ERP, DevOps / Cloud, Data / ML / AI, Security, QA / Testing, Technical Management, UX / Product Design"
National University of Architecture and Construction of Armenia,Informatics (Computer Science),Master,Layout Versus Schematic (LVS),3,"Software Engineering, Hardware / Embedded, IT Support / Admin / ERP, DevOps / Cloud, Data / ML / AI, Security, QA / Testing, Technical Management, UX / Product Design"
National University of Architecture and Construction of Armenia,Informatics (Computer Science),Master,SystemVerilog,5,"Software Engineering, Hardware / Embedded, IT Support / Admin / ERP, DevOps / Cloud, Data / ML / AI, Security, QA / Testing, Technical Management, UX / Product Design"
National University of Architecture and Construction of Armenia,Informatics (Computer Science),Master,Single Sign-On,3,"Software Engineering, Hardware / Embedded, IT Support / Admin / ERP, DevOps / Cloud, Data / ML / AI, Security, QA / Testing, Technical Management, UX / Product Design"
National University of Architecture and Construction of Armenia,Informatics (Computer Science),Master,Tableau,8,"Software Engineering, Hardware / Embedded, IT Support / Admin / ERP, DevOps / Cloud, Data / ML / AI, Security, QA / Testing, Technical Management, UX / Product Design"
National University of Architecture and Construction of Armenia,Informatics (Computer Science),Master,SDC,5,"Software Engineering, Hardware / Embedded, IT Support / Admin / ERP, DevOps / Cloud, Data / ML / AI, Security, QA / Testing, Technical Management, UX / Product Design"
National University of Architecture and Construction of Armenia,Informatics (Computer Science),Master,Operating System Support,3,"Software Engineering, Hardware / Embedded, IT Support / Admin / ERP, DevOps / Cloud, Data / ML / AI, Security, QA / Testing, Technical Management, UX / Product Design"
National University of Architecture and Construction of Armenia,Informatics (Computer Science),Master,Fortinet,1,"Software Engineering, Hardware / Embedded, IT Support / Admin / ERP, DevOps / Cloud, Data / ML / AI, Security, QA / Testing, Technical Management, UX / Product Design"
National University of Architecture and Construction of Armenia,Informatics (Computer Science),Master,ELK Stack,1,"Software Engineering, Hardware / Embedded, IT Support / Admin / ERP, DevOps / Cloud, Data / ML / AI, Security, QA / Testing, Technical Management, UX / Product Design"
National University of Architecture and Construction of Armenia,Informatics (Computer Science),Master,CCTV Systems,2,"Software Engineering, Hardware / Embedded, IT Support / Admin / ERP, DevOps / Cloud, Data / ML / AI, Security, QA / Testing, Technical Management, UX / Product Design"
National University of Architecture and Construction of Armenia,Informatics (Computer Science),Master,Virtual Private Network,4,"Software Engineering, Hardware / Embedded, IT Support / Admin / ERP, DevOps / Cloud, Data / ML / AI, Security, QA / Testing, Technical Management, UX / Product Design"
National University of Architecture and Construction of Armenia,Informatics (Computer Science),Master,Single Page Application,2,"Software Engineering, Hardware / Embedded, IT Support / Admin / ERP, DevOps / Cloud, Data / ML / AI, Security, QA / Testing, Technical Management, UX / Product Design"
National University of Architecture and Construction of Armenia,Informatics (Computer Science),Master,Large Language Models,37,"Software Engineering, Hardware / Embedded, IT Support / Admin / ERP, DevOps / Cloud, Data / ML / AI, Security, QA / Testing, Technical Management, UX / Product Design"
National University of Architecture and Construction of Armenia,Informatics (Computer Science),Master,Jenkins,15,"Software Engineering, Hardware / Embedded, IT Support / Admin / ERP, DevOps / Cloud, Data / ML / AI, Security, QA / Testing, Technical Management, UX / Product Design"
National University of Architecture and Construction of Armenia,Informatics (Computer Science),Master,Adobe Photoshop,3,"Software Engineering, Hardware / Embedded, IT Support / Admin / ERP, DevOps / Cloud, Data / ML / AI, Security, QA / Testing, Technical Management, UX / Product Design"
National University of Architecture and Construction of Armenia,Informatics (Computer Science),Master,Calibre DRC,2,"Software Engineering, Hardware / Embedded, IT Support / Admin / ERP, DevOps / Cloud, Data / ML / AI, Security, QA / Testing, Technical Management, UX / Product Design"
National University of Architecture and Construction of Armenia,Informatics (Computer Science),Master,Grafana,10,"Software Engineering, Hardware / Embedded, IT Support / Admin / ERP, DevOps / Cloud, Data / ML / AI, Security, QA / Testing, Technical Management, UX / Product Design"
National University of Architecture and Construction of Armenia,Informatics (Computer Science),Master,Identity and Access Management,6,"Software Engineering, Hardware / Embedded, IT Support / Admin / ERP, DevOps / Cloud, Data / ML / AI, Security, QA / Testing, Technical Management, UX / Product Design"
National University of Architecture and Construction of Armenia,Informatics (Computer Science),Master,ISO 27001,1,"Software Engineering, Hardware / Embedded, IT Support / Admin / ERP, DevOps / Cloud, Data / ML / AI, Security, QA / Testing, Technical Management, UX / Product Design"
National University of Architecture and Construction of Armenia,Informatics (Computer Science),Master,Python,173,"Software Engineering, Hardware / Embedded, IT Support / Admin / ERP, DevOps / Cloud, Data / ML / AI, Security, QA / Testing, Technical Management, UX / Product Design"
National University of Architecture and Construction of Armenia,Informatics (Computer Science),Master,TCP/IP,9,"Software Engineering, Hardware / Embedded, IT Support / Admin / ERP, DevOps / Cloud, Data / ML / AI, Security, QA / Testing, Technical Management, UX / Product Design"
National University of Architecture and Construction of Armenia,Informatics (Computer Science),Master,Splunk,1,"Software Engineering, Hardware / Embedded, IT Support / Admin / ERP, DevOps / Cloud, Data / ML / AI, Security, QA / Testing, Technical Management, UX / Product Design"
National University of Architecture and Construction of Armenia,Informatics (Computer Science),Master,Mobile-First Design,1,"Software Engineering, Hardware / Embedded, IT Support / Admin / ERP, DevOps / Cloud, Data / ML / AI, Security, QA / Testing, Technical Management, UX / Product Design"
National University of Architecture and Construction of Armenia,Informatics (Computer Science),Master,Adobe Illustrator,2,"Software Engineering, Hardware / Embedded, IT Support / Admin / ERP, DevOps / Cloud, Data / ML / AI, Security, QA / Testing, Technical Management, UX / Product Design"
National University of Architecture and Construction of Armenia,Informatics (Computer Science),Master,Power Performance Area (PPA) Optimization,2,"Software Engineering, Hardware / Embedded, IT Support / Admin / ERP, DevOps / Cloud, Data / ML / AI, Security, QA / Testing, Technical Management, UX / Product Design"
National University of Architecture and Construction of Armenia,Informatics (Computer Science),Master,Burp Suite,1,"Software Engineering, Hardware / Embedded, IT Support / Admin / ERP, DevOps / Cloud, Data / ML / AI, Security, QA / Testing, Technical Management, UX / Product Design"
National University of Architecture and Construction of Armenia,Informatics (Computer Science),Master,Equipment Installation,2,"Software Engineering, Hardware / Embedded, IT Support / Admin / ERP, DevOps / Cloud, Data / ML / AI, Security, QA / Testing, Technical Management, UX / Product Design"
National University of Architecture and Construction of Armenia,Informatics (Computer Science),Master,LDAP,5,"Software Engineering, Hardware / Embedded, IT Support / Admin / ERP, DevOps / Cloud, Data / ML / AI, Security, QA / Testing, Technical Management, UX / Product Design"
National University of Architecture and Construction of Armenia,Informatics (Computer Science),Master,HDMI,2,"Software Engineering, Hardware / Embedded, IT Support / Admin / ERP, DevOps / Cloud, Data / ML / AI, Security, QA / Testing, Technical Management, UX / Product Design"
National University of Architecture and Construction of Armenia,Informatics (Computer Science),Master,Application Security,2,"Software Engineering, Hardware / Embedded, IT Support / Admin / ERP, DevOps / Cloud, Data / ML / AI, Security, QA / Testing, Technical Management, UX / Product Design"
National University of Architecture and Construction of Armenia,Informatics (Computer Science),Master,Floorplanning,4,"Software Engineering, Hardware / Embedded, IT Support / Admin / ERP, DevOps / Cloud, Data / ML / AI, Security, QA / Testing, Technical Management, UX / Product Design"
National University of Architecture and Construction of Armenia,Informatics (Computer Science),Master,Datadog,5,"Software Engineering, Hardware / Embedded, IT Support / Admin / ERP, DevOps / Cloud, Data / ML / AI, Security, QA / Testing, Technical Management, UX / Product Design"
National University of Architecture and Construction of Armenia,Informatics (Computer Science),Master,Cisco,2,"Software Engineering, Hardware / Embedded, IT Support / Admin / ERP, DevOps / Cloud, Data / ML / AI, Security, QA / Testing, Technical Management, UX / Product Design"
National University of Architecture and Construction of Armenia,Informatics (Computer Science),Master,Account Management,2,"Software Engineering, Hardware / Embedded, IT Support / Admin / ERP, DevOps / Cloud, Data / ML / AI, Security, QA / Testing, Technical Management, UX / Product Design"
National University of Architecture and Construction of Armenia,Informatics (Computer Science),Master,Angular,20,"Software Engineering, Hardware / Embedded, IT Support / Admin / ERP, DevOps / Cloud, Data / ML / AI, Security, QA / Testing, Technical Management, UX / Product Design"
National University of Architecture and Construction of Armenia,Informatics (Computer Science),Master,ABAP Core Data Services,3,"Software Engineering, Hardware / Embedded, IT Support / Admin / ERP, DevOps / Cloud, Data / ML / AI, Security, QA / Testing, Technical Management, UX / Product Design"
National University of Architecture and Construction of Armenia,Informatics (Computer Science),Master,CSS,23,"Software Engineering, Hardware / Embedded, IT Support / Admin / ERP, DevOps / Cloud, Data / ML / AI, Security, QA / Testing, Technical Management, UX / Product Design"
National University of Architecture and Construction of Armenia,Informatics (Computer Science),Master,Cybersecurity,2,"Software Engineering, Hardware / Embedded, IT Support / Admin / ERP, DevOps / Cloud, Data / ML / AI, Security, QA / Testing, Technical Management, UX / Product Design"
National University of Architecture and Construction of Armenia,Informatics (Computer Science),Master,Bug Bounty Programs,1,"Software Engineering, Hardware / Embedded, IT Support / Admin / ERP, DevOps / Cloud, Data / ML / AI, Security, QA / Testing, Technical Management, UX / Product Design"
National University of Architecture and Construction of Armenia,Informatics (Computer Science),Master,Compliance,4,"Software Engineering, Hardware / Embedded, IT Support / Admin / ERP, DevOps / Cloud, Data / ML / AI, Security, QA / Testing, Technical Management, UX / Product Design"
National University of Architecture and Construction of Armenia,Informatics (Computer Science),Master,IT Governance,1,"Software Engineering, Hardware / Embedded, IT Support / Admin / ERP, DevOps / Cloud, Data / ML / AI, Security, QA / Testing, Technical Management, UX / Product Design"
National University of Architecture and Construction of Armenia,Informatics (Computer Science),Master,Broadcast Equipment,2,"Software Engineering, Hardware / Embedded, IT Support / Admin / ERP, DevOps / Cloud, Data / ML / AI, Security, QA / Testing, Technical Management, UX / Product Design"
National University of Architecture and Construction of Armenia,Informatics (Computer Science),Master,Hardware Troubleshooting,6,"Software Engineering, Hardware / Embedded, IT Support / Admin / ERP, DevOps / Cloud, Data / ML / AI, Security, QA / Testing, Technical Management, UX / Product Design"
National University of Architecture and Construction of Armenia,Informatics (Computer Science),Master,Low-Latency Systems,2,"Software Engineering, Hardware / Embedded, IT Support / Admin / ERP, DevOps / Cloud, Data / ML / AI, Security, QA / Testing, Technical Management, UX / Product Design"
National University of Architecture and Construction of Armenia,Informatics (Computer Science),Master,"GRC (Governance, Risk & Compliance)",1,"Software Engineering, Hardware / Embedded, IT Support / Admin / ERP, DevOps / Cloud, Data / ML / AI, Security, QA / Testing, Technical Management, UX / Product Design"
National University of Architecture and Construction of Armenia,Informatics (Computer Science),Master,Formal Verification,5,"Software Engineering, Hardware / Embedded, IT Support / Admin / ERP, DevOps / Cloud, Data / ML / AI, Security, QA / Testing, Technical Management, UX / Product Design"
National University of Architecture and Construction of Armenia,Informatics (Computer Science),Master,Verilog,2,"Software Engineering, Hardware / Embedded, IT Support / Admin / ERP, DevOps / Cloud, Data / ML / AI, Security, QA / Testing, Technical Management, UX / Product Design"
National University of Architecture and Construction of Armenia,Informatics (Computer Science),Master,Retrieval-Augmented Generation,12,"Software Engineering, Hardware / Embedded, IT Support / Admin / ERP, DevOps / Cloud, Data / ML / AI, Security, QA / Testing, Technical Management, UX / Product Design"
National University of Architecture and Construction of Armenia,Informatics (Computer Science),Master,SAP Configuration,8,"Software Engineering, Hardware / Embedded, IT Support / Admin / ERP, DevOps / Cloud, Data / ML / AI, Security, QA / Testing, Technical Management, UX / Product Design"
National University of Architecture and Construction of Armenia,Informatics (Computer Science),Master,RTL Design,6,"Software Engineering, Hardware / Embedded, IT Support / Admin / ERP, DevOps / Cloud, Data / ML / AI, Security, QA / Testing, Technical Management, UX / Product Design"
National University of Architecture and Construction of Armenia,Informatics (Computer Science),Master,Ansible,5,"Software Engineering, Hardware / Embedded, IT Support / Admin / ERP, DevOps / Cloud, Data / ML / AI, Security, QA / Testing, Technical Management, UX / Product Design"
National University of Architecture and Construction of Armenia,Informatics (Computer Science),Master,Backend Development,25,"Software Engineering, Hardware / Embedded, IT Support / Admin / ERP, DevOps / Cloud, Data / ML / AI, Security, QA / Testing, Technical Management, UX / Product Design"
National University of Architecture and Construction of Armenia,Informatics (Computer Science),Master,Tcl,15,"Software Engineering, Hardware / Embedded, IT Support / Admin / ERP, DevOps / Cloud, Data / ML / AI, Security, QA / Testing, Technical Management, UX / Product Design"
National University of Architecture and Construction of Armenia,Informatics (Computer Science),Master,Mobile Application Design,1,"Software Engineering, Hardware / Embedded, IT Support / Admin / ERP, DevOps / Cloud, Data / ML / AI, Security, QA / Testing, Technical Management, UX / Product Design"
National University of Architecture and Construction of Armenia,Informatics (Computer Science),Master,Selenium,11,"Software Engineering, Hardware / Embedded, IT Support / Admin / ERP, DevOps / Cloud, Data / ML / AI, Security, QA / Testing, Technical Management, UX / Product Design"
National University of Architecture and Construction of Armenia,Informatics (Computer Science),Master,E-Commerce,1,"Software Engineering, Hardware / Embedded, IT Support / Admin / ERP, DevOps / Cloud, Data / ML / AI, Security, QA / Testing, Technical Management, UX / Product Design"
National University of Architecture and Construction of Armenia,Informatics (Computer Science),Master,ASIC Design,13,"Software Engineering, Hardware / Embedded, IT Support / Admin / ERP, DevOps / Cloud, Data / ML / AI, Security, QA / Testing, Technical Management, UX / Product Design"
National University of Architecture and Construction of Armenia,Informatics (Computer Science),Master,NGFW Firewalls,1,"Software Engineering, Hardware / Embedded, IT Support / Admin / ERP, DevOps / Cloud, Data / ML / AI, Security, QA / Testing, Technical Management, UX / Product Design"
National University of Architecture and Construction of Armenia,Informatics (Computer Science),Master,Microsoft System Center Configuration Manager,1,"Software Engineering, Hardware / Embedded, IT Support / Admin / ERP, DevOps / Cloud, Data / ML / AI, Security, QA / Testing, Technical Management, UX / Product Design"
National University of Architecture and Construction of Armenia,Informatics (Computer Science),Master,Privilege Escalation,1,"Software Engineering, Hardware / Embedded, IT Support / Admin / ERP, DevOps / Cloud, Data / ML / AI, Security, QA / Testing, Technical Management, UX / Product Design"
National University of Architecture and Construction of Armenia,Informatics (Computer Science),Master,Usability Testing,4,"Software Engineering, Hardware / Embedded, IT Support / Admin / ERP, DevOps / Cloud, Data / ML / AI, Security, QA / Testing, Technical Management, UX / Product Design"
National University of Architecture and Construction of Armenia,Informatics (Computer Science),Master,Competitor Analysis,1,"Software Engineering, Hardware / Embedded, IT Support / Admin / ERP, DevOps / Cloud, Data / ML / AI, Security, QA / Testing, Technical Management, UX / Product Design"
National University of Architecture and Construction of Armenia,Informatics (Computer Science),Master,DevOps,16,"Software Engineering, Hardware / Embedded, IT Support / Admin / ERP, DevOps / Cloud, Data / ML / AI, Security, QA / Testing, Technical Management, UX / Product Design"
National University of Architecture and Construction of Armenia,Informatics (Computer Science),Master,Web and Mobile Design,1,"Software Engineering, Hardware / Embedded, IT Support / Admin / ERP, DevOps / Cloud, Data / ML / AI, Security, QA / Testing, Technical Management, UX / Product Design"
National University of Architecture and Construction of Armenia,Informatics (Computer Science),Master,Jira,19,"Software Engineering, Hardware / Embedded, IT Support / Admin / ERP, DevOps / Cloud, Data / ML / AI, Security, QA / Testing, Technical Management, UX / Product Design"
National University of Architecture and Construction of Armenia,Informatics (Computer Science),Master,Print Design,1,"Software Engineering, Hardware / Embedded, IT Support / Admin / ERP, DevOps / Cloud, Data / ML / AI, Security, QA / Testing, Technical Management, UX / Product Design"
National University of Architecture and Construction of Armenia,Informatics (Computer Science),Master,TypeScript,78,"Software Engineering, Hardware / Embedded, IT Support / Admin / ERP, DevOps / Cloud, Data / ML / AI, Security, QA / Testing, Technical Management, UX / Product Design"
National University of Architecture and Construction of Armenia,Informatics (Computer Science),Master,VLSI,2,"Software Engineering, Hardware / Embedded, IT Support / Admin / ERP, DevOps / Cloud, Data / ML / AI, Security, QA / Testing, Technical Management, UX / Product Design"
National University of Architecture and Construction of Armenia,Informatics (Computer Science),Master,SoC Design,2,"Software Engineering, Hardware / Embedded, IT Support / Admin / ERP, DevOps / Cloud, Data / ML / AI, Security, QA / Testing, Technical Management, UX / Product Design"
National University of Architecture and Construction of Armenia,Informatics (Computer Science),Master,Functional Testing,7,"Software Engineering, Hardware / Embedded, IT Support / Admin / ERP, DevOps / Cloud, Data / ML / AI, Security, QA / Testing, Technical Management, UX / Product Design"
National University of Architecture and Construction of Armenia,Informatics (Computer Science),Master,HTML5,8,"Software Engineering, Hardware / Embedded, IT Support / Admin / ERP, DevOps / Cloud, Data / ML / AI, Security, QA / Testing, Technical Management, UX / Product Design"
National University of Architecture and Construction of Armenia,Informatics (Computer Science),Master,ETL,16,"Software Engineering, Hardware / Embedded, IT Support / Admin / ERP, DevOps / Cloud, Data / ML / AI, Security, QA / Testing, Technical Management, UX / Product Design"
National University of Architecture and Construction of Armenia,Informatics (Computer Science),Master,SAP Sales and Distribution,3,"Software Engineering, Hardware / Embedded, IT Support / Admin / ERP, DevOps / Cloud, Data / ML / AI, Security, QA / Testing, Technical Management, UX / Product Design"
National University of Architecture and Construction of Armenia,Informatics (Computer Science),Master,Perl,7,"Software Engineering, Hardware / Embedded, IT Support / Admin / ERP, DevOps / Cloud, Data / ML / AI, Security, QA / Testing, Technical Management, UX / Product Design"
National University of Architecture and Construction of Armenia,Informatics (Computer Science),Master,macOS,5,"Software Engineering, Hardware / Embedded, IT Support / Admin / ERP, DevOps / Cloud, Data / ML / AI, Security, QA / Testing, Technical Management, UX / Product Design"
National University of Architecture and Construction of Armenia,Informatics (Computer Science),Master,Conversion Rate Optimization,2,"Software Engineering, Hardware / Embedded, IT Support / Admin / ERP, DevOps / Cloud, Data / ML / AI, Security, QA / Testing, Technical Management, UX / Product Design"
National University of Architecture and Construction of Armenia,Informatics (Computer Science),Master,Data Center Infrastructure Management (DCIM),5,"Software Engineering, Hardware / Embedded, IT Support / Admin / ERP, DevOps / Cloud, Data / ML / AI, Security, QA / Testing, Technical Management, UX / Product Design"
National University of Architecture and Construction of Armenia,Informatics (Computer Science),Master,UX Motion Design,1,"Software Engineering, Hardware / Embedded, IT Support / Admin / ERP, DevOps / Cloud, Data / ML / AI, Security, QA / Testing, Technical Management, UX / Product Design"
National University of Architecture and Construction of Armenia,Informatics (Computer Science),Master,Digital Forensics,1,"Software Engineering, Hardware / Embedded, IT Support / Admin / ERP, DevOps / Cloud, Data / ML / AI, Security, QA / Testing, Technical Management, UX / Product Design"
National University of Architecture and Construction of Armenia,Informatics (Computer Science),Master,C#,38,"Software Engineering, Hardware / Embedded, IT Support / Admin / ERP, DevOps / Cloud, Data / ML / AI, Security, QA / Testing, Technical Management, UX / Product Design"
National University of Architecture and Construction of Armenia,Informatics (Computer Science),Master,HTML,13,"Software Engineering, Hardware / Embedded, IT Support / Admin / ERP, DevOps / Cloud, Data / ML / AI, Security, QA / Testing, Technical Management, UX / Product Design"
National University of Architecture and Construction of Armenia,Informatics (Computer Science),Master,VLANs,2,"Software Engineering, Hardware / Embedded, IT Support / Admin / ERP, DevOps / Cloud, Data / ML / AI, Security, QA / Testing, Technical Management, UX / Product Design"
National University of Architecture and Construction of Armenia,Informatics (Computer Science),Master,Business Intelligence,9,"Software Engineering, Hardware / Embedded, IT Support / Admin / ERP, DevOps / Cloud, Data / ML / AI, Security, QA / Testing, Technical Management, UX / Product Design"
National University of Architecture and Construction of Armenia,Informatics (Computer Science),Master,PHP,24,"Software Engineering, Hardware / Embedded, IT Support / Admin / ERP, DevOps / Cloud, Data / ML / AI, Security, QA / Testing, Technical Management, UX / Product Design"
National University of Architecture and Construction of Armenia,Informatics (Computer Science),Master,Prototyping,13,"Software Engineering, Hardware / Embedded, IT Support / Admin / ERP, DevOps / Cloud, Data / ML / AI, Security, QA / Testing, Technical Management, UX / Product Design"
National University of Architecture and Construction of Armenia,Informatics (Computer Science),Master,Apache Airflow,10,"Software Engineering, Hardware / Embedded, IT Support / Admin / ERP, DevOps / Cloud, Data / ML / AI, Security, QA / Testing, Technical Management, UX / Product Design"
National University of Architecture and Construction of Armenia,Informatics (Computer Science),Master,Compliance Frameworks,1,"Software Engineering, Hardware / Embedded, IT Support / Admin / ERP, DevOps / Cloud, Data / ML / AI, Security, QA / Testing, Technical Management, UX / Product Design"
National University of Architecture and Construction of Armenia,Informatics (Computer Science),Master,Telecommunications,2,"Software Engineering, Hardware / Embedded, IT Support / Admin / ERP, DevOps / Cloud, Data / ML / AI, Security, QA / Testing, Technical Management, UX / Product Design"
National University of Architecture and Construction of Armenia,Informatics (Computer Science),Master,EM/IR Analysis,4,"Software Engineering, Hardware / Embedded, IT Support / Admin / ERP, DevOps / Cloud, Data / ML / AI, Security, QA / Testing, Technical Management, UX / Product Design"
National University of Architecture and Construction of Armenia,Informatics (Computer Science),Master,Mobile Security,1,"Software Engineering, Hardware / Embedded, IT Support / Admin / ERP, DevOps / Cloud, Data / ML / AI, Security, QA / Testing, Technical Management, UX / Product Design"
National University of Architecture and Construction of Armenia,Informatics (Computer Science),Master,Cadence Virtuoso,3,"Software Engineering, Hardware / Embedded, IT Support / Admin / ERP, DevOps / Cloud, Data / ML / AI, Security, QA / Testing, Technical Management, UX / Product Design"
National University of Architecture and Construction of Armenia,Informatics (Computer Science),Master,Signal Integrity,3,"Software Engineering, Hardware / Embedded, IT Support / Admin / ERP, DevOps / Cloud, Data / ML / AI, Security, QA / Testing, Technical Management, UX / Product Design"
National University of Architecture and Construction of Armenia,Informatics (Computer Science),Master,JavaScript,79,"Software Engineering, Hardware / Embedded, IT Support / Admin / ERP, DevOps / Cloud, Data / ML / AI, Security, QA / Testing, Technical Management, UX / Product Design"
National University of Architecture and Construction of Armenia,Informatics (Computer Science),Master,Cypress,6,"Software Engineering, Hardware / Embedded, IT Support / Admin / ERP, DevOps / Cloud, Data / ML / AI, Security, QA / Testing, Technical Management, UX / Product Design"
National University of Architecture and Construction of Armenia,Informatics (Computer Science),Master,Graphic Design,2,"Software Engineering, Hardware / Embedded, IT Support / Admin / ERP, DevOps / Cloud, Data / ML / AI, Security, QA / Testing, Technical Management, UX / Product Design"
National University of Architecture and Construction of Armenia,Informatics (Computer Science),Master,MLOps,13,"Software Engineering, Hardware / Embedded, IT Support / Admin / ERP, DevOps / Cloud, Data / ML / AI, Security, QA / Testing, Technical Management, UX / Product Design"
National University of Architecture and Construction of Armenia,Informatics (Computer Science),Master,Okta API Access Management,1,"Software Engineering, Hardware / Embedded, IT Support / Admin / ERP, DevOps / Cloud, Data / ML / AI, Security, QA / Testing, Technical Management, UX / Product Design"
National University of Architecture and Construction of Armenia,Informatics (Computer Science),Master,Go,27,"Software Engineering, Hardware / Embedded, IT Support / Admin / ERP, DevOps / Cloud, Data / ML / AI, Security, QA / Testing, Technical Management, UX / Product Design"
National University of Architecture and Construction of Armenia,Informatics (Computer Science),Master,Secure Architecture Design,1,"Software Engineering, Hardware / Embedded, IT Support / Admin / ERP, DevOps / Cloud, Data / ML / AI, Security, QA / Testing, Technical Management, UX / Product Design"
National University of Architecture and Construction of Armenia,Informatics (Computer Science),Master,Social Media Design,1,"Software Engineering, Hardware / Embedded, IT Support / Admin / ERP, DevOps / Cloud, Data / ML / AI, Security, QA / Testing, Technical Management, UX / Product Design"
National University of Architecture and Construction of Armenia,Informatics (Computer Science),Master,Observability,5,"Software Engineering, Hardware / Embedded, IT Support / Admin / ERP, DevOps / Cloud, Data / ML / AI, Security, QA / Testing, Technical Management, UX / Product Design"
National University of Architecture and Construction of Armenia,Informatics (Computer Science),Master,Azure Virtual Desktop,1,"Software Engineering, Hardware / Embedded, IT Support / Admin / ERP, DevOps / Cloud, Data / ML / AI, Security, QA / Testing, Technical Management, UX / Product Design"
National University of Architecture and Construction of Armenia,Informatics (Computer Science),Master,Redis,19,"Software Engineering, Hardware / Embedded, IT Support / Admin / ERP, DevOps / Cloud, Data / ML / AI, Security, QA / Testing, Technical Management, UX / Product Design"
National University of Architecture and Construction of Armenia,Informatics (Computer Science),Master,PrimeTime,4,"Software Engineering, Hardware / Embedded, IT Support / Admin / ERP, DevOps / Cloud, Data / ML / AI, Security, QA / Testing, Technical Management, UX / Product Design"
National University of Architecture and Construction of Armenia,Informatics (Computer Science),Master,Video Camera Operation,2,"Software Engineering, Hardware / Embedded, IT Support / Admin / ERP, DevOps / Cloud, Data / ML / AI, Security, QA / Testing, Technical Management, UX / Product Design"
National University of Architecture and Construction of Armenia,Informatics (Computer Science),Master,FastAPI,9,"Software Engineering, Hardware / Embedded, IT Support / Admin / ERP, DevOps / Cloud, Data / ML / AI, Security, QA / Testing, Technical Management, UX / Product Design"
National University of Architecture and Construction of Armenia,Informatics (Computer Science),Master,Zabbix,5,"Software Engineering, Hardware / Embedded, IT Support / Admin / ERP, DevOps / Cloud, Data / ML / AI, Security, QA / Testing, Technical Management, UX / Product Design"
National University of Architecture and Construction of Armenia,Informatics (Computer Science),Master,Postman,14,"Software Engineering, Hardware / Embedded, IT Support / Admin / ERP, DevOps / Cloud, Data / ML / AI, Security, QA / Testing, Technical Management, UX / Product Design"
National University of Architecture and Construction of Armenia,Informatics (Computer Science),Master,Audio-Visual (AV) Infrastructure,2,"Software Engineering, Hardware / Embedded, IT Support / Admin / ERP, DevOps / Cloud, Data / ML / AI, Security, QA / Testing, Technical Management, UX / Product Design"
National University of Architecture and Construction of Armenia,Informatics (Computer Science),Master,UI Design,12,"Software Engineering, Hardware / Embedded, IT Support / Admin / ERP, DevOps / Cloud, Data / ML / AI, Security, QA / Testing, Technical Management, UX / Product Design"
National University of Architecture and Construction of Armenia,Informatics (Computer Science),Master,Static Application Security Testing,1,"Software Engineering, Hardware / Embedded, IT Support / Admin / ERP, DevOps / Cloud, Data / ML / AI, Security, QA / Testing, Technical Management, UX / Product Design"
National University of Architecture and Construction of Armenia,Informatics (Computer Science),Master,Test Pattern Generation,3,"Software Engineering, Hardware / Embedded, IT Support / Admin / ERP, DevOps / Cloud, Data / ML / AI, Security, QA / Testing, Technical Management, UX / Product Design"
National University of Architecture and Construction of Armenia,Informatics (Computer Science),Master,Cable Installation,3,"Software Engineering, Hardware / Embedded, IT Support / Admin / ERP, DevOps / Cloud, Data / ML / AI, Security, QA / Testing, Technical Management, UX / Product Design"
National University of Architecture and Construction of Armenia,Informatics (Computer Science),Master,Place and Route,3,"Software Engineering, Hardware / Embedded, IT Support / Admin / ERP, DevOps / Cloud, Data / ML / AI, Security, QA / Testing, Technical Management, UX / Product Design"
National University of Architecture and Construction of Armenia,Informatics (Computer Science),Master,React,60,"Software Engineering, Hardware / Embedded, IT Support / Admin / ERP, DevOps / Cloud, Data / ML / AI, Security, QA / Testing, Technical Management, UX / Product Design"
National University of Architecture and Construction of Armenia,Informatics (Computer Science),Master,SAP HANA,6,"Software Engineering, Hardware / Embedded, IT Support / Admin / ERP, DevOps / Cloud, Data / ML / AI, Security, QA / Testing, Technical Management, UX / Product Design"
National University of Architecture and Construction of Armenia,Informatics (Computer Science),Master,Product Discovery,1,"Software Engineering, Hardware / Embedded, IT Support / Admin / ERP, DevOps / Cloud, Data / ML / AI, Security, QA / Testing, Technical Management, UX / Product Design"
National University of Architecture and Construction of Armenia,Informatics (Computer Science),Master,Kotlin,14,"Software Engineering, Hardware / Embedded, IT Support / Admin / ERP, DevOps / Cloud, Data / ML / AI, Security, QA / Testing, Technical Management, UX / Product Design"
National University of Architecture and Construction of Armenia,Informatics (Computer Science),Master,Landing Page Development,2,"Software Engineering, Hardware / Embedded, IT Support / Admin / ERP, DevOps / Cloud, Data / ML / AI, Security, QA / Testing, Technical Management, UX / Product Design"
National University of Architecture and Construction of Armenia,Informatics (Computer Science),Master,Digital Design,3,"Software Engineering, Hardware / Embedded, IT Support / Admin / ERP, DevOps / Cloud, Data / ML / AI, Security, QA / Testing, Technical Management, UX / Product Design"
National University of Architecture and Construction of Armenia,Informatics (Computer Science),Master,Windows OS,10,"Software Engineering, Hardware / Embedded, IT Support / Admin / ERP, DevOps / Cloud, Data / ML / AI, Security, QA / Testing, Technical Management, UX / Product Design"
National University of Architecture and Construction of Armenia,Informatics (Computer Science),Master,Gate-Level Netlist Synthesis,2,"Software Engineering, Hardware / Embedded, IT Support / Admin / ERP, DevOps / Cloud, Data / ML / AI, Security, QA / Testing, Technical Management, UX / Product Design"
National University of Architecture and Construction of Armenia,Informatics (Computer Science),Master,Confluence,6,"Software Engineering, Hardware / Embedded, IT Support / Admin / ERP, DevOps / Cloud, Data / ML / AI, Security, QA / Testing, Technical Management, UX / Product Design"
National University of Architecture and Construction of Armenia,Informatics (Computer Science),Master,Midjourney,1,"Software Engineering, Hardware / Embedded, IT Support / Admin / ERP, DevOps / Cloud, Data / ML / AI, Security, QA / Testing, Technical Management, UX / Product Design"
National University of Architecture and Construction of Armenia,Informatics (Computer Science),Master,Software Bill of Materials,1,"Software Engineering, Hardware / Embedded, IT Support / Admin / ERP, DevOps / Cloud, Data / ML / AI, Security, QA / Testing, Technical Management, UX / Product Design"
National University of Architecture and Construction of Armenia,Informatics (Computer Science),Master,Infrastructure as Code,10,"Software Engineering, Hardware / Embedded, IT Support / Admin / ERP, DevOps / Cloud, Data / ML / AI, Security, QA / Testing, Technical Management, UX / Product Design"
National University of Architecture and Construction of Armenia,Informatics (Computer Science),Master,SAP Controlling,3,"Software Engineering, Hardware / Embedded, IT Support / Admin / ERP, DevOps / Cloud, Data / ML / AI, Security, QA / Testing, Technical Management, UX / Product Design"
National University of Architecture and Construction of Armenia,Informatics (Computer Science),Master,GitHub Actions,11,"Software Engineering, Hardware / Embedded, IT Support / Admin / ERP, DevOps / Cloud, Data / ML / AI, Security, QA / Testing, Technical Management, UX / Product Design"
National University of Architecture and Construction of Armenia,Informatics (Computer Science),Master,Kali Linux,1,"Software Engineering, Hardware / Embedded, IT Support / Admin / ERP, DevOps / Cloud, Data / ML / AI, Security, QA / Testing, Technical Management, UX / Product Design"
National University of Architecture and Construction of Armenia,Informatics (Computer Science),Master,Static Timing Analysis,13,"Software Engineering, Hardware / Embedded, IT Support / Admin / ERP, DevOps / Cloud, Data / ML / AI, Security, QA / Testing, Technical Management, UX / Product Design"
National University of Architecture and Construction of Armenia,Information Systems,Bachelor,Microservices,36,"IT Support / Admin / ERP, Software Engineering"
National University of Architecture and Construction of Armenia,Information Systems,Bachelor,CSS,21,"IT Support / Admin / ERP, Software Engineering"
National University of Architecture and Construction of Armenia,Information Systems,Bachelor,Kubernetes,16,"IT Support / Admin / ERP, Software Engineering"
National University of Architecture and Construction of Armenia,Information Systems,Bachelor,SAP Sales and Distribution,3,"IT Support / Admin / ERP, Software Engineering"
National University of Architecture and Construction of Armenia,Information Systems,Bachelor,Apache Kafka,17,"IT Support / Admin / ERP, Software Engineering"
National University of Architecture and Construction of Armenia,Information Systems,Bachelor,macOS,4,"IT Support / Admin / ERP, Software Engineering"
National University of Architecture and Construction of Armenia,Information Systems,Bachelor,Hardware Troubleshooting,5,"IT Support / Admin / ERP, Software Engineering"
National University of Architecture and Construction of Armenia,Information Systems,Bachelor,C#,33,"IT Support / Admin / ERP, Software Engineering"
National University of Architecture and Construction of Armenia,Information Systems,Bachelor,HTML,13,"IT Support / Admin / ERP, Software Engineering"
National University of Architecture and Construction of Armenia,Information Systems,Bachelor,ASP.NET Core,18,"IT Support / Admin / ERP, Software Engineering"
National University of Architecture and Construction of Armenia,Information Systems,Bachelor,PHP,20,"IT Support / Admin / ERP, Software Engineering"
National University of Architecture and Construction of Armenia,Information Systems,Bachelor,CI/CD,27,"IT Support / Admin / ERP, Software Engineering"
National University of Architecture and Construction of Armenia,Information Systems,Bachelor,Node.js,47,"IT Support / Admin / ERP, Software Engineering"
National University of Architecture and Construction of Armenia,Information Systems,Bachelor,React,55,"IT Support / Admin / ERP, Software Engineering"
National University of Architecture and Construction of Armenia,Information Systems,Bachelor,Technical Support,3,"IT Support / Admin / ERP, Software Engineering"
National University of Architecture and Construction of Armenia,Information Systems,Bachelor,AWS,32,"IT Support / Admin / ERP, Software Engineering"
National University of Architecture and Construction of Armenia,Information Systems,Bachelor,SAP HANA Calculation Views,3,"IT Support / Admin / ERP, Software Engineering"
National University of Architecture and Construction of Armenia,Information Systems,Bachelor,SAP HANA,6,"IT Support / Admin / ERP, Software Engineering"
National University of Architecture and Construction of Armenia,Information Systems,Bachelor,.NET,21,"IT Support / Admin / ERP, Software Engineering"
National University of Architecture and Construction of Armenia,Information Systems,Bachelor,SAP Financial Accounting,3,"IT Support / Admin / ERP, Software Engineering"
National University of Architecture and Construction of Armenia,Information Systems,Bachelor,SAP Configuration,8,"IT Support / Admin / ERP, Software Engineering"
National University of Architecture and Construction of Armenia,Information Systems,Bachelor,Angular,18,"IT Support / Admin / ERP, Software Engineering"
National University of Architecture and Construction of Armenia,Information Systems,Bachelor,SAP Logistics,6,"IT Support / Admin / ERP, Software Engineering"
National University of Architecture and Construction of Armenia,Information Systems,Bachelor,REST APIs,98,"IT Support / Admin / ERP, Software Engineering"
National University of Architecture and Construction of Armenia,Information Systems,Bachelor,Help Desk Software,3,"IT Support / Admin / ERP, Software Engineering"
National University of Architecture and Construction of Armenia,Information Systems,Bachelor,Docker,29,"IT Support / Admin / ERP, Software Engineering"
National University of Architecture and Construction of Armenia,Information Systems,Bachelor,Backend Development,21,"IT Support / Admin / ERP, Software Engineering"
National University of Architecture and Construction of Armenia,Information Systems,Bachelor,Next.js,14,"IT Support / Admin / ERP, Software Engineering"
National University of Architecture and Construction of Armenia,Information Systems,Bachelor,Python,49,"IT Support / Admin / ERP, Software Engineering"
National University of Architecture and Construction of Armenia,Information Systems,Bachelor,ABAP,7,"IT Support / Admin / ERP, Software Engineering"
National University of Architecture and Construction of Armenia,Information Systems,Bachelor,SAP Materials Management,4,"IT Support / Admin / ERP, Software Engineering"
National University of Architecture and Construction of Armenia,Information Systems,Bachelor,Active Directory,3,"IT Support / Admin / ERP, Software Engineering"
National University of Architecture and Construction of Armenia,Information Systems,Bachelor,SAP FICO,6,"IT Support / Admin / ERP, Software Engineering"
National University of Architecture and Construction of Armenia,Information Systems,Bachelor,JavaScript,67,"IT Support / Admin / ERP, Software Engineering"
National University of Architecture and Construction of Armenia,Information Systems,Bachelor,Distributed Systems,24,"IT Support / Admin / ERP, Software Engineering"
National University of Architecture and Construction of Armenia,Information Systems,Bachelor,SAP Controlling,3,"IT Support / Admin / ERP, Software Engineering"
National University of Architecture and Construction of Armenia,Information Systems,Bachelor,SAP S/4HANA,14,"IT Support / Admin / ERP, Software Engineering"
National University of Architecture and Construction of Armenia,Information Systems,Bachelor,Project Based Learning,4,"IT Support / Admin / ERP, Software Engineering"
National University of Architecture and Construction of Armenia,Information Systems,Bachelor,Go,21,"IT Support / Admin / ERP, Software Engineering"
National University of Architecture and Construction of Armenia,Information Systems,Bachelor,Git,37,"IT Support / Admin / ERP, Software Engineering"
National University of Architecture and Construction of Armenia,Information Systems,Bachelor,SAP Retail,3,"IT Support / Admin / ERP, Software Engineering"
National University of Architecture and Construction of Armenia,Information Systems,Bachelor,LDAP,3,"IT Support / Admin / ERP, Software Engineering"
National University of Architecture and Construction of Armenia,Information Systems,Bachelor,Jira,6,"IT Support / Admin / ERP, Software Engineering"
National University of Architecture and Construction of Armenia,Information Systems,Bachelor,API Integration,6,"IT Support / Admin / ERP, Software Engineering"
National University of Architecture and Construction of Armenia,Information Systems,Bachelor,TypeScript,58,"IT Support / Admin / ERP, Software Engineering"
National University of Architecture and Construction of Armenia,Information Systems,Bachelor,Google Workspace,4,"IT Support / Admin / ERP, Software Engineering"
National University of Architecture and Construction of Armenia,Information Systems,Bachelor,Redis,14,"IT Support / Admin / ERP, Software Engineering"
National University of Architecture and Construction of Armenia,Information Systems,Bachelor,Microsoft Office,4,"IT Support / Admin / ERP, Software Engineering"
National University of Architecture and Construction of Armenia,Information Systems,Bachelor,Master Data Management,3,"IT Support / Admin / ERP, Software Engineering"
National University of Architecture and Construction of Armenia,Information Systems,Bachelor,Software Troubleshooting,3,"IT Support / Admin / ERP, Software Engineering"
National University of Architecture and Construction of Armenia,Information Systems,Bachelor,Curriculum Development,3,"IT Support / Admin / ERP, Software Engineering"
National University of Architecture and Construction of Armenia,Information Systems,Bachelor,ABAP Core Data Services,3,"IT Support / Admin / ERP, Software Engineering"
National University of Architecture and Construction of Armenia,Project Management (in Information Technologies),Master,Microservices,4,"Technical Management, IT Support / Admin / ERP"
National University of Architecture and Construction of Armenia,Project Management (in Information Technologies),Master,Microsoft Azure,4,"Technical Management, IT Support / Admin / ERP"
National University of Architecture and Construction of Armenia,Project Management (in Information Technologies),Master,Kubernetes,5,"Technical Management, IT Support / Admin / ERP"
National University of Architecture and Construction of Armenia,Project Management (in Information Technologies),Master,Postman,4,"Technical Management, IT Support / Admin / ERP"
National University of Architecture and Construction of Armenia,Project Management (in Information Technologies),Master,Incident Management,3,"Technical Management, IT Support / Admin / ERP"
National University of Architecture and Construction of Armenia,Project Management (in Information Technologies),Master,SAP Sales and Distribution,3,"Technical Management, IT Support / Admin / ERP"
National University of Architecture and Construction of Armenia,Project Management (in Information Technologies),Master,macOS,3,"Technical Management, IT Support / Admin / ERP"
National University of Architecture and Construction of Armenia,Project Management (in Information Technologies),Master,Hardware Troubleshooting,5,"Technical Management, IT Support / Admin / ERP"
National University of Architecture and Construction of Armenia,Project Management (in Information Technologies),Master,PHP,5,"Technical Management, IT Support / Admin / ERP"
National University of Architecture and Construction of Armenia,Project Management (in Information Technologies),Master,Node.js,4,"Technical Management, IT Support / Admin / ERP"
National University of Architecture and Construction of Armenia,Project Management (in Information Technologies),Master,React,4,"Technical Management, IT Support / Admin / ERP"
National University of Architecture and Construction of Armenia,Project Management (in Information Technologies),Master,Prompt Engineering,4,"Technical Management, IT Support / Admin / ERP"
National University of Architecture and Construction of Armenia,Project Management (in Information Technologies),Master,Operating System Support,3,"Technical Management, IT Support / Admin / ERP"
National University of Architecture and Construction of Armenia,Project Management (in Information Technologies),Master,AWS,9,"Technical Management, IT Support / Admin / ERP"
National University of Architecture and Construction of Armenia,Project Management (in Information Technologies),Master,Technical Support,3,"Technical Management, IT Support / Admin / ERP"
National University of Architecture and Construction of Armenia,Project Management (in Information Technologies),Master,SAP HANA Calculation Views,3,"Technical Management, IT Support / Admin / ERP"
National University of Architecture and Construction of Armenia,Project Management (in Information Technologies),Master,Master Data Management,3,"Technical Management, IT Support / Admin / ERP"
National University of Architecture and Construction of Armenia,Project Management (in Information Technologies),Master,SAP HANA,3,"Technical Management, IT Support / Admin / ERP"
National University of Architecture and Construction of Armenia,Project Management (in Information Technologies),Master,.NET,4,"Technical Management, IT Support / Admin / ERP"
National University of Architecture and Construction of Armenia,Project Management (in Information Technologies),Master,Large Language Models,4,"Technical Management, IT Support / Admin / ERP"
National University of Architecture and Construction of Armenia,Project Management (in Information Technologies),Master,SAP Financial Accounting,3,"Technical Management, IT Support / Admin / ERP"
National University of Architecture and Construction of Armenia,Project Management (in Information Technologies),Master,SAP Configuration,8,"Technical Management, IT Support / Admin / ERP"
National University of Architecture and Construction of Armenia,Project Management (in Information Technologies),Master,SAP Logistics,6,"Technical Management, IT Support / Admin / ERP"
National University of Architecture and Construction of Armenia,Project Management (in Information Technologies),Master,REST APIs,7,"Technical Management, IT Support / Admin / ERP"
National University of Architecture and Construction of Armenia,Project Management (in Information Technologies),Master,Help Desk Software,3,"Technical Management, IT Support / Admin / ERP"
National University of Architecture and Construction of Armenia,Project Management (in Information Technologies),Master,Python,14,"Technical Management, IT Support / Admin / ERP"
National University of Architecture and Construction of Armenia,Project Management (in Information Technologies),Master,Data Engineering,3,"Technical Management, IT Support / Admin / ERP"
National University of Architecture and Construction of Armenia,Project Management (in Information Technologies),Master,ABAP,4,"Technical Management, IT Support / Admin / ERP"
National University of Architecture and Construction of Armenia,Project Management (in Information Technologies),Master,SAP Materials Management,4,"Technical Management, IT Support / Admin / ERP"
National University of Architecture and Construction of Armenia,Project Management (in Information Technologies),Master,Windows OS,6,"Technical Management, IT Support / Admin / ERP"
National University of Architecture and Construction of Armenia,Project Management (in Information Technologies),Master,Active Directory,3,"Technical Management, IT Support / Admin / ERP"
National University of Architecture and Construction of Armenia,Project Management (in Information Technologies),Master,Cloud Platforms,5,"Technical Management, IT Support / Admin / ERP"
National University of Architecture and Construction of Armenia,Project Management (in Information Technologies),Master,SAP FICO,6,"Technical Management, IT Support / Admin / ERP"
National University of Architecture and Construction of Armenia,Project Management (in Information Technologies),Master,Confluence,5,"Technical Management, IT Support / Admin / ERP"
National University of Architecture and Construction of Armenia,Project Management (in Information Technologies),Master,Generative AI,3,"Technical Management, IT Support / Admin / ERP"
National University of Architecture and Construction of Armenia,Project Management (in Information Technologies),Master,Distributed Systems,5,"Technical Management, IT Support / Admin / ERP"
National University of Architecture and Construction of Armenia,Project Management (in Information Technologies),Master,SAP Controlling,3,"Technical Management, IT Support / Admin / ERP"
National University of Architecture and Construction of Armenia,Project Management (in Information Technologies),Master,Linux,5,"Technical Management, IT Support / Admin / ERP"
National University of Architecture and Construction of Armenia,Project Management (in Information Technologies),Master,SAP S/4HANA,11,"Technical Management, IT Support / Admin / ERP"
National University of Architecture and Construction of Armenia,Project Management (in Information Technologies),Master,Project Based Learning,3,"Technical Management, IT Support / Admin / ERP"
National University of Architecture and Construction of Armenia,Project Management (in Information Technologies),Master,Go,3,"Technical Management, IT Support / Admin / ERP"
National University of Architecture and Construction of Armenia,Project Management (in Information Technologies),Master,Java,4,"Technical Management, IT Support / Admin / ERP"
National University of Architecture and Construction of Armenia,Project Management (in Information Technologies),Master,Microsoft Office,4,"Technical Management, IT Support / Admin / ERP"
National University of Architecture and Construction of Armenia,Project Management (in Information Technologies),Master,SAP Retail,3,"Technical Management, IT Support / Admin / ERP"
National University of Architecture and Construction of Armenia,Project Management (in Information Technologies),Master,LDAP,3,"Technical Management, IT Support / Admin / ERP"
National University of Architecture and Construction of Armenia,Project Management (in Information Technologies),Master,API Integration,5,"Technical Management, IT Support / Admin / ERP"
National University of Architecture and Construction of Armenia,Project Management (in Information Technologies),Master,TypeScript,4,"Technical Management, IT Support / Admin / ERP"
National University of Architecture and Construction of Armenia,Project Management (in Information Technologies),Master,Network Troubleshooting,4,"Technical Management, IT Support / Admin / ERP"
National University of Architecture and Construction of Armenia,Project Management (in Information Technologies),Master,Redis,4,"Technical Management, IT Support / Admin / ERP"
National University of Architecture and Construction of Armenia,Project Management (in Information Technologies),Master,IT Infrastructure,3,"Technical Management, IT Support / Admin / ERP"
National University of Architecture and Construction of Armenia,Project Management (in Information Technologies),Master,Google Workspace,3,"Technical Management, IT Support / Admin / ERP"
National University of Architecture and Construction of Armenia,Project Management (in Information Technologies),Master,Solution Architecture,4,"Technical Management, IT Support / Admin / ERP"
National University of Architecture and Construction of Armenia,Project Management (in Information Technologies),Master,Software Troubleshooting,3,"Technical Management, IT Support / Admin / ERP"
National University of Architecture and Construction of Armenia,Project Management (in Information Technologies),Master,Curriculum Development,3,"Technical Management, IT Support / Admin / ERP"
National University of Architecture and Construction of Armenia,Project Management (in Information Technologies),Master,Full-Stack Development,5,"Technical Management, IT Support / Admin / ERP"
National University of Architecture and Construction of Armenia,Project Management (in Information Technologies),Master,ABAP Core Data Services,3,"Technical Management, IT Support / Admin / ERP"
Russian-Armenian University,Applied Mathematics and Informatics,Bachelor,F5,1,"Software Engineering, Hardware / Embedded, IT Support / Admin / ERP, DevOps / Cloud, Data / ML / AI, Security, QA / Testing, Technical Management, UX / Product Design"
Russian-Armenian University,Applied Mathematics and Informatics,Bachelor,Terraform,25,"Software Engineering, Hardware / Embedded, IT Support / Admin / ERP, DevOps / Cloud, Data / ML / AI, Security, QA / Testing, Technical Management, UX / Product Design"
Russian-Armenian University,Applied Mathematics and Informatics,Bachelor,Appium,3,"Software Engineering, Hardware / Embedded, IT Support / Admin / ERP, DevOps / Cloud, Data / ML / AI, Security, QA / Testing, Technical Management, UX / Product Design"
Russian-Armenian University,Applied Mathematics and Informatics,Bachelor,Web Security,2,"Software Engineering, Hardware / Embedded, IT Support / Admin / ERP, DevOps / Cloud, Data / ML / AI, Security, QA / Testing, Technical Management, UX / Product Design"
Russian-Armenian University,Applied Mathematics and Informatics,Bachelor,Software Composition Analysis,1,"Software Engineering, Hardware / Embedded, IT Support / Admin / ERP, DevOps / Cloud, Data / ML / AI, Security, QA / Testing, Technical Management, UX / Product Design"
Russian-Armenian University,Applied Mathematics and Informatics,Bachelor,Security Controls,1,"Software Engineering, Hardware / Embedded, IT Support / Admin / ERP, DevOps / Cloud, Data / ML / AI, Security, QA / Testing, Technical Management, UX / Product Design"
Russian-Armenian University,Applied Mathematics and Informatics,Bachelor,Prometheus,7,"Software Engineering, Hardware / Embedded, IT Support / Admin / ERP, DevOps / Cloud, Data / ML / AI, Security, QA / Testing, Technical Management, UX / Product Design"
Russian-Armenian University,Applied Mathematics and Informatics,Bachelor,Adobe After Effects,1,"Software Engineering, Hardware / Embedded, IT Support / Admin / ERP, DevOps / Cloud, Data / ML / AI, Security, QA / Testing, Technical Management, UX / Product Design"
Russian-Armenian University,Applied Mathematics and Informatics,Bachelor,Physical Verification,4,"Software Engineering, Hardware / Embedded, IT Support / Admin / ERP, DevOps / Cloud, Data / ML / AI, Security, QA / Testing, Technical Management, UX / Product Design"
Russian-Armenian University,Applied Mathematics and Informatics,Bachelor,API Testing,17,"Software Engineering, Hardware / Embedded, IT Support / Admin / ERP, DevOps / Cloud, Data / ML / AI, Security, QA / Testing, Technical Management, UX / Product Design"
Russian-Armenian University,Applied Mathematics and Informatics,Bachelor,Calibre LVS,2,"Software Engineering, Hardware / Embedded, IT Support / Admin / ERP, DevOps / Cloud, Data / ML / AI, Security, QA / Testing, Technical Management, UX / Product Design"
Russian-Armenian University,Applied Mathematics and Informatics,Bachelor,Google Cloud Platform,23,"Software Engineering, Hardware / Embedded, IT Support / Admin / ERP, DevOps / Cloud, Data / ML / AI, Security, QA / Testing, Technical Management, UX / Product Design"
Russian-Armenian University,Applied Mathematics and Informatics,Bachelor,UI/UX QA,1,"Software Engineering, Hardware / Embedded, IT Support / Admin / ERP, DevOps / Cloud, Data / ML / AI, Security, QA / Testing, Technical Management, UX / Product Design"
Russian-Armenian University,Applied Mathematics and Informatics,Bachelor,Palo Alto Networks,1,"Software Engineering, Hardware / Embedded, IT Support / Admin / ERP, DevOps / Cloud, Data / ML / AI, Security, QA / Testing, Technical Management, UX / Product Design"
Russian-Armenian University,Applied Mathematics and Informatics,Bachelor,Screenshot Design,1,"Software Engineering, Hardware / Embedded, IT Support / Admin / ERP, DevOps / Cloud, Data / ML / AI, Security, QA / Testing, Technical Management, UX / Product Design"
Russian-Armenian University,Applied Mathematics and Informatics,Bachelor,SAP Logistics,6,"Software Engineering, Hardware / Embedded, IT Support / Admin / ERP, DevOps / Cloud, Data / ML / AI, Security, QA / Testing, Technical Management, UX / Product Design"
Russian-Armenian University,Applied Mathematics and Informatics,Bachelor,Model Context Protocol,4,"Software Engineering, Hardware / Embedded, IT Support / Admin / ERP, DevOps / Cloud, Data / ML / AI, Security, QA / Testing, Technical Management, UX / Product Design"
Russian-Armenian University,Applied Mathematics and Informatics,Bachelor,Data Protection,1,"Software Engineering, Hardware / Embedded, IT Support / Admin / ERP, DevOps / Cloud, Data / ML / AI, Security, QA / Testing, Technical Management, UX / Product Design"
Russian-Armenian University,Applied Mathematics and Informatics,Bachelor,Windows Autopilot,1,"Software Engineering, Hardware / Embedded, IT Support / Admin / ERP, DevOps / Cloud, Data / ML / AI, Security, QA / Testing, Technical Management, UX / Product Design"
Russian-Armenian University,Applied Mathematics and Informatics,Bachelor,GitLab,10,"Software Engineering, Hardware / Embedded, IT Support / Admin / ERP, DevOps / Cloud, Data / ML / AI, Security, QA / Testing, Technical Management, UX / Product Design"
Russian-Armenian University,Applied Mathematics and Informatics,Bachelor,Information Security,3,"Software Engineering, Hardware / Embedded, IT Support / Admin / ERP, DevOps / Cloud, Data / ML / AI, Security, QA / Testing, Technical Management, UX / Product Design"
Russian-Armenian University,Applied Mathematics and Informatics,Bachelor,Google Workspace,7,"Software Engineering, Hardware / Embedded, IT Support / Admin / ERP, DevOps / Cloud, Data / ML / AI, Security, QA / Testing, Technical Management, UX / Product Design"
Russian-Armenian University,Applied Mathematics and Informatics,Bachelor,Microsoft Office,6,"Software Engineering, Hardware / Embedded, IT Support / Admin / ERP, DevOps / Cloud, Data / ML / AI, Security, QA / Testing, Technical Management, UX / Product Design"
Russian-Armenian University,Applied Mathematics and Informatics,Bachelor,Structured Cabling,7,"Software Engineering, Hardware / Embedded, IT Support / Admin / ERP, DevOps / Cloud, Data / ML / AI, Security, QA / Testing, Technical Management, UX / Product Design"
Russian-Armenian University,Applied Mathematics and Informatics,Bachelor,User Interviews,1,"Software Engineering, Hardware / Embedded, IT Support / Admin / ERP, DevOps / Cloud, Data / ML / AI, Security, QA / Testing, Technical Management, UX / Product Design"
Russian-Armenian University,Applied Mathematics and Informatics,Bachelor,Verdi,3,"Software Engineering, Hardware / Embedded, IT Support / Admin / ERP, DevOps / Cloud, Data / ML / AI, Security, QA / Testing, Technical Management, UX / Product Design"
Russian-Armenian University,Applied Mathematics and Informatics,Bachelor,AI-Powered Workflows,2,"Software Engineering, Hardware / Embedded, IT Support / Admin / ERP, DevOps / Cloud, Data / ML / AI, Security, QA / Testing, Technical Management, UX / Product Design"
Russian-Armenian University,Applied Mathematics and Informatics,Bachelor,Apache Kafka,22,"Software Engineering, Hardware / Embedded, IT Support / Admin / ERP, DevOps / Cloud, Data / ML / AI, Security, QA / Testing, Technical Management, UX / Product Design"
Russian-Armenian University,Applied Mathematics and Informatics,Bachelor,Backend Testing,3,"Software Engineering, Hardware / Embedded, IT Support / Admin / ERP, DevOps / Cloud, Data / ML / AI, Security, QA / Testing, Technical Management, UX / Product Design"
Russian-Armenian University,Applied Mathematics and Informatics,Bachelor,Wireframing,9,"Software Engineering, Hardware / Embedded, IT Support / Admin / ERP, DevOps / Cloud, Data / ML / AI, Security, QA / Testing, Technical Management, UX / Product Design"
Russian-Armenian University,Applied Mathematics and Informatics,Bachelor,Physical Design,8,"Software Engineering, Hardware / Embedded, IT Support / Admin / ERP, DevOps / Cloud, Data / ML / AI, Security, QA / Testing, Technical Management, UX / Product Design"
Russian-Armenian University,Applied Mathematics and Informatics,Bachelor,Node.js,52,"Software Engineering, Hardware / Embedded, IT Support / Admin / ERP, DevOps / Cloud, Data / ML / AI, Security, QA / Testing, Technical Management, UX / Product Design"
Russian-Armenian University,Applied Mathematics and Informatics,Bachelor,Production Video Switchers,2,"Software Engineering, Hardware / Embedded, IT Support / Admin / ERP, DevOps / Cloud, Data / ML / AI, Security, QA / Testing, Technical Management, UX / Product Design"
Russian-Armenian University,Applied Mathematics and Informatics,Bachelor,Technical Support,3,"Software Engineering, Hardware / Embedded, IT Support / Admin / ERP, DevOps / Cloud, Data / ML / AI, Security, QA / Testing, Technical Management, UX / Product Design"
Russian-Armenian University,Applied Mathematics and Informatics,Bachelor,SAP HANA Calculation Views,3,"Software Engineering, Hardware / Embedded, IT Support / Admin / ERP, DevOps / Cloud, Data / ML / AI, Security, QA / Testing, Technical Management, UX / Product Design"
Russian-Armenian University,Applied Mathematics and Informatics,Bachelor,Server Hardware,5,"Software Engineering, Hardware / Embedded, IT Support / Admin / ERP, DevOps / Cloud, Data / ML / AI, Security, QA / Testing, Technical Management, UX / Product Design"
Russian-Armenian University,Applied Mathematics and Informatics,Bachelor,Okta Lifecycle Management,2,"Software Engineering, Hardware / Embedded, IT Support / Admin / ERP, DevOps / Cloud, Data / ML / AI, Security, QA / Testing, Technical Management, UX / Product Design"
Russian-Armenian University,Applied Mathematics and Informatics,Bachelor,Audio-Visual Systems,2,"Software Engineering, Hardware / Embedded, IT Support / Admin / ERP, DevOps / Cloud, Data / ML / AI, Security, QA / Testing, Technical Management, UX / Product Design"
Russian-Armenian University,Applied Mathematics and Informatics,Bachelor,Fiber Optic Networking,5,"Software Engineering, Hardware / Embedded, IT Support / Admin / ERP, DevOps / Cloud, Data / ML / AI, Security, QA / Testing, Technical Management, UX / Product Design"
Russian-Armenian University,Applied Mathematics and Informatics,Bachelor,Intrusion Detection Systems,1,"Software Engineering, Hardware / Embedded, IT Support / Admin / ERP, DevOps / Cloud, Data / ML / AI, Security, QA / Testing, Technical Management, UX / Product Design"
Russian-Armenian University,Applied Mathematics and Informatics,Bachelor,SAP Financial Accounting,3,"Software Engineering, Hardware / Embedded, IT Support / Admin / ERP, DevOps / Cloud, Data / ML / AI, Security, QA / Testing, Technical Management, UX / Product Design"
Russian-Armenian University,Applied Mathematics and Informatics,Bachelor,RTL-to-GDSII,6,"Software Engineering, Hardware / Embedded, IT Support / Admin / ERP, DevOps / Cloud, Data / ML / AI, Security, QA / Testing, Technical Management, UX / Product Design"
Russian-Armenian University,Applied Mathematics and Informatics,Bachelor,Databricks,8,"Software Engineering, Hardware / Embedded, IT Support / Admin / ERP, DevOps / Cloud, Data / ML / AI, Security, QA / Testing, Technical Management, UX / Product Design"
Russian-Armenian University,Applied Mathematics and Informatics,Bachelor,Adobe Firefly,1,"Software Engineering, Hardware / Embedded, IT Support / Admin / ERP, DevOps / Cloud, Data / ML / AI, Security, QA / Testing, Technical Management, UX / Product Design"
Russian-Armenian University,Applied Mathematics and Informatics,Bachelor,Cat5e/6/6a Cabling,4,"Software Engineering, Hardware / Embedded, IT Support / Admin / ERP, DevOps / Cloud, Data / ML / AI, Security, QA / Testing, Technical Management, UX / Product Design"
Russian-Armenian University,Applied Mathematics and Informatics,Bachelor,Help Desk Software,3,"Software Engineering, Hardware / Embedded, IT Support / Admin / ERP, DevOps / Cloud, Data / ML / AI, Security, QA / Testing, Technical Management, UX / Product Design"
Russian-Armenian University,Applied Mathematics and Informatics,Bachelor,Test Automation,39,"Software Engineering, Hardware / Embedded, IT Support / Admin / ERP, DevOps / Cloud, Data / ML / AI, Security, QA / Testing, Technical Management, UX / Product Design"
Russian-Armenian University,Applied Mathematics and Informatics,Bachelor,Next.js,14,"Software Engineering, Hardware / Embedded, IT Support / Admin / ERP, DevOps / Cloud, Data / ML / AI, Security, QA / Testing, Technical Management, UX / Product Design"
Russian-Armenian University,Applied Mathematics and Informatics,Bachelor,Webflow,2,"Software Engineering, Hardware / Embedded, IT Support / Admin / ERP, DevOps / Cloud, Data / ML / AI, Security, QA / Testing, Technical Management, UX / Product Design"
Russian-Armenian University,Applied Mathematics and Informatics,Bachelor,CMOS Process,2,"Software Engineering, Hardware / Embedded, IT Support / Admin / ERP, DevOps / Cloud, Data / ML / AI, Security, QA / Testing, Technical Management, UX / Product Design"
Russian-Armenian University,Applied Mathematics and Informatics,Bachelor,SAP Materials Management,4,"Software Engineering, Hardware / Embedded, IT Support / Admin / ERP, DevOps / Cloud, Data / ML / AI, Security, QA / Testing, Technical Management, UX / Product Design"
Russian-Armenian University,Applied Mathematics and Informatics,Bachelor,AI Tools,4,"Software Engineering, Hardware / Embedded, IT Support / Admin / ERP, DevOps / Cloud, Data / ML / AI, Security, QA / Testing, Technical Management, UX / Product Design"
Russian-Armenian University,Applied Mathematics and Informatics,Bachelor,Memory BIST (MBIST),2,"Software Engineering, Hardware / Embedded, IT Support / Admin / ERP, DevOps / Cloud, Data / ML / AI, Security, QA / Testing, Technical Management, UX / Product Design"
Russian-Armenian University,Applied Mathematics and Informatics,Bachelor,Intrusion Detection System/Intrusion Prevention System,1,"Software Engineering, Hardware / Embedded, IT Support / Admin / ERP, DevOps / Cloud, Data / ML / AI, Security, QA / Testing, Technical Management, UX / Product Design"
Russian-Armenian University,Applied Mathematics and Informatics,Bachelor,Generative AI,15,"Software Engineering, Hardware / Embedded, IT Support / Admin / ERP, DevOps / Cloud, Data / ML / AI, Security, QA / Testing, Technical Management, UX / Product Design"
Russian-Armenian University,Applied Mathematics and Informatics,Bachelor,Component Libraries,2,"Software Engineering, Hardware / Embedded, IT Support / Admin / ERP, DevOps / Cloud, Data / ML / AI, Security, QA / Testing, Technical Management, UX / Product Design"
Russian-Armenian University,Applied Mathematics and Informatics,Bachelor,Security Information and Event Management (SIEM),3,"Software Engineering, Hardware / Embedded, IT Support / Admin / ERP, DevOps / Cloud, Data / ML / AI, Security, QA / Testing, Technical Management, UX / Product Design"
Russian-Armenian University,Applied Mathematics and Informatics,Bachelor,Serial Digital Interface (SDI),2,"Software Engineering, Hardware / Embedded, IT Support / Admin / ERP, DevOps / Cloud, Data / ML / AI, Security, QA / Testing, Technical Management, UX / Product Design"
Russian-Armenian University,Applied Mathematics and Informatics,Bachelor,SAP Retail,3,"Software Engineering, Hardware / Embedded, IT Support / Admin / ERP, DevOps / Cloud, Data / ML / AI, Security, QA / Testing, Technical Management, UX / Product Design"
Russian-Armenian University,Applied Mathematics and Informatics,Bachelor,Automation,8,"Software Engineering, Hardware / Embedded, IT Support / Admin / ERP, DevOps / Cloud, Data / ML / AI, Security, QA / Testing, Technical Management, UX / Product Design"
Russian-Armenian University,Applied Mathematics and Informatics,Bachelor,Cloud Infrastructure,7,"Software Engineering, Hardware / Embedded, IT Support / Admin / ERP, DevOps / Cloud, Data / ML / AI, Security, QA / Testing, Technical Management, UX / Product Design"
Russian-Armenian University,Applied Mathematics and Informatics,Bachelor,Microsoft Intune,1,"Software Engineering, Hardware / Embedded, IT Support / Admin / ERP, DevOps / Cloud, Data / ML / AI, Security, QA / Testing, Technical Management, UX / Product Design"
Russian-Armenian University,Applied Mathematics and Informatics,Bachelor,Product Design,3,"Software Engineering, Hardware / Embedded, IT Support / Admin / ERP, DevOps / Cloud, Data / ML / AI, Security, QA / Testing, Technical Management, UX / Product Design"
Russian-Armenian University,Applied Mathematics and Informatics,Bachelor,IT Infrastructure,3,"Software Engineering, Hardware / Embedded, IT Support / Admin / ERP, DevOps / Cloud, Data / ML / AI, Security, QA / Testing, Technical Management, UX / Product Design"
Russian-Armenian University,Applied Mathematics and Informatics,Bachelor,Microservices,47,"Software Engineering, Hardware / Embedded, IT Support / Admin / ERP, DevOps / Cloud, Data / ML / AI, Security, QA / Testing, Technical Management, UX / Product Design"
Russian-Armenian University,Applied Mathematics and Informatics,Bachelor,UX Design,8,"Software Engineering, Hardware / Embedded, IT Support / Admin / ERP, DevOps / Cloud, Data / ML / AI, Security, QA / Testing, Technical Management, UX / Product Design"
Russian-Armenian University,Applied Mathematics and Informatics,Bachelor,Kubernetes,41,"Software Engineering, Hardware / Embedded, IT Support / Admin / ERP, DevOps / Cloud, Data / ML / AI, Security, QA / Testing, Technical Management, UX / Product Design"
Russian-Armenian University,Applied Mathematics and Informatics,Bachelor,Playwright,15,"Software Engineering, Hardware / Embedded, IT Support / Admin / ERP, DevOps / Cloud, Data / ML / AI, Security, QA / Testing, Technical Management, UX / Product Design"
Russian-Armenian University,Applied Mathematics and Informatics,Bachelor,Metasploit,1,"Software Engineering, Hardware / Embedded, IT Support / Admin / ERP, DevOps / Cloud, Data / ML / AI, Security, QA / Testing, Technical Management, UX / Product Design"
Russian-Armenian University,Applied Mathematics and Informatics,Bachelor,Circuit Breakers,1,"Software Engineering, Hardware / Embedded, IT Support / Admin / ERP, DevOps / Cloud, Data / ML / AI, Security, QA / Testing, Technical Management, UX / Product Design"
Russian-Armenian University,Applied Mathematics and Informatics,Bachelor,VLSI Design,5,"Software Engineering, Hardware / Embedded, IT Support / Admin / ERP, DevOps / Cloud, Data / ML / AI, Security, QA / Testing, Technical Management, UX / Product Design"
Russian-Armenian University,Applied Mathematics and Informatics,Bachelor,Endpoint Detection and Response/Extended Detection and Response,1,"Software Engineering, Hardware / Embedded, IT Support / Admin / ERP, DevOps / Cloud, Data / ML / AI, Security, QA / Testing, Technical Management, UX / Product Design"
Russian-Armenian University,Applied Mathematics and Informatics,Bachelor,A/B Testing,20,"Software Engineering, Hardware / Embedded, IT Support / Admin / ERP, DevOps / Cloud, Data / ML / AI, Security, QA / Testing, Technical Management, UX / Product Design"
Russian-Armenian University,Applied Mathematics and Informatics,Bachelor,Adobe XD,2,"Software Engineering, Hardware / Embedded, IT Support / Admin / ERP, DevOps / Cloud, Data / ML / AI, Security, QA / Testing, Technical Management, UX / Product Design"
Russian-Armenian University,Applied Mathematics and Informatics,Bachelor,Adobe Creative Suite,1,"Software Engineering, Hardware / Embedded, IT Support / Admin / ERP, DevOps / Cloud, Data / ML / AI, Security, QA / Testing, Technical Management, UX / Product Design"
Russian-Armenian University,Applied Mathematics and Informatics,Bachelor,CI/CD,61,"Software Engineering, Hardware / Embedded, IT Support / Admin / ERP, DevOps / Cloud, Data / ML / AI, Security, QA / Testing, Technical Management, UX / Product Design"
Russian-Armenian University,Applied Mathematics and Informatics,Bachelor,Equipment Maintenance,2,"Software Engineering, Hardware / Embedded, IT Support / Admin / ERP, DevOps / Cloud, Data / ML / AI, Security, QA / Testing, Technical Management, UX / Product Design"
Russian-Armenian University,Applied Mathematics and Informatics,Bachelor,Patch Panel Configuration,4,"Software Engineering, Hardware / Embedded, IT Support / Admin / ERP, DevOps / Cloud, Data / ML / AI, Security, QA / Testing, Technical Management, UX / Product Design"
Russian-Armenian University,Applied Mathematics and Informatics,Bachelor,Prompt Engineering,7,"Software Engineering, Hardware / Embedded, IT Support / Admin / ERP, DevOps / Cloud, Data / ML / AI, Security, QA / Testing, Technical Management, UX / Product Design"
Russian-Armenian University,Applied Mathematics and Informatics,Bachelor,CSS3,6,"Software Engineering, Hardware / Embedded, IT Support / Admin / ERP, DevOps / Cloud, Data / ML / AI, Security, QA / Testing, Technical Management, UX / Product Design"
Russian-Armenian University,Applied Mathematics and Informatics,Bachelor,Power BI,12,"Software Engineering, Hardware / Embedded, IT Support / Admin / ERP, DevOps / Cloud, Data / ML / AI, Security, QA / Testing, Technical Management, UX / Product Design"
Russian-Armenian University,Applied Mathematics and Informatics,Bachelor,DALL·E,1,"Software Engineering, Hardware / Embedded, IT Support / Admin / ERP, DevOps / Cloud, Data / ML / AI, Security, QA / Testing, Technical Management, UX / Product Design"
Russian-Armenian University,Applied Mathematics and Informatics,Bachelor,.NET,29,"Software Engineering, Hardware / Embedded, IT Support / Admin / ERP, DevOps / Cloud, Data / ML / AI, Security, QA / Testing, Technical Management, UX / Product Design"
Russian-Armenian University,Applied Mathematics and Informatics,Bachelor,Project Management Professional (PMP),3,"Software Engineering, Hardware / Embedded, IT Support / Admin / ERP, DevOps / Cloud, Data / ML / AI, Security, QA / Testing, Technical Management, UX / Product Design"
Russian-Armenian University,Applied Mathematics and Informatics,Bachelor,Secure Sdlc Practices,1,"Software Engineering, Hardware / Embedded, IT Support / Admin / ERP, DevOps / Cloud, Data / ML / AI, Security, QA / Testing, Technical Management, UX / Product Design"
Russian-Armenian University,Applied Mathematics and Informatics,Bachelor,Agile,38,"Software Engineering, Hardware / Embedded, IT Support / Admin / ERP, DevOps / Cloud, Data / ML / AI, Security, QA / Testing, Technical Management, UX / Product Design"
Russian-Armenian University,Applied Mathematics and Informatics,Bachelor,GitHub Advanced Security,1,"Software Engineering, Hardware / Embedded, IT Support / Admin / ERP, DevOps / Cloud, Data / ML / AI, Security, QA / Testing, Technical Management, UX / Product Design"
Russian-Armenian University,Applied Mathematics and Informatics,Bachelor,UVM,2,"Software Engineering, Hardware / Embedded, IT Support / Admin / ERP, DevOps / Cloud, Data / ML / AI, Security, QA / Testing, Technical Management, UX / Product Design"
Russian-Armenian University,Applied Mathematics and Informatics,Bachelor,Windows 10/11,1,"Software Engineering, Hardware / Embedded, IT Support / Admin / ERP, DevOps / Cloud, Data / ML / AI, Security, QA / Testing, Technical Management, UX / Product Design"
Russian-Armenian University,Applied Mathematics and Informatics,Bachelor,App Store,1,"Software Engineering, Hardware / Embedded, IT Support / Admin / ERP, DevOps / Cloud, Data / ML / AI, Security, QA / Testing, Technical Management, UX / Product Design"
Russian-Armenian University,Applied Mathematics and Informatics,Bachelor,Synthesis,4,"Software Engineering, Hardware / Embedded, IT Support / Admin / ERP, DevOps / Cloud, Data / ML / AI, Security, QA / Testing, Technical Management, UX / Product Design"
Russian-Armenian University,Applied Mathematics and Informatics,Bachelor,API Access Management,1,"Software Engineering, Hardware / Embedded, IT Support / Admin / ERP, DevOps / Cloud, Data / ML / AI, Security, QA / Testing, Technical Management, UX / Product Design"
Russian-Armenian University,Applied Mathematics and Informatics,Bachelor,Design Rule Check (DRC),3,"Software Engineering, Hardware / Embedded, IT Support / Admin / ERP, DevOps / Cloud, Data / ML / AI, Security, QA / Testing, Technical Management, UX / Product Design"
Russian-Armenian University,Applied Mathematics and Informatics,Bachelor,SAP FICO,6,"Software Engineering, Hardware / Embedded, IT Support / Admin / ERP, DevOps / Cloud, Data / ML / AI, Security, QA / Testing, Technical Management, UX / Product Design"
Russian-Armenian University,Applied Mathematics and Informatics,Bachelor,IT Auditing,1,"Software Engineering, Hardware / Embedded, IT Support / Admin / ERP, DevOps / Cloud, Data / ML / AI, Security, QA / Testing, Technical Management, UX / Product Design"
Russian-Armenian University,Applied Mathematics and Informatics,Bachelor,Group Policy,1,"Software Engineering, Hardware / Embedded, IT Support / Admin / ERP, DevOps / Cloud, Data / ML / AI, Security, QA / Testing, Technical Management, UX / Product Design"
Russian-Armenian University,Applied Mathematics and Informatics,Bachelor,Cloud Security,3,"Software Engineering, Hardware / Embedded, IT Support / Admin / ERP, DevOps / Cloud, Data / ML / AI, Security, QA / Testing, Technical Management, UX / Product Design"
Russian-Armenian University,Applied Mathematics and Informatics,Bachelor,Distributed Systems,34,"Software Engineering, Hardware / Embedded, IT Support / Admin / ERP, DevOps / Cloud, Data / ML / AI, Security, QA / Testing, Technical Management, UX / Product Design"
Russian-Armenian University,Applied Mathematics and Informatics,Bachelor,Project Based Learning,4,"Software Engineering, Hardware / Embedded, IT Support / Admin / ERP, DevOps / Cloud, Data / ML / AI, Security, QA / Testing, Technical Management, UX / Product Design"
Russian-Armenian University,Applied Mathematics and Informatics,Bachelor,Design for Testability (DFT),9,"Software Engineering, Hardware / Embedded, IT Support / Admin / ERP, DevOps / Cloud, Data / ML / AI, Security, QA / Testing, Technical Management, UX / Product Design"
Russian-Armenian University,Applied Mathematics and Informatics,Bachelor,Okta,5,"Software Engineering, Hardware / Embedded, IT Support / Admin / ERP, DevOps / Cloud, Data / ML / AI, Security, QA / Testing, Technical Management, UX / Product Design"
Russian-Armenian University,Applied Mathematics and Informatics,Bachelor,pytest,5,"Software Engineering, Hardware / Embedded, IT Support / Admin / ERP, DevOps / Cloud, Data / ML / AI, Security, QA / Testing, Technical Management, UX / Product Design"
Russian-Armenian University,Applied Mathematics and Informatics,Bachelor,Requirements Analysis,5,"Software Engineering, Hardware / Embedded, IT Support / Admin / ERP, DevOps / Cloud, Data / ML / AI, Security, QA / Testing, Technical Management, UX / Product Design"
Russian-Armenian University,Applied Mathematics and Informatics,Bachelor,Microsoft Project,3,"Software Engineering, Hardware / Embedded, IT Support / Admin / ERP, DevOps / Cloud, Data / ML / AI, Security, QA / Testing, Technical Management, UX / Product Design"
Russian-Armenian University,Applied Mathematics and Informatics,Bachelor,App Preview Video,1,"Software Engineering, Hardware / Embedded, IT Support / Admin / ERP, DevOps / Cloud, Data / ML / AI, Security, QA / Testing, Technical Management, UX / Product Design"
Russian-Armenian University,Applied Mathematics and Informatics,Bachelor,Data Pipelines,16,"Software Engineering, Hardware / Embedded, IT Support / Admin / ERP, DevOps / Cloud, Data / ML / AI, Security, QA / Testing, Technical Management, UX / Product Design"
Russian-Armenian University,Applied Mathematics and Informatics,Bachelor,Video Surveillance Systems,2,"Software Engineering, Hardware / Embedded, IT Support / Admin / ERP, DevOps / Cloud, Data / ML / AI, Security, QA / Testing, Technical Management, UX / Product Design"
Russian-Armenian University,Applied Mathematics and Informatics,Bachelor,Apache Spark,9,"Software Engineering, Hardware / Embedded, IT Support / Admin / ERP, DevOps / Cloud, Data / ML / AI, Security, QA / Testing, Technical Management, UX / Product Design"
Russian-Armenian University,Applied Mathematics and Informatics,Bachelor,Multi-Factor Authentication,2,"Software Engineering, Hardware / Embedded, IT Support / Admin / ERP, DevOps / Cloud, Data / ML / AI, Security, QA / Testing, Technical Management, UX / Product Design"
Russian-Armenian University,Applied Mathematics and Informatics,Bachelor,Chroma Keying,2,"Software Engineering, Hardware / Embedded, IT Support / Admin / ERP, DevOps / Cloud, Data / ML / AI, Security, QA / Testing, Technical Management, UX / Product Design"
Russian-Armenian University,Applied Mathematics and Informatics,Bachelor,Interaction Design,4,"Software Engineering, Hardware / Embedded, IT Support / Admin / ERP, DevOps / Cloud, Data / ML / AI, Security, QA / Testing, Technical Management, UX / Product Design"
Russian-Armenian University,Applied Mathematics and Informatics,Bachelor,Figma,17,"Software Engineering, Hardware / Embedded, IT Support / Admin / ERP, DevOps / Cloud, Data / ML / AI, Security, QA / Testing, Technical Management, UX / Product Design"
Russian-Armenian University,Applied Mathematics and Informatics,Bachelor,Incident Management,4,"Software Engineering, Hardware / Embedded, IT Support / Admin / ERP, DevOps / Cloud, Data / ML / AI, Security, QA / Testing, Technical Management, UX / Product Design"
Russian-Armenian University,Applied Mathematics and Informatics,Bachelor,Safety Procedures,2,"Software Engineering, Hardware / Embedded, IT Support / Admin / ERP, DevOps / Cloud, Data / ML / AI, Security, QA / Testing, Technical Management, UX / Product Design"
Russian-Armenian University,Applied Mathematics and Informatics,Bachelor,Security Auditing,2,"Software Engineering, Hardware / Embedded, IT Support / Admin / ERP, DevOps / Cloud, Data / ML / AI, Security, QA / Testing, Technical Management, UX / Product Design"
Russian-Armenian University,Applied Mathematics and Informatics,Bachelor,Machine Learning,44,"Software Engineering, Hardware / Embedded, IT Support / Admin / ERP, DevOps / Cloud, Data / ML / AI, Security, QA / Testing, Technical Management, UX / Product Design"
Russian-Armenian University,Applied Mathematics and Informatics,Bachelor,Okta Universal Directory,2,"Software Engineering, Hardware / Embedded, IT Support / Admin / ERP, DevOps / Cloud, Data / ML / AI, Security, QA / Testing, Technical Management, UX / Product Design"
Russian-Armenian University,Applied Mathematics and Informatics,Bachelor,DevSecOps,2,"Software Engineering, Hardware / Embedded, IT Support / Admin / ERP, DevOps / Cloud, Data / ML / AI, Security, QA / Testing, Technical Management, UX / Product Design"
Russian-Armenian University,Applied Mathematics and Informatics,Bachelor,Dashboard Development,9,"Software Engineering, Hardware / Embedded, IT Support / Admin / ERP, DevOps / Cloud, Data / ML / AI, Security, QA / Testing, Technical Management, UX / Product Design"
Russian-Armenian University,Applied Mathematics and Informatics,Bachelor,App Store Optimization,1,"Software Engineering, Hardware / Embedded, IT Support / Admin / ERP, DevOps / Cloud, Data / ML / AI, Security, QA / Testing, Technical Management, UX / Product Design"
Russian-Armenian University,Applied Mathematics and Informatics,Bachelor,Deep Learning,11,"Software Engineering, Hardware / Embedded, IT Support / Admin / ERP, DevOps / Cloud, Data / ML / AI, Security, QA / Testing, Technical Management, UX / Product Design"
Russian-Armenian University,Applied Mathematics and Informatics,Bachelor,AI-Driven Design Software,2,"Software Engineering, Hardware / Embedded, IT Support / Admin / ERP, DevOps / Cloud, Data / ML / AI, Security, QA / Testing, Technical Management, UX / Product Design"
Russian-Armenian University,Applied Mathematics and Informatics,Bachelor,Test Case Design,4,"Software Engineering, Hardware / Embedded, IT Support / Admin / ERP, DevOps / Cloud, Data / ML / AI, Security, QA / Testing, Technical Management, UX / Product Design"
Russian-Armenian University,Applied Mathematics and Informatics,Bachelor,PyTorch,8,"Software Engineering, Hardware / Embedded, IT Support / Admin / ERP, DevOps / Cloud, Data / ML / AI, Security, QA / Testing, Technical Management, UX / Product Design"
Russian-Armenian University,Applied Mathematics and Informatics,Bachelor,ASP.NET Core,18,"Software Engineering, Hardware / Embedded, IT Support / Admin / ERP, DevOps / Cloud, Data / ML / AI, Security, QA / Testing, Technical Management, UX / Product Design"
Russian-Armenian University,Applied Mathematics and Informatics,Bachelor,Circuit Board Layout,2,"Software Engineering, Hardware / Embedded, IT Support / Admin / ERP, DevOps / Cloud, Data / ML / AI, Security, QA / Testing, Technical Management, UX / Product Design"
Russian-Armenian University,Applied Mathematics and Informatics,Bachelor,Risk Management,2,"Software Engineering, Hardware / Embedded, IT Support / Admin / ERP, DevOps / Cloud, Data / ML / AI, Security, QA / Testing, Technical Management, UX / Product Design"
Russian-Armenian University,Applied Mathematics and Informatics,Bachelor,Static Application Security Testing (SAST),1,"Software Engineering, Hardware / Embedded, IT Support / Admin / ERP, DevOps / Cloud, Data / ML / AI, Security, QA / Testing, Technical Management, UX / Product Design"
Russian-Armenian University,Applied Mathematics and Informatics,Bachelor,PowerShell,6,"Software Engineering, Hardware / Embedded, IT Support / Admin / ERP, DevOps / Cloud, Data / ML / AI, Security, QA / Testing, Technical Management, UX / Product Design"
Russian-Armenian University,Applied Mathematics and Informatics,Bachelor,Windows Server,4,"Software Engineering, Hardware / Embedded, IT Support / Admin / ERP, DevOps / Cloud, Data / ML / AI, Security, QA / Testing, Technical Management, UX / Product Design"
Russian-Armenian University,Applied Mathematics and Informatics,Bachelor,Docker,51,"Software Engineering, Hardware / Embedded, IT Support / Admin / ERP, DevOps / Cloud, Data / ML / AI, Security, QA / Testing, Technical Management, UX / Product Design"
Russian-Armenian University,Applied Mathematics and Informatics,Bachelor,UX Research,1,"Software Engineering, Hardware / Embedded, IT Support / Admin / ERP, DevOps / Cloud, Data / ML / AI, Security, QA / Testing, Technical Management, UX / Product Design"
Russian-Armenian University,Applied Mathematics and Informatics,Bachelor,ABAP,8,"Software Engineering, Hardware / Embedded, IT Support / Admin / ERP, DevOps / Cloud, Data / ML / AI, Security, QA / Testing, Technical Management, UX / Product Design"
Russian-Armenian University,Applied Mathematics and Informatics,Bachelor,App Icon Design,1,"Software Engineering, Hardware / Embedded, IT Support / Admin / ERP, DevOps / Cloud, Data / ML / AI, Security, QA / Testing, Technical Management, UX / Product Design"
Russian-Armenian University,Applied Mathematics and Informatics,Bachelor,Active Directory,7,"Software Engineering, Hardware / Embedded, IT Support / Admin / ERP, DevOps / Cloud, Data / ML / AI, Security, QA / Testing, Technical Management, UX / Product Design"
Russian-Armenian University,Applied Mathematics and Informatics,Bachelor,Clock Tree Synthesis,5,"Software Engineering, Hardware / Embedded, IT Support / Admin / ERP, DevOps / Cloud, Data / ML / AI, Security, QA / Testing, Technical Management, UX / Product Design"
Russian-Armenian University,Applied Mathematics and Informatics,Bachelor,Cloud Platforms,20,"Software Engineering, Hardware / Embedded, IT Support / Admin / ERP, DevOps / Cloud, Data / ML / AI, Security, QA / Testing, Technical Management, UX / Product Design"
Russian-Armenian University,Applied Mathematics and Informatics,Bachelor,Real-Time Data Processing,1,"Software Engineering, Hardware / Embedded, IT Support / Admin / ERP, DevOps / Cloud, Data / ML / AI, Security, QA / Testing, Technical Management, UX / Product Design"
Russian-Armenian University,Applied Mathematics and Informatics,Bachelor,VMware,7,"Software Engineering, Hardware / Embedded, IT Support / Admin / ERP, DevOps / Cloud, Data / ML / AI, Security, QA / Testing, Technical Management, UX / Product Design"
Russian-Armenian University,Applied Mathematics and Informatics,Bachelor,SAP S/4HANA,15,"Software Engineering, Hardware / Embedded, IT Support / Admin / ERP, DevOps / Cloud, Data / ML / AI, Security, QA / Testing, Technical Management, UX / Product Design"
Russian-Armenian University,Applied Mathematics and Informatics,Bachelor,Adobe Creative Cloud,1,"Software Engineering, Hardware / Embedded, IT Support / Admin / ERP, DevOps / Cloud, Data / ML / AI, Security, QA / Testing, Technical Management, UX / Product Design"
Russian-Armenian University,Applied Mathematics and Informatics,Bachelor,Mobile Application Testing,6,"Software Engineering, Hardware / Embedded, IT Support / Admin / ERP, DevOps / Cloud, Data / ML / AI, Security, QA / Testing, Technical Management, UX / Product Design"
Russian-Armenian University,Applied Mathematics and Informatics,Bachelor,Electrical Systems,2,"Software Engineering, Hardware / Embedded, IT Support / Admin / ERP, DevOps / Cloud, Data / ML / AI, Security, QA / Testing, Technical Management, UX / Product Design"
Russian-Armenian University,Applied Mathematics and Informatics,Bachelor,User Interface Design,1,"Software Engineering, Hardware / Embedded, IT Support / Admin / ERP, DevOps / Cloud, Data / ML / AI, Security, QA / Testing, Technical Management, UX / Product Design"
Russian-Armenian University,Applied Mathematics and Informatics,Bachelor,Scrum,14,"Software Engineering, Hardware / Embedded, IT Support / Admin / ERP, DevOps / Cloud, Data / ML / AI, Security, QA / Testing, Technical Management, UX / Product Design"
Russian-Armenian University,Applied Mathematics and Informatics,Bachelor,Manual Testing,13,"Software Engineering, Hardware / Embedded, IT Support / Admin / ERP, DevOps / Cloud, Data / ML / AI, Security, QA / Testing, Technical Management, UX / Product Design"
Russian-Armenian University,Applied Mathematics and Informatics,Bachelor,Curriculum Development,3,"Software Engineering, Hardware / Embedded, IT Support / Admin / ERP, DevOps / Cloud, Data / ML / AI, Security, QA / Testing, Technical Management, UX / Product Design"
Russian-Armenian University,Applied Mathematics and Informatics,Bachelor,Microsoft Azure,27,"Software Engineering, Hardware / Embedded, IT Support / Admin / ERP, DevOps / Cloud, Data / ML / AI, Security, QA / Testing, Technical Management, UX / Product Design"
Russian-Armenian University,Applied Mathematics and Informatics,Bachelor,Azure DevOps,9,"Software Engineering, Hardware / Embedded, IT Support / Admin / ERP, DevOps / Cloud, Data / ML / AI, Security, QA / Testing, Technical Management, UX / Product Design"
Russian-Armenian University,Applied Mathematics and Informatics,Bachelor,Layout Versus Schematic (LVS),3,"Software Engineering, Hardware / Embedded, IT Support / Admin / ERP, DevOps / Cloud, Data / ML / AI, Security, QA / Testing, Technical Management, UX / Product Design"
Russian-Armenian University,Applied Mathematics and Informatics,Bachelor,SystemVerilog,5,"Software Engineering, Hardware / Embedded, IT Support / Admin / ERP, DevOps / Cloud, Data / ML / AI, Security, QA / Testing, Technical Management, UX / Product Design"
Russian-Armenian University,Applied Mathematics and Informatics,Bachelor,Single Sign-On,3,"Software Engineering, Hardware / Embedded, IT Support / Admin / ERP, DevOps / Cloud, Data / ML / AI, Security, QA / Testing, Technical Management, UX / Product Design"
Russian-Armenian University,Applied Mathematics and Informatics,Bachelor,Tableau,8,"Software Engineering, Hardware / Embedded, IT Support / Admin / ERP, DevOps / Cloud, Data / ML / AI, Security, QA / Testing, Technical Management, UX / Product Design"
Russian-Armenian University,Applied Mathematics and Informatics,Bachelor,SDC,5,"Software Engineering, Hardware / Embedded, IT Support / Admin / ERP, DevOps / Cloud, Data / ML / AI, Security, QA / Testing, Technical Management, UX / Product Design"
Russian-Armenian University,Applied Mathematics and Informatics,Bachelor,Fortinet,1,"Software Engineering, Hardware / Embedded, IT Support / Admin / ERP, DevOps / Cloud, Data / ML / AI, Security, QA / Testing, Technical Management, UX / Product Design"
Russian-Armenian University,Applied Mathematics and Informatics,Bachelor,Qualitative Analysis,1,"Software Engineering, Hardware / Embedded, IT Support / Admin / ERP, DevOps / Cloud, Data / ML / AI, Security, QA / Testing, Technical Management, UX / Product Design"
Russian-Armenian University,Applied Mathematics and Informatics,Bachelor,ELK Stack,1,"Software Engineering, Hardware / Embedded, IT Support / Admin / ERP, DevOps / Cloud, Data / ML / AI, Security, QA / Testing, Technical Management, UX / Product Design"
Russian-Armenian University,Applied Mathematics and Informatics,Bachelor,CCTV Systems,2,"Software Engineering, Hardware / Embedded, IT Support / Admin / ERP, DevOps / Cloud, Data / ML / AI, Security, QA / Testing, Technical Management, UX / Product Design"
Russian-Armenian University,Applied Mathematics and Informatics,Bachelor,Virtual Private Network,4,"Software Engineering, Hardware / Embedded, IT Support / Admin / ERP, DevOps / Cloud, Data / ML / AI, Security, QA / Testing, Technical Management, UX / Product Design"
Russian-Armenian University,Applied Mathematics and Informatics,Bachelor,Incident Response,4,"Software Engineering, Hardware / Embedded, IT Support / Admin / ERP, DevOps / Cloud, Data / ML / AI, Security, QA / Testing, Technical Management, UX / Product Design"
Russian-Armenian University,Applied Mathematics and Informatics,Bachelor,Single Page Application,2,"Software Engineering, Hardware / Embedded, IT Support / Admin / ERP, DevOps / Cloud, Data / ML / AI, Security, QA / Testing, Technical Management, UX / Product Design"
Russian-Armenian University,Applied Mathematics and Informatics,Bachelor,Large Language Models,37,"Software Engineering, Hardware / Embedded, IT Support / Admin / ERP, DevOps / Cloud, Data / ML / AI, Security, QA / Testing, Technical Management, UX / Product Design"
Russian-Armenian University,Applied Mathematics and Informatics,Bachelor,Jenkins,15,"Software Engineering, Hardware / Embedded, IT Support / Admin / ERP, DevOps / Cloud, Data / ML / AI, Security, QA / Testing, Technical Management, UX / Product Design"
Russian-Armenian University,Applied Mathematics and Informatics,Bachelor,Adobe Photoshop,3,"Software Engineering, Hardware / Embedded, IT Support / Admin / ERP, DevOps / Cloud, Data / ML / AI, Security, QA / Testing, Technical Management, UX / Product Design"
Russian-Armenian University,Applied Mathematics and Informatics,Bachelor,Calibre DRC,2,"Software Engineering, Hardware / Embedded, IT Support / Admin / ERP, DevOps / Cloud, Data / ML / AI, Security, QA / Testing, Technical Management, UX / Product Design"
Russian-Armenian University,Applied Mathematics and Informatics,Bachelor,Grafana,10,"Software Engineering, Hardware / Embedded, IT Support / Admin / ERP, DevOps / Cloud, Data / ML / AI, Security, QA / Testing, Technical Management, UX / Product Design"
Russian-Armenian University,Applied Mathematics and Informatics,Bachelor,Identity and Access Management,6,"Software Engineering, Hardware / Embedded, IT Support / Admin / ERP, DevOps / Cloud, Data / ML / AI, Security, QA / Testing, Technical Management, UX / Product Design"
Russian-Armenian University,Applied Mathematics and Informatics,Bachelor,ISO 27001,1,"Software Engineering, Hardware / Embedded, IT Support / Admin / ERP, DevOps / Cloud, Data / ML / AI, Security, QA / Testing, Technical Management, UX / Product Design"
Russian-Armenian University,Applied Mathematics and Informatics,Bachelor,Splunk,1,"Software Engineering, Hardware / Embedded, IT Support / Admin / ERP, DevOps / Cloud, Data / ML / AI, Security, QA / Testing, Technical Management, UX / Product Design"
Russian-Armenian University,Applied Mathematics and Informatics,Bachelor,Mobile-First Design,1,"Software Engineering, Hardware / Embedded, IT Support / Admin / ERP, DevOps / Cloud, Data / ML / AI, Security, QA / Testing, Technical Management, UX / Product Design"
Russian-Armenian University,Applied Mathematics and Informatics,Bachelor,Adobe Illustrator,2,"Software Engineering, Hardware / Embedded, IT Support / Admin / ERP, DevOps / Cloud, Data / ML / AI, Security, QA / Testing, Technical Management, UX / Product Design"
Russian-Armenian University,Applied Mathematics and Informatics,Bachelor,Penetration Testing,3,"Software Engineering, Hardware / Embedded, IT Support / Admin / ERP, DevOps / Cloud, Data / ML / AI, Security, QA / Testing, Technical Management, UX / Product Design"
Russian-Armenian University,Applied Mathematics and Informatics,Bachelor,Power Performance Area (PPA) Optimization,2,"Software Engineering, Hardware / Embedded, IT Support / Admin / ERP, DevOps / Cloud, Data / ML / AI, Security, QA / Testing, Technical Management, UX / Product Design"
Russian-Armenian University,Applied Mathematics and Informatics,Bachelor,Burp Suite,1,"Software Engineering, Hardware / Embedded, IT Support / Admin / ERP, DevOps / Cloud, Data / ML / AI, Security, QA / Testing, Technical Management, UX / Product Design"
Russian-Armenian University,Applied Mathematics and Informatics,Bachelor,Equipment Installation,2,"Software Engineering, Hardware / Embedded, IT Support / Admin / ERP, DevOps / Cloud, Data / ML / AI, Security, QA / Testing, Technical Management, UX / Product Design"
Russian-Armenian University,Applied Mathematics and Informatics,Bachelor,LDAP,5,"Software Engineering, Hardware / Embedded, IT Support / Admin / ERP, DevOps / Cloud, Data / ML / AI, Security, QA / Testing, Technical Management, UX / Product Design"
Russian-Armenian University,Applied Mathematics and Informatics,Bachelor,HDMI,2,"Software Engineering, Hardware / Embedded, IT Support / Admin / ERP, DevOps / Cloud, Data / ML / AI, Security, QA / Testing, Technical Management, UX / Product Design"
Russian-Armenian University,Applied Mathematics and Informatics,Bachelor,Threat Intelligence,1,"Software Engineering, Hardware / Embedded, IT Support / Admin / ERP, DevOps / Cloud, Data / ML / AI, Security, QA / Testing, Technical Management, UX / Product Design"
Russian-Armenian University,Applied Mathematics and Informatics,Bachelor,Application Security,2,"Software Engineering, Hardware / Embedded, IT Support / Admin / ERP, DevOps / Cloud, Data / ML / AI, Security, QA / Testing, Technical Management, UX / Product Design"
Russian-Armenian University,Applied Mathematics and Informatics,Bachelor,Floorplanning,4,"Software Engineering, Hardware / Embedded, IT Support / Admin / ERP, DevOps / Cloud, Data / ML / AI, Security, QA / Testing, Technical Management, UX / Product Design"
Russian-Armenian University,Applied Mathematics and Informatics,Bachelor,Network Security,3,"Software Engineering, Hardware / Embedded, IT Support / Admin / ERP, DevOps / Cloud, Data / ML / AI, Security, QA / Testing, Technical Management, UX / Product Design"
Russian-Armenian University,Applied Mathematics and Informatics,Bachelor,Datadog,5,"Software Engineering, Hardware / Embedded, IT Support / Admin / ERP, DevOps / Cloud, Data / ML / AI, Security, QA / Testing, Technical Management, UX / Product Design"
Russian-Armenian University,Applied Mathematics and Informatics,Bachelor,Cisco,2,"Software Engineering, Hardware / Embedded, IT Support / Admin / ERP, DevOps / Cloud, Data / ML / AI, Security, QA / Testing, Technical Management, UX / Product Design"
Russian-Armenian University,Applied Mathematics and Informatics,Bachelor,Account Management,2,"Software Engineering, Hardware / Embedded, IT Support / Admin / ERP, DevOps / Cloud, Data / ML / AI, Security, QA / Testing, Technical Management, UX / Product Design"
Russian-Armenian University,Applied Mathematics and Informatics,Bachelor,Master Data Management,3,"Software Engineering, Hardware / Embedded, IT Support / Admin / ERP, DevOps / Cloud, Data / ML / AI, Security, QA / Testing, Technical Management, UX / Product Design"
Russian-Armenian University,Applied Mathematics and Informatics,Bachelor,3D Animation,1,"Software Engineering, Hardware / Embedded, IT Support / Admin / ERP, DevOps / Cloud, Data / ML / AI, Security, QA / Testing, Technical Management, UX / Product Design"
Russian-Armenian University,Applied Mathematics and Informatics,Bachelor,Angular,20,"Software Engineering, Hardware / Embedded, IT Support / Admin / ERP, DevOps / Cloud, Data / ML / AI, Security, QA / Testing, Technical Management, UX / Product Design"
Russian-Armenian University,Applied Mathematics and Informatics,Bachelor,ABAP Core Data Services,3,"Software Engineering, Hardware / Embedded, IT Support / Admin / ERP, DevOps / Cloud, Data / ML / AI, Security, QA / Testing, Technical Management, UX / Product Design"
Russian-Armenian University,Applied Mathematics and Informatics,Bachelor,CSS,23,"Software Engineering, Hardware / Embedded, IT Support / Admin / ERP, DevOps / Cloud, Data / ML / AI, Security, QA / Testing, Technical Management, UX / Product Design"
Russian-Armenian University,Applied Mathematics and Informatics,Bachelor,Test Planning,6,"Software Engineering, Hardware / Embedded, IT Support / Admin / ERP, DevOps / Cloud, Data / ML / AI, Security, QA / Testing, Technical Management, UX / Product Design"
Russian-Armenian University,Applied Mathematics and Informatics,Bachelor,Cybersecurity,2,"Software Engineering, Hardware / Embedded, IT Support / Admin / ERP, DevOps / Cloud, Data / ML / AI, Security, QA / Testing, Technical Management, UX / Product Design"
Russian-Armenian University,Applied Mathematics and Informatics,Bachelor,Web Application Testing,5,"Software Engineering, Hardware / Embedded, IT Support / Admin / ERP, DevOps / Cloud, Data / ML / AI, Security, QA / Testing, Technical Management, UX / Product Design"
Russian-Armenian University,Applied Mathematics and Informatics,Bachelor,Bug Bounty Programs,1,"Software Engineering, Hardware / Embedded, IT Support / Admin / ERP, DevOps / Cloud, Data / ML / AI, Security, QA / Testing, Technical Management, UX / Product Design"
Russian-Armenian University,Applied Mathematics and Informatics,Bachelor,Compliance,4,"Software Engineering, Hardware / Embedded, IT Support / Admin / ERP, DevOps / Cloud, Data / ML / AI, Security, QA / Testing, Technical Management, UX / Product Design"
Russian-Armenian University,Applied Mathematics and Informatics,Bachelor,IT Governance,1,"Software Engineering, Hardware / Embedded, IT Support / Admin / ERP, DevOps / Cloud, Data / ML / AI, Security, QA / Testing, Technical Management, UX / Product Design"
Russian-Armenian University,Applied Mathematics and Informatics,Bachelor,Broadcast Equipment,2,"Software Engineering, Hardware / Embedded, IT Support / Admin / ERP, DevOps / Cloud, Data / ML / AI, Security, QA / Testing, Technical Management, UX / Product Design"
Russian-Armenian University,Applied Mathematics and Informatics,Bachelor,Hardware Troubleshooting,6,"Software Engineering, Hardware / Embedded, IT Support / Admin / ERP, DevOps / Cloud, Data / ML / AI, Security, QA / Testing, Technical Management, UX / Product Design"
Russian-Armenian University,Applied Mathematics and Informatics,Bachelor,Artificial Intelligence,6,"Software Engineering, Hardware / Embedded, IT Support / Admin / ERP, DevOps / Cloud, Data / ML / AI, Security, QA / Testing, Technical Management, UX / Product Design"
Russian-Armenian University,Applied Mathematics and Informatics,Bachelor,Low-Latency Systems,2,"Software Engineering, Hardware / Embedded, IT Support / Admin / ERP, DevOps / Cloud, Data / ML / AI, Security, QA / Testing, Technical Management, UX / Product Design"
Russian-Armenian University,Applied Mathematics and Informatics,Bachelor,"GRC (Governance, Risk & Compliance)",1,"Software Engineering, Hardware / Embedded, IT Support / Admin / ERP, DevOps / Cloud, Data / ML / AI, Security, QA / Testing, Technical Management, UX / Product Design"
Russian-Armenian University,Applied Mathematics and Informatics,Bachelor,AWS,73,"Software Engineering, Hardware / Embedded, IT Support / Admin / ERP, DevOps / Cloud, Data / ML / AI, Security, QA / Testing, Technical Management, UX / Product Design"
Russian-Armenian University,Applied Mathematics and Informatics,Bachelor,Verilog,2,"Software Engineering, Hardware / Embedded, IT Support / Admin / ERP, DevOps / Cloud, Data / ML / AI, Security, QA / Testing, Technical Management, UX / Product Design"
Russian-Armenian University,Applied Mathematics and Informatics,Bachelor,Retrieval-Augmented Generation,12,"Software Engineering, Hardware / Embedded, IT Support / Admin / ERP, DevOps / Cloud, Data / ML / AI, Security, QA / Testing, Technical Management, UX / Product Design"
Russian-Armenian University,Applied Mathematics and Informatics,Bachelor,SAP Configuration,8,"Software Engineering, Hardware / Embedded, IT Support / Admin / ERP, DevOps / Cloud, Data / ML / AI, Security, QA / Testing, Technical Management, UX / Product Design"
Russian-Armenian University,Applied Mathematics and Informatics,Bachelor,RTL Design,6,"Software Engineering, Hardware / Embedded, IT Support / Admin / ERP, DevOps / Cloud, Data / ML / AI, Security, QA / Testing, Technical Management, UX / Product Design"
Russian-Armenian University,Applied Mathematics and Informatics,Bachelor,Ansible,5,"Software Engineering, Hardware / Embedded, IT Support / Admin / ERP, DevOps / Cloud, Data / ML / AI, Security, QA / Testing, Technical Management, UX / Product Design"
Russian-Armenian University,Applied Mathematics and Informatics,Bachelor,Backend Development,25,"Software Engineering, Hardware / Embedded, IT Support / Admin / ERP, DevOps / Cloud, Data / ML / AI, Security, QA / Testing, Technical Management, UX / Product Design"
Russian-Armenian University,Applied Mathematics and Informatics,Bachelor,Tcl,15,"Software Engineering, Hardware / Embedded, IT Support / Admin / ERP, DevOps / Cloud, Data / ML / AI, Security, QA / Testing, Technical Management, UX / Product Design"
Russian-Armenian University,Applied Mathematics and Informatics,Bachelor,Mobile Application Design,1,"Software Engineering, Hardware / Embedded, IT Support / Admin / ERP, DevOps / Cloud, Data / ML / AI, Security, QA / Testing, Technical Management, UX / Product Design"
Russian-Armenian University,Applied Mathematics and Informatics,Bachelor,Selenium,11,"Software Engineering, Hardware / Embedded, IT Support / Admin / ERP, DevOps / Cloud, Data / ML / AI, Security, QA / Testing, Technical Management, UX / Product Design"
Russian-Armenian University,Applied Mathematics and Informatics,Bachelor,E-Commerce,1,"Software Engineering, Hardware / Embedded, IT Support / Admin / ERP, DevOps / Cloud, Data / ML / AI, Security, QA / Testing, Technical Management, UX / Product Design"
Russian-Armenian University,Applied Mathematics and Informatics,Bachelor,ASIC Design,13,"Software Engineering, Hardware / Embedded, IT Support / Admin / ERP, DevOps / Cloud, Data / ML / AI, Security, QA / Testing, Technical Management, UX / Product Design"
Russian-Armenian University,Applied Mathematics and Informatics,Bachelor,Microsoft System Center Configuration Manager,1,"Software Engineering, Hardware / Embedded, IT Support / Admin / ERP, DevOps / Cloud, Data / ML / AI, Security, QA / Testing, Technical Management, UX / Product Design"
Russian-Armenian University,Applied Mathematics and Informatics,Bachelor,Privilege Escalation,1,"Software Engineering, Hardware / Embedded, IT Support / Admin / ERP, DevOps / Cloud, Data / ML / AI, Security, QA / Testing, Technical Management, UX / Product Design"
Russian-Armenian University,Applied Mathematics and Informatics,Bachelor,User Research,8,"Software Engineering, Hardware / Embedded, IT Support / Admin / ERP, DevOps / Cloud, Data / ML / AI, Security, QA / Testing, Technical Management, UX / Product Design"
Russian-Armenian University,Applied Mathematics and Informatics,Bachelor,Usability Testing,4,"Software Engineering, Hardware / Embedded, IT Support / Admin / ERP, DevOps / Cloud, Data / ML / AI, Security, QA / Testing, Technical Management, UX / Product Design"
Russian-Armenian University,Applied Mathematics and Informatics,Bachelor,Competitor Analysis,1,"Software Engineering, Hardware / Embedded, IT Support / Admin / ERP, DevOps / Cloud, Data / ML / AI, Security, QA / Testing, Technical Management, UX / Product Design"
Russian-Armenian University,Applied Mathematics and Informatics,Bachelor,DevOps,16,"Software Engineering, Hardware / Embedded, IT Support / Admin / ERP, DevOps / Cloud, Data / ML / AI, Security, QA / Testing, Technical Management, UX / Product Design"
Russian-Armenian University,Applied Mathematics and Informatics,Bachelor,Web and Mobile Design,1,"Software Engineering, Hardware / Embedded, IT Support / Admin / ERP, DevOps / Cloud, Data / ML / AI, Security, QA / Testing, Technical Management, UX / Product Design"
Russian-Armenian University,Applied Mathematics and Informatics,Bachelor,Jira,19,"Software Engineering, Hardware / Embedded, IT Support / Admin / ERP, DevOps / Cloud, Data / ML / AI, Security, QA / Testing, Technical Management, UX / Product Design"
Russian-Armenian University,Applied Mathematics and Informatics,Bachelor,Print Design,1,"Software Engineering, Hardware / Embedded, IT Support / Admin / ERP, DevOps / Cloud, Data / ML / AI, Security, QA / Testing, Technical Management, UX / Product Design"
Russian-Armenian University,Applied Mathematics and Informatics,Bachelor,TypeScript,78,"Software Engineering, Hardware / Embedded, IT Support / Admin / ERP, DevOps / Cloud, Data / ML / AI, Security, QA / Testing, Technical Management, UX / Product Design"
Russian-Armenian University,Applied Mathematics and Informatics,Bachelor,VLSI,2,"Software Engineering, Hardware / Embedded, IT Support / Admin / ERP, DevOps / Cloud, Data / ML / AI, Security, QA / Testing, Technical Management, UX / Product Design"
Russian-Armenian University,Applied Mathematics and Informatics,Bachelor,SoC Design,2,"Software Engineering, Hardware / Embedded, IT Support / Admin / ERP, DevOps / Cloud, Data / ML / AI, Security, QA / Testing, Technical Management, UX / Product Design"
Russian-Armenian University,Applied Mathematics and Informatics,Bachelor,Functional Testing,7,"Software Engineering, Hardware / Embedded, IT Support / Admin / ERP, DevOps / Cloud, Data / ML / AI, Security, QA / Testing, Technical Management, UX / Product Design"
Russian-Armenian University,Applied Mathematics and Informatics,Bachelor,HTML5,8,"Software Engineering, Hardware / Embedded, IT Support / Admin / ERP, DevOps / Cloud, Data / ML / AI, Security, QA / Testing, Technical Management, UX / Product Design"
Russian-Armenian University,Applied Mathematics and Informatics,Bachelor,ETL,16,"Software Engineering, Hardware / Embedded, IT Support / Admin / ERP, DevOps / Cloud, Data / ML / AI, Security, QA / Testing, Technical Management, UX / Product Design"
Russian-Armenian University,Applied Mathematics and Informatics,Bachelor,SAP Sales and Distribution,3,"Software Engineering, Hardware / Embedded, IT Support / Admin / ERP, DevOps / Cloud, Data / ML / AI, Security, QA / Testing, Technical Management, UX / Product Design"
Russian-Armenian University,Applied Mathematics and Informatics,Bachelor,Perl,7,"Software Engineering, Hardware / Embedded, IT Support / Admin / ERP, DevOps / Cloud, Data / ML / AI, Security, QA / Testing, Technical Management, UX / Product Design"
Russian-Armenian University,Applied Mathematics and Informatics,Bachelor,macOS,5,"Software Engineering, Hardware / Embedded, IT Support / Admin / ERP, DevOps / Cloud, Data / ML / AI, Security, QA / Testing, Technical Management, UX / Product Design"
Russian-Armenian University,Applied Mathematics and Informatics,Bachelor,Conversion Rate Optimization,2,"Software Engineering, Hardware / Embedded, IT Support / Admin / ERP, DevOps / Cloud, Data / ML / AI, Security, QA / Testing, Technical Management, UX / Product Design"
Russian-Armenian University,Applied Mathematics and Informatics,Bachelor,Quality Assurance,7,"Software Engineering, Hardware / Embedded, IT Support / Admin / ERP, DevOps / Cloud, Data / ML / AI, Security, QA / Testing, Technical Management, UX / Product Design"
Russian-Armenian University,Applied Mathematics and Informatics,Bachelor,Data Center Infrastructure Management (DCIM),5,"Software Engineering, Hardware / Embedded, IT Support / Admin / ERP, DevOps / Cloud, Data / ML / AI, Security, QA / Testing, Technical Management, UX / Product Design"
Russian-Armenian University,Applied Mathematics and Informatics,Bachelor,UX Motion Design,1,"Software Engineering, Hardware / Embedded, IT Support / Admin / ERP, DevOps / Cloud, Data / ML / AI, Security, QA / Testing, Technical Management, UX / Product Design"
Russian-Armenian University,Applied Mathematics and Informatics,Bachelor,Digital Forensics,1,"Software Engineering, Hardware / Embedded, IT Support / Admin / ERP, DevOps / Cloud, Data / ML / AI, Security, QA / Testing, Technical Management, UX / Product Design"
Russian-Armenian University,Applied Mathematics and Informatics,Bachelor,C#,38,"Software Engineering, Hardware / Embedded, IT Support / Admin / ERP, DevOps / Cloud, Data / ML / AI, Security, QA / Testing, Technical Management, UX / Product Design"
Russian-Armenian University,Applied Mathematics and Informatics,Bachelor,HTML,13,"Software Engineering, Hardware / Embedded, IT Support / Admin / ERP, DevOps / Cloud, Data / ML / AI, Security, QA / Testing, Technical Management, UX / Product Design"
Russian-Armenian University,Applied Mathematics and Informatics,Bachelor,VLANs,2,"Software Engineering, Hardware / Embedded, IT Support / Admin / ERP, DevOps / Cloud, Data / ML / AI, Security, QA / Testing, Technical Management, UX / Product Design"
Russian-Armenian University,Applied Mathematics and Informatics,Bachelor,Business Intelligence,9,"Software Engineering, Hardware / Embedded, IT Support / Admin / ERP, DevOps / Cloud, Data / ML / AI, Security, QA / Testing, Technical Management, UX / Product Design"
Russian-Armenian University,Applied Mathematics and Informatics,Bachelor,PHP,24,"Software Engineering, Hardware / Embedded, IT Support / Admin / ERP, DevOps / Cloud, Data / ML / AI, Security, QA / Testing, Technical Management, UX / Product Design"
Russian-Armenian University,Applied Mathematics and Informatics,Bachelor,Prototyping,13,"Software Engineering, Hardware / Embedded, IT Support / Admin / ERP, DevOps / Cloud, Data / ML / AI, Security, QA / Testing, Technical Management, UX / Product Design"
Russian-Armenian University,Applied Mathematics and Informatics,Bachelor,Apache Airflow,10,"Software Engineering, Hardware / Embedded, IT Support / Admin / ERP, DevOps / Cloud, Data / ML / AI, Security, QA / Testing, Technical Management, UX / Product Design"
Russian-Armenian University,Applied Mathematics and Informatics,Bachelor,MongoDB,17,"Software Engineering, Hardware / Embedded, IT Support / Admin / ERP, DevOps / Cloud, Data / ML / AI, Security, QA / Testing, Technical Management, UX / Product Design"
Russian-Armenian University,Applied Mathematics and Informatics,Bachelor,Compliance Frameworks,1,"Software Engineering, Hardware / Embedded, IT Support / Admin / ERP, DevOps / Cloud, Data / ML / AI, Security, QA / Testing, Technical Management, UX / Product Design"
Russian-Armenian University,Applied Mathematics and Informatics,Bachelor,Telecommunications,2,"Software Engineering, Hardware / Embedded, IT Support / Admin / ERP, DevOps / Cloud, Data / ML / AI, Security, QA / Testing, Technical Management, UX / Product Design"
Russian-Armenian University,Applied Mathematics and Informatics,Bachelor,Vulnerability Assessment,3,"Software Engineering, Hardware / Embedded, IT Support / Admin / ERP, DevOps / Cloud, Data / ML / AI, Security, QA / Testing, Technical Management, UX / Product Design"
Russian-Armenian University,Applied Mathematics and Informatics,Bachelor,EM/IR Analysis,4,"Software Engineering, Hardware / Embedded, IT Support / Admin / ERP, DevOps / Cloud, Data / ML / AI, Security, QA / Testing, Technical Management, UX / Product Design"
Russian-Armenian University,Applied Mathematics and Informatics,Bachelor,Mobile Security,1,"Software Engineering, Hardware / Embedded, IT Support / Admin / ERP, DevOps / Cloud, Data / ML / AI, Security, QA / Testing, Technical Management, UX / Product Design"
Russian-Armenian University,Applied Mathematics and Informatics,Bachelor,Cadence Virtuoso,3,"Software Engineering, Hardware / Embedded, IT Support / Admin / ERP, DevOps / Cloud, Data / ML / AI, Security, QA / Testing, Technical Management, UX / Product Design"
Russian-Armenian University,Applied Mathematics and Informatics,Bachelor,Signal Integrity,3,"Software Engineering, Hardware / Embedded, IT Support / Admin / ERP, DevOps / Cloud, Data / ML / AI, Security, QA / Testing, Technical Management, UX / Product Design"
Russian-Armenian University,Applied Mathematics and Informatics,Bachelor,Natural Language Processing,11,"Software Engineering, Hardware / Embedded, IT Support / Admin / ERP, DevOps / Cloud, Data / ML / AI, Security, QA / Testing, Technical Management, UX / Product Design"
Russian-Armenian University,Applied Mathematics and Informatics,Bachelor,UI Testing,4,"Software Engineering, Hardware / Embedded, IT Support / Admin / ERP, DevOps / Cloud, Data / ML / AI, Security, QA / Testing, Technical Management, UX / Product Design"
Russian-Armenian University,Applied Mathematics and Informatics,Bachelor,Database Support,3,"Software Engineering, Hardware / Embedded, IT Support / Admin / ERP, DevOps / Cloud, Data / ML / AI, Security, QA / Testing, Technical Management, UX / Product Design"
Russian-Armenian University,Applied Mathematics and Informatics,Bachelor,JavaScript,79,"Software Engineering, Hardware / Embedded, IT Support / Admin / ERP, DevOps / Cloud, Data / ML / AI, Security, QA / Testing, Technical Management, UX / Product Design"
Russian-Armenian University,Applied Mathematics and Informatics,Bachelor,Access Control,4,"Software Engineering, Hardware / Embedded, IT Support / Admin / ERP, DevOps / Cloud, Data / ML / AI, Security, QA / Testing, Technical Management, UX / Product Design"
Russian-Armenian University,Applied Mathematics and Informatics,Bachelor,Cypress,6,"Software Engineering, Hardware / Embedded, IT Support / Admin / ERP, DevOps / Cloud, Data / ML / AI, Security, QA / Testing, Technical Management, UX / Product Design"
Russian-Armenian University,Applied Mathematics and Informatics,Bachelor,Graphic Design,2,"Software Engineering, Hardware / Embedded, IT Support / Admin / ERP, DevOps / Cloud, Data / ML / AI, Security, QA / Testing, Technical Management, UX / Product Design"
Russian-Armenian University,Applied Mathematics and Informatics,Bachelor,MLOps,13,"Software Engineering, Hardware / Embedded, IT Support / Admin / ERP, DevOps / Cloud, Data / ML / AI, Security, QA / Testing, Technical Management, UX / Product Design"
Russian-Armenian University,Applied Mathematics and Informatics,Bachelor,Okta API Access Management,1,"Software Engineering, Hardware / Embedded, IT Support / Admin / ERP, DevOps / Cloud, Data / ML / AI, Security, QA / Testing, Technical Management, UX / Product Design"
Russian-Armenian University,Applied Mathematics and Informatics,Bachelor,Go,27,"Software Engineering, Hardware / Embedded, IT Support / Admin / ERP, DevOps / Cloud, Data / ML / AI, Security, QA / Testing, Technical Management, UX / Product Design"
Russian-Armenian University,Applied Mathematics and Informatics,Bachelor,Secure Architecture Design,1,"Software Engineering, Hardware / Embedded, IT Support / Admin / ERP, DevOps / Cloud, Data / ML / AI, Security, QA / Testing, Technical Management, UX / Product Design"
Russian-Armenian University,Applied Mathematics and Informatics,Bachelor,Social Media Design,1,"Software Engineering, Hardware / Embedded, IT Support / Admin / ERP, DevOps / Cloud, Data / ML / AI, Security, QA / Testing, Technical Management, UX / Product Design"
Russian-Armenian University,Applied Mathematics and Informatics,Bachelor,Observability,5,"Software Engineering, Hardware / Embedded, IT Support / Admin / ERP, DevOps / Cloud, Data / ML / AI, Security, QA / Testing, Technical Management, UX / Product Design"
Russian-Armenian University,Applied Mathematics and Informatics,Bachelor,Azure Virtual Desktop,1,"Software Engineering, Hardware / Embedded, IT Support / Admin / ERP, DevOps / Cloud, Data / ML / AI, Security, QA / Testing, Technical Management, UX / Product Design"
Russian-Armenian University,Applied Mathematics and Informatics,Bachelor,Redis,19,"Software Engineering, Hardware / Embedded, IT Support / Admin / ERP, DevOps / Cloud, Data / ML / AI, Security, QA / Testing, Technical Management, UX / Product Design"
Russian-Armenian University,Applied Mathematics and Informatics,Bachelor,PrimeTime,4,"Software Engineering, Hardware / Embedded, IT Support / Admin / ERP, DevOps / Cloud, Data / ML / AI, Security, QA / Testing, Technical Management, UX / Product Design"
Russian-Armenian University,Applied Mathematics and Informatics,Bachelor,Software Testing,8,"Software Engineering, Hardware / Embedded, IT Support / Admin / ERP, DevOps / Cloud, Data / ML / AI, Security, QA / Testing, Technical Management, UX / Product Design"
Russian-Armenian University,Applied Mathematics and Informatics,Bachelor,Video Camera Operation,2,"Software Engineering, Hardware / Embedded, IT Support / Admin / ERP, DevOps / Cloud, Data / ML / AI, Security, QA / Testing, Technical Management, UX / Product Design"
Russian-Armenian University,Applied Mathematics and Informatics,Bachelor,FastAPI,9,"Software Engineering, Hardware / Embedded, IT Support / Admin / ERP, DevOps / Cloud, Data / ML / AI, Security, QA / Testing, Technical Management, UX / Product Design"
Russian-Armenian University,Applied Mathematics and Informatics,Bachelor,Zabbix,5,"Software Engineering, Hardware / Embedded, IT Support / Admin / ERP, DevOps / Cloud, Data / ML / AI, Security, QA / Testing, Technical Management, UX / Product Design"
Russian-Armenian University,Applied Mathematics and Informatics,Bachelor,Postman,14,"Software Engineering, Hardware / Embedded, IT Support / Admin / ERP, DevOps / Cloud, Data / ML / AI, Security, QA / Testing, Technical Management, UX / Product Design"
Russian-Armenian University,Applied Mathematics and Informatics,Bachelor,Audio-Visual (AV) Infrastructure,2,"Software Engineering, Hardware / Embedded, IT Support / Admin / ERP, DevOps / Cloud, Data / ML / AI, Security, QA / Testing, Technical Management, UX / Product Design"
Russian-Armenian University,Applied Mathematics and Informatics,Bachelor,UI Design,12,"Software Engineering, Hardware / Embedded, IT Support / Admin / ERP, DevOps / Cloud, Data / ML / AI, Security, QA / Testing, Technical Management, UX / Product Design"
Russian-Armenian University,Applied Mathematics and Informatics,Bachelor,Static Application Security Testing,1,"Software Engineering, Hardware / Embedded, IT Support / Admin / ERP, DevOps / Cloud, Data / ML / AI, Security, QA / Testing, Technical Management, UX / Product Design"
Russian-Armenian University,Applied Mathematics and Informatics,Bachelor,Test Pattern Generation,3,"Software Engineering, Hardware / Embedded, IT Support / Admin / ERP, DevOps / Cloud, Data / ML / AI, Security, QA / Testing, Technical Management, UX / Product Design"
Russian-Armenian University,Applied Mathematics and Informatics,Bachelor,Product Analytics,7,"Software Engineering, Hardware / Embedded, IT Support / Admin / ERP, DevOps / Cloud, Data / ML / AI, Security, QA / Testing, Technical Management, UX / Product Design"
Russian-Armenian University,Applied Mathematics and Informatics,Bachelor,Cable Installation,3,"Software Engineering, Hardware / Embedded, IT Support / Admin / ERP, DevOps / Cloud, Data / ML / AI, Security, QA / Testing, Technical Management, UX / Product Design"
Russian-Armenian University,Applied Mathematics and Informatics,Bachelor,Place and Route,3,"Software Engineering, Hardware / Embedded, IT Support / Admin / ERP, DevOps / Cloud, Data / ML / AI, Security, QA / Testing, Technical Management, UX / Product Design"
Russian-Armenian University,Applied Mathematics and Informatics,Bachelor,System Testing,2,"Software Engineering, Hardware / Embedded, IT Support / Admin / ERP, DevOps / Cloud, Data / ML / AI, Security, QA / Testing, Technical Management, UX / Product Design"
Russian-Armenian University,Applied Mathematics and Informatics,Bachelor,CI/CD Pipelines,5,"Software Engineering, Hardware / Embedded, IT Support / Admin / ERP, DevOps / Cloud, Data / ML / AI, Security, QA / Testing, Technical Management, UX / Product Design"
Russian-Armenian University,Applied Mathematics and Informatics,Bachelor,React,60,"Software Engineering, Hardware / Embedded, IT Support / Admin / ERP, DevOps / Cloud, Data / ML / AI, Security, QA / Testing, Technical Management, UX / Product Design"
Russian-Armenian University,Applied Mathematics and Informatics,Bachelor,SAP HANA,6,"Software Engineering, Hardware / Embedded, IT Support / Admin / ERP, DevOps / Cloud, Data / ML / AI, Security, QA / Testing, Technical Management, UX / Product Design"
Russian-Armenian University,Applied Mathematics and Informatics,Bachelor,Product Discovery,1,"Software Engineering, Hardware / Embedded, IT Support / Admin / ERP, DevOps / Cloud, Data / ML / AI, Security, QA / Testing, Technical Management, UX / Product Design"
Russian-Armenian University,Applied Mathematics and Informatics,Bachelor,TensorFlow,6,"Software Engineering, Hardware / Embedded, IT Support / Admin / ERP, DevOps / Cloud, Data / ML / AI, Security, QA / Testing, Technical Management, UX / Product Design"
Russian-Armenian University,Applied Mathematics and Informatics,Bachelor,Kotlin,14,"Software Engineering, Hardware / Embedded, IT Support / Admin / ERP, DevOps / Cloud, Data / ML / AI, Security, QA / Testing, Technical Management, UX / Product Design"
Russian-Armenian University,Applied Mathematics and Informatics,Bachelor,Regression Testing,11,"Software Engineering, Hardware / Embedded, IT Support / Admin / ERP, DevOps / Cloud, Data / ML / AI, Security, QA / Testing, Technical Management, UX / Product Design"
Russian-Armenian University,Applied Mathematics and Informatics,Bachelor,Data Engineering,9,"Software Engineering, Hardware / Embedded, IT Support / Admin / ERP, DevOps / Cloud, Data / ML / AI, Security, QA / Testing, Technical Management, UX / Product Design"
Russian-Armenian University,Applied Mathematics and Informatics,Bachelor,Landing Page Development,2,"Software Engineering, Hardware / Embedded, IT Support / Admin / ERP, DevOps / Cloud, Data / ML / AI, Security, QA / Testing, Technical Management, UX / Product Design"
Russian-Armenian University,Applied Mathematics and Informatics,Bachelor,Vulnerability Management,1,"Software Engineering, Hardware / Embedded, IT Support / Admin / ERP, DevOps / Cloud, Data / ML / AI, Security, QA / Testing, Technical Management, UX / Product Design"
Russian-Armenian University,Applied Mathematics and Informatics,Bachelor,Digital Design,3,"Software Engineering, Hardware / Embedded, IT Support / Admin / ERP, DevOps / Cloud, Data / ML / AI, Security, QA / Testing, Technical Management, UX / Product Design"
Russian-Armenian University,Applied Mathematics and Informatics,Bachelor,Gate-Level Netlist Synthesis,2,"Software Engineering, Hardware / Embedded, IT Support / Admin / ERP, DevOps / Cloud, Data / ML / AI, Security, QA / Testing, Technical Management, UX / Product Design"
Russian-Armenian University,Applied Mathematics and Informatics,Bachelor,Confluence,6,"Software Engineering, Hardware / Embedded, IT Support / Admin / ERP, DevOps / Cloud, Data / ML / AI, Security, QA / Testing, Technical Management, UX / Product Design"
Russian-Armenian University,Applied Mathematics and Informatics,Bachelor,Midjourney,1,"Software Engineering, Hardware / Embedded, IT Support / Admin / ERP, DevOps / Cloud, Data / ML / AI, Security, QA / Testing, Technical Management, UX / Product Design"
Russian-Armenian University,Applied Mathematics and Informatics,Bachelor,Software Bill of Materials,1,"Software Engineering, Hardware / Embedded, IT Support / Admin / ERP, DevOps / Cloud, Data / ML / AI, Security, QA / Testing, Technical Management, UX / Product Design"
Russian-Armenian University,Applied Mathematics and Informatics,Bachelor,Infrastructure as Code,10,"Software Engineering, Hardware / Embedded, IT Support / Admin / ERP, DevOps / Cloud, Data / ML / AI, Security, QA / Testing, Technical Management, UX / Product Design"
Russian-Armenian University,Applied Mathematics and Informatics,Bachelor,SAP Controlling,3,"Software Engineering, Hardware / Embedded, IT Support / Admin / ERP, DevOps / Cloud, Data / ML / AI, Security, QA / Testing, Technical Management, UX / Product Design"
Russian-Armenian University,Applied Mathematics and Informatics,Bachelor,GitHub Actions,11,"Software Engineering, Hardware / Embedded, IT Support / Admin / ERP, DevOps / Cloud, Data / ML / AI, Security, QA / Testing, Technical Management, UX / Product Design"
Russian-Armenian University,Applied Mathematics and Informatics,Bachelor,Kali Linux,1,"Software Engineering, Hardware / Embedded, IT Support / Admin / ERP, DevOps / Cloud, Data / ML / AI, Security, QA / Testing, Technical Management, UX / Product Design"
Russian-Armenian University,Applied Mathematics and Informatics,Bachelor,Static Timing Analysis,13,"Software Engineering, Hardware / Embedded, IT Support / Admin / ERP, DevOps / Cloud, Data / ML / AI, Security, QA / Testing, Technical Management, UX / Product Design"
Université Française en Arménie,Computer Science,Bachelor,F5,1,"Software Engineering, Hardware / Embedded, IT Support / Admin / ERP, DevOps / Cloud, Data / ML / AI, Security, QA / Testing, Technical Management, UX / Product Design"
Université Française en Arménie,Computer Science,Bachelor,Terraform,25,"Software Engineering, Hardware / Embedded, IT Support / Admin / ERP, DevOps / Cloud, Data / ML / AI, Security, QA / Testing, Technical Management, UX / Product Design"
Université Française en Arménie,Computer Science,Bachelor,Appium,3,"Software Engineering, Hardware / Embedded, IT Support / Admin / ERP, DevOps / Cloud, Data / ML / AI, Security, QA / Testing, Technical Management, UX / Product Design"
Université Française en Arménie,Computer Science,Bachelor,Software Composition Analysis,1,"Software Engineering, Hardware / Embedded, IT Support / Admin / ERP, DevOps / Cloud, Data / ML / AI, Security, QA / Testing, Technical Management, UX / Product Design"
Université Française en Arménie,Computer Science,Bachelor,Prometheus,7,"Software Engineering, Hardware / Embedded, IT Support / Admin / ERP, DevOps / Cloud, Data / ML / AI, Security, QA / Testing, Technical Management, UX / Product Design"
Université Française en Arménie,Computer Science,Bachelor,Adobe After Effects,1,"Software Engineering, Hardware / Embedded, IT Support / Admin / ERP, DevOps / Cloud, Data / ML / AI, Security, QA / Testing, Technical Management, UX / Product Design"
Université Française en Arménie,Computer Science,Bachelor,Physical Verification,4,"Software Engineering, Hardware / Embedded, IT Support / Admin / ERP, DevOps / Cloud, Data / ML / AI, Security, QA / Testing, Technical Management, UX / Product Design"
Université Française en Arménie,Computer Science,Bachelor,Calibre LVS,2,"Software Engineering, Hardware / Embedded, IT Support / Admin / ERP, DevOps / Cloud, Data / ML / AI, Security, QA / Testing, Technical Management, UX / Product Design"
Université Française en Arménie,Computer Science,Bachelor,Google Cloud Platform,23,"Software Engineering, Hardware / Embedded, IT Support / Admin / ERP, DevOps / Cloud, Data / ML / AI, Security, QA / Testing, Technical Management, UX / Product Design"
Université Française en Arménie,Computer Science,Bachelor,UI/UX QA,1,"Software Engineering, Hardware / Embedded, IT Support / Admin / ERP, DevOps / Cloud, Data / ML / AI, Security, QA / Testing, Technical Management, UX / Product Design"
Université Française en Arménie,Computer Science,Bachelor,Palo Alto Networks,1,"Software Engineering, Hardware / Embedded, IT Support / Admin / ERP, DevOps / Cloud, Data / ML / AI, Security, QA / Testing, Technical Management, UX / Product Design"
Université Française en Arménie,Computer Science,Bachelor,Screenshot Design,1,"Software Engineering, Hardware / Embedded, IT Support / Admin / ERP, DevOps / Cloud, Data / ML / AI, Security, QA / Testing, Technical Management, UX / Product Design"
Université Française en Arménie,Computer Science,Bachelor,SAP Logistics,6,"Software Engineering, Hardware / Embedded, IT Support / Admin / ERP, DevOps / Cloud, Data / ML / AI, Security, QA / Testing, Technical Management, UX / Product Design"
Université Française en Arménie,Computer Science,Bachelor,Model Context Protocol,4,"Software Engineering, Hardware / Embedded, IT Support / Admin / ERP, DevOps / Cloud, Data / ML / AI, Security, QA / Testing, Technical Management, UX / Product Design"
Université Française en Arménie,Computer Science,Bachelor,Data Protection,1,"Software Engineering, Hardware / Embedded, IT Support / Admin / ERP, DevOps / Cloud, Data / ML / AI, Security, QA / Testing, Technical Management, UX / Product Design"
Université Française en Arménie,Computer Science,Bachelor,Windows Autopilot,1,"Software Engineering, Hardware / Embedded, IT Support / Admin / ERP, DevOps / Cloud, Data / ML / AI, Security, QA / Testing, Technical Management, UX / Product Design"
Université Française en Arménie,Computer Science,Bachelor,GitLab,10,"Software Engineering, Hardware / Embedded, IT Support / Admin / ERP, DevOps / Cloud, Data / ML / AI, Security, QA / Testing, Technical Management, UX / Product Design"
Université Française en Arménie,Computer Science,Bachelor,Information Security,3,"Software Engineering, Hardware / Embedded, IT Support / Admin / ERP, DevOps / Cloud, Data / ML / AI, Security, QA / Testing, Technical Management, UX / Product Design"
Université Française en Arménie,Computer Science,Bachelor,Google Workspace,7,"Software Engineering, Hardware / Embedded, IT Support / Admin / ERP, DevOps / Cloud, Data / ML / AI, Security, QA / Testing, Technical Management, UX / Product Design"
Université Française en Arménie,Computer Science,Bachelor,Microsoft Office,6,"Software Engineering, Hardware / Embedded, IT Support / Admin / ERP, DevOps / Cloud, Data / ML / AI, Security, QA / Testing, Technical Management, UX / Product Design"
Université Française en Arménie,Computer Science,Bachelor,Structured Cabling,7,"Software Engineering, Hardware / Embedded, IT Support / Admin / ERP, DevOps / Cloud, Data / ML / AI, Security, QA / Testing, Technical Management, UX / Product Design"
Université Française en Arménie,Computer Science,Bachelor,User Interviews,1,"Software Engineering, Hardware / Embedded, IT Support / Admin / ERP, DevOps / Cloud, Data / ML / AI, Security, QA / Testing, Technical Management, UX / Product Design"
Université Française en Arménie,Computer Science,Bachelor,Verdi,3,"Software Engineering, Hardware / Embedded, IT Support / Admin / ERP, DevOps / Cloud, Data / ML / AI, Security, QA / Testing, Technical Management, UX / Product Design"
Université Française en Arménie,Computer Science,Bachelor,Apache Kafka,22,"Software Engineering, Hardware / Embedded, IT Support / Admin / ERP, DevOps / Cloud, Data / ML / AI, Security, QA / Testing, Technical Management, UX / Product Design"
Université Française en Arménie,Computer Science,Bachelor,Physical Design,8,"Software Engineering, Hardware / Embedded, IT Support / Admin / ERP, DevOps / Cloud, Data / ML / AI, Security, QA / Testing, Technical Management, UX / Product Design"
Université Française en Arménie,Computer Science,Bachelor,Node.js,52,"Software Engineering, Hardware / Embedded, IT Support / Admin / ERP, DevOps / Cloud, Data / ML / AI, Security, QA / Testing, Technical Management, UX / Product Design"
Université Française en Arménie,Computer Science,Bachelor,Production Video Switchers,2,"Software Engineering, Hardware / Embedded, IT Support / Admin / ERP, DevOps / Cloud, Data / ML / AI, Security, QA / Testing, Technical Management, UX / Product Design"
Université Française en Arménie,Computer Science,Bachelor,Technical Support,3,"Software Engineering, Hardware / Embedded, IT Support / Admin / ERP, DevOps / Cloud, Data / ML / AI, Security, QA / Testing, Technical Management, UX / Product Design"
Université Française en Arménie,Computer Science,Bachelor,SAP HANA Calculation Views,3,"Software Engineering, Hardware / Embedded, IT Support / Admin / ERP, DevOps / Cloud, Data / ML / AI, Security, QA / Testing, Technical Management, UX / Product Design"
Université Française en Arménie,Computer Science,Bachelor,Server Hardware,5,"Software Engineering, Hardware / Embedded, IT Support / Admin / ERP, DevOps / Cloud, Data / ML / AI, Security, QA / Testing, Technical Management, UX / Product Design"
Université Française en Arménie,Computer Science,Bachelor,Okta Lifecycle Management,2,"Software Engineering, Hardware / Embedded, IT Support / Admin / ERP, DevOps / Cloud, Data / ML / AI, Security, QA / Testing, Technical Management, UX / Product Design"
Université Française en Arménie,Computer Science,Bachelor,Audio-Visual Systems,2,"Software Engineering, Hardware / Embedded, IT Support / Admin / ERP, DevOps / Cloud, Data / ML / AI, Security, QA / Testing, Technical Management, UX / Product Design"
Université Française en Arménie,Computer Science,Bachelor,Fiber Optic Networking,5,"Software Engineering, Hardware / Embedded, IT Support / Admin / ERP, DevOps / Cloud, Data / ML / AI, Security, QA / Testing, Technical Management, UX / Product Design"
Université Française en Arménie,Computer Science,Bachelor,SAP Financial Accounting,3,"Software Engineering, Hardware / Embedded, IT Support / Admin / ERP, DevOps / Cloud, Data / ML / AI, Security, QA / Testing, Technical Management, UX / Product Design"
Université Française en Arménie,Computer Science,Bachelor,RTL-to-GDSII,6,"Software Engineering, Hardware / Embedded, IT Support / Admin / ERP, DevOps / Cloud, Data / ML / AI, Security, QA / Testing, Technical Management, UX / Product Design"
Université Française en Arménie,Computer Science,Bachelor,Databricks,8,"Software Engineering, Hardware / Embedded, IT Support / Admin / ERP, DevOps / Cloud, Data / ML / AI, Security, QA / Testing, Technical Management, UX / Product Design"
Université Française en Arménie,Computer Science,Bachelor,Adobe Firefly,1,"Software Engineering, Hardware / Embedded, IT Support / Admin / ERP, DevOps / Cloud, Data / ML / AI, Security, QA / Testing, Technical Management, UX / Product Design"
Université Française en Arménie,Computer Science,Bachelor,Cat5e/6/6a Cabling,4,"Software Engineering, Hardware / Embedded, IT Support / Admin / ERP, DevOps / Cloud, Data / ML / AI, Security, QA / Testing, Technical Management, UX / Product Design"
Université Française en Arménie,Computer Science,Bachelor,Help Desk Software,3,"Software Engineering, Hardware / Embedded, IT Support / Admin / ERP, DevOps / Cloud, Data / ML / AI, Security, QA / Testing, Technical Management, UX / Product Design"
Université Française en Arménie,Computer Science,Bachelor,Next.js,14,"Software Engineering, Hardware / Embedded, IT Support / Admin / ERP, DevOps / Cloud, Data / ML / AI, Security, QA / Testing, Technical Management, UX / Product Design"
Université Française en Arménie,Computer Science,Bachelor,Webflow,2,"Software Engineering, Hardware / Embedded, IT Support / Admin / ERP, DevOps / Cloud, Data / ML / AI, Security, QA / Testing, Technical Management, UX / Product Design"
Université Française en Arménie,Computer Science,Bachelor,CMOS Process,2,"Software Engineering, Hardware / Embedded, IT Support / Admin / ERP, DevOps / Cloud, Data / ML / AI, Security, QA / Testing, Technical Management, UX / Product Design"
Université Française en Arménie,Computer Science,Bachelor,SAP Materials Management,4,"Software Engineering, Hardware / Embedded, IT Support / Admin / ERP, DevOps / Cloud, Data / ML / AI, Security, QA / Testing, Technical Management, UX / Product Design"
Université Française en Arménie,Computer Science,Bachelor,AI Tools,4,"Software Engineering, Hardware / Embedded, IT Support / Admin / ERP, DevOps / Cloud, Data / ML / AI, Security, QA / Testing, Technical Management, UX / Product Design"
Université Française en Arménie,Computer Science,Bachelor,Memory BIST (MBIST),2,"Software Engineering, Hardware / Embedded, IT Support / Admin / ERP, DevOps / Cloud, Data / ML / AI, Security, QA / Testing, Technical Management, UX / Product Design"
Université Française en Arménie,Computer Science,Bachelor,Component Libraries,2,"Software Engineering, Hardware / Embedded, IT Support / Admin / ERP, DevOps / Cloud, Data / ML / AI, Security, QA / Testing, Technical Management, UX / Product Design"
Université Française en Arménie,Computer Science,Bachelor,Security Information and Event Management (SIEM),3,"Software Engineering, Hardware / Embedded, IT Support / Admin / ERP, DevOps / Cloud, Data / ML / AI, Security, QA / Testing, Technical Management, UX / Product Design"
Université Française en Arménie,Computer Science,Bachelor,Serial Digital Interface (SDI),2,"Software Engineering, Hardware / Embedded, IT Support / Admin / ERP, DevOps / Cloud, Data / ML / AI, Security, QA / Testing, Technical Management, UX / Product Design"
Université Française en Arménie,Computer Science,Bachelor,SAP Retail,3,"Software Engineering, Hardware / Embedded, IT Support / Admin / ERP, DevOps / Cloud, Data / ML / AI, Security, QA / Testing, Technical Management, UX / Product Design"
Université Française en Arménie,Computer Science,Bachelor,Cloud Infrastructure,7,"Software Engineering, Hardware / Embedded, IT Support / Admin / ERP, DevOps / Cloud, Data / ML / AI, Security, QA / Testing, Technical Management, UX / Product Design"
Université Française en Arménie,Computer Science,Bachelor,Microsoft Intune,1,"Software Engineering, Hardware / Embedded, IT Support / Admin / ERP, DevOps / Cloud, Data / ML / AI, Security, QA / Testing, Technical Management, UX / Product Design"
Université Française en Arménie,Computer Science,Bachelor,IT Infrastructure,3,"Software Engineering, Hardware / Embedded, IT Support / Admin / ERP, DevOps / Cloud, Data / ML / AI, Security, QA / Testing, Technical Management, UX / Product Design"
Université Française en Arménie,Computer Science,Bachelor,Microservices,47,"Software Engineering, Hardware / Embedded, IT Support / Admin / ERP, DevOps / Cloud, Data / ML / AI, Security, QA / Testing, Technical Management, UX / Product Design"
Université Française en Arménie,Computer Science,Bachelor,Kubernetes,41,"Software Engineering, Hardware / Embedded, IT Support / Admin / ERP, DevOps / Cloud, Data / ML / AI, Security, QA / Testing, Technical Management, UX / Product Design"
Université Française en Arménie,Computer Science,Bachelor,Playwright,15,"Software Engineering, Hardware / Embedded, IT Support / Admin / ERP, DevOps / Cloud, Data / ML / AI, Security, QA / Testing, Technical Management, UX / Product Design"
Université Française en Arménie,Computer Science,Bachelor,Metasploit,1,"Software Engineering, Hardware / Embedded, IT Support / Admin / ERP, DevOps / Cloud, Data / ML / AI, Security, QA / Testing, Technical Management, UX / Product Design"
Université Française en Arménie,Computer Science,Bachelor,Circuit Breakers,1,"Software Engineering, Hardware / Embedded, IT Support / Admin / ERP, DevOps / Cloud, Data / ML / AI, Security, QA / Testing, Technical Management, UX / Product Design"
Université Française en Arménie,Computer Science,Bachelor,VLSI Design,5,"Software Engineering, Hardware / Embedded, IT Support / Admin / ERP, DevOps / Cloud, Data / ML / AI, Security, QA / Testing, Technical Management, UX / Product Design"
Université Française en Arménie,Computer Science,Bachelor,Endpoint Detection and Response/Extended Detection and Response,1,"Software Engineering, Hardware / Embedded, IT Support / Admin / ERP, DevOps / Cloud, Data / ML / AI, Security, QA / Testing, Technical Management, UX / Product Design"
Université Française en Arménie,Computer Science,Bachelor,A/B Testing,20,"Software Engineering, Hardware / Embedded, IT Support / Admin / ERP, DevOps / Cloud, Data / ML / AI, Security, QA / Testing, Technical Management, UX / Product Design"
Université Française en Arménie,Computer Science,Bachelor,Adobe XD,2,"Software Engineering, Hardware / Embedded, IT Support / Admin / ERP, DevOps / Cloud, Data / ML / AI, Security, QA / Testing, Technical Management, UX / Product Design"
Université Française en Arménie,Computer Science,Bachelor,Adobe Creative Suite,1,"Software Engineering, Hardware / Embedded, IT Support / Admin / ERP, DevOps / Cloud, Data / ML / AI, Security, QA / Testing, Technical Management, UX / Product Design"
Université Française en Arménie,Computer Science,Bachelor,CI/CD,61,"Software Engineering, Hardware / Embedded, IT Support / Admin / ERP, DevOps / Cloud, Data / ML / AI, Security, QA / Testing, Technical Management, UX / Product Design"
Université Française en Arménie,Computer Science,Bachelor,Equipment Maintenance,2,"Software Engineering, Hardware / Embedded, IT Support / Admin / ERP, DevOps / Cloud, Data / ML / AI, Security, QA / Testing, Technical Management, UX / Product Design"
Université Française en Arménie,Computer Science,Bachelor,Patch Panel Configuration,4,"Software Engineering, Hardware / Embedded, IT Support / Admin / ERP, DevOps / Cloud, Data / ML / AI, Security, QA / Testing, Technical Management, UX / Product Design"
Université Française en Arménie,Computer Science,Bachelor,CSS3,6,"Software Engineering, Hardware / Embedded, IT Support / Admin / ERP, DevOps / Cloud, Data / ML / AI, Security, QA / Testing, Technical Management, UX / Product Design"
Université Française en Arménie,Computer Science,Bachelor,Power BI,12,"Software Engineering, Hardware / Embedded, IT Support / Admin / ERP, DevOps / Cloud, Data / ML / AI, Security, QA / Testing, Technical Management, UX / Product Design"
Université Française en Arménie,Computer Science,Bachelor,DALL·E,1,"Software Engineering, Hardware / Embedded, IT Support / Admin / ERP, DevOps / Cloud, Data / ML / AI, Security, QA / Testing, Technical Management, UX / Product Design"
Université Française en Arménie,Computer Science,Bachelor,Secure Sdlc Practices,1,"Software Engineering, Hardware / Embedded, IT Support / Admin / ERP, DevOps / Cloud, Data / ML / AI, Security, QA / Testing, Technical Management, UX / Product Design"
Université Française en Arménie,Computer Science,Bachelor,GitHub Advanced Security,1,"Software Engineering, Hardware / Embedded, IT Support / Admin / ERP, DevOps / Cloud, Data / ML / AI, Security, QA / Testing, Technical Management, UX / Product Design"
Université Française en Arménie,Computer Science,Bachelor,UVM,2,"Software Engineering, Hardware / Embedded, IT Support / Admin / ERP, DevOps / Cloud, Data / ML / AI, Security, QA / Testing, Technical Management, UX / Product Design"
Université Française en Arménie,Computer Science,Bachelor,Windows 10/11,1,"Software Engineering, Hardware / Embedded, IT Support / Admin / ERP, DevOps / Cloud, Data / ML / AI, Security, QA / Testing, Technical Management, UX / Product Design"
Université Française en Arménie,Computer Science,Bachelor,App Store,1,"Software Engineering, Hardware / Embedded, IT Support / Admin / ERP, DevOps / Cloud, Data / ML / AI, Security, QA / Testing, Technical Management, UX / Product Design"
Université Française en Arménie,Computer Science,Bachelor,Synthesis,4,"Software Engineering, Hardware / Embedded, IT Support / Admin / ERP, DevOps / Cloud, Data / ML / AI, Security, QA / Testing, Technical Management, UX / Product Design"
Université Française en Arménie,Computer Science,Bachelor,Design Rule Check (DRC),3,"Software Engineering, Hardware / Embedded, IT Support / Admin / ERP, DevOps / Cloud, Data / ML / AI, Security, QA / Testing, Technical Management, UX / Product Design"
Université Française en Arménie,Computer Science,Bachelor,SAP FICO,6,"Software Engineering, Hardware / Embedded, IT Support / Admin / ERP, DevOps / Cloud, Data / ML / AI, Security, QA / Testing, Technical Management, UX / Product Design"
Université Française en Arménie,Computer Science,Bachelor,IT Auditing,1,"Software Engineering, Hardware / Embedded, IT Support / Admin / ERP, DevOps / Cloud, Data / ML / AI, Security, QA / Testing, Technical Management, UX / Product Design"
Université Française en Arménie,Computer Science,Bachelor,Group Policy,1,"Software Engineering, Hardware / Embedded, IT Support / Admin / ERP, DevOps / Cloud, Data / ML / AI, Security, QA / Testing, Technical Management, UX / Product Design"
Université Française en Arménie,Computer Science,Bachelor,Analytics,6,"Software Engineering, Hardware / Embedded, IT Support / Admin / ERP, DevOps / Cloud, Data / ML / AI, Security, QA / Testing, Technical Management, UX / Product Design"
Université Française en Arménie,Computer Science,Bachelor,Cloud Security,3,"Software Engineering, Hardware / Embedded, IT Support / Admin / ERP, DevOps / Cloud, Data / ML / AI, Security, QA / Testing, Technical Management, UX / Product Design"
Université Française en Arménie,Computer Science,Bachelor,Distributed Systems,34,"Software Engineering, Hardware / Embedded, IT Support / Admin / ERP, DevOps / Cloud, Data / ML / AI, Security, QA / Testing, Technical Management, UX / Product Design"
Université Française en Arménie,Computer Science,Bachelor,Project Based Learning,4,"Software Engineering, Hardware / Embedded, IT Support / Admin / ERP, DevOps / Cloud, Data / ML / AI, Security, QA / Testing, Technical Management, UX / Product Design"
Université Française en Arménie,Computer Science,Bachelor,Design for Testability (DFT),9,"Software Engineering, Hardware / Embedded, IT Support / Admin / ERP, DevOps / Cloud, Data / ML / AI, Security, QA / Testing, Technical Management, UX / Product Design"
Université Française en Arménie,Computer Science,Bachelor,Okta,5,"Software Engineering, Hardware / Embedded, IT Support / Admin / ERP, DevOps / Cloud, Data / ML / AI, Security, QA / Testing, Technical Management, UX / Product Design"
Université Française en Arménie,Computer Science,Bachelor,pytest,5,"Software Engineering, Hardware / Embedded, IT Support / Admin / ERP, DevOps / Cloud, Data / ML / AI, Security, QA / Testing, Technical Management, UX / Product Design"
Université Française en Arménie,Computer Science,Bachelor,Microsoft Project,3,"Software Engineering, Hardware / Embedded, IT Support / Admin / ERP, DevOps / Cloud, Data / ML / AI, Security, QA / Testing, Technical Management, UX / Product Design"
Université Française en Arménie,Computer Science,Bachelor,App Preview Video,1,"Software Engineering, Hardware / Embedded, IT Support / Admin / ERP, DevOps / Cloud, Data / ML / AI, Security, QA / Testing, Technical Management, UX / Product Design"
Université Française en Arménie,Computer Science,Bachelor,Video Surveillance Systems,2,"Software Engineering, Hardware / Embedded, IT Support / Admin / ERP, DevOps / Cloud, Data / ML / AI, Security, QA / Testing, Technical Management, UX / Product Design"
Université Française en Arménie,Computer Science,Bachelor,Apache Spark,9,"Software Engineering, Hardware / Embedded, IT Support / Admin / ERP, DevOps / Cloud, Data / ML / AI, Security, QA / Testing, Technical Management, UX / Product Design"
Université Française en Arménie,Computer Science,Bachelor,Chroma Keying,2,"Software Engineering, Hardware / Embedded, IT Support / Admin / ERP, DevOps / Cloud, Data / ML / AI, Security, QA / Testing, Technical Management, UX / Product Design"
Université Française en Arménie,Computer Science,Bachelor,Figma,17,"Software Engineering, Hardware / Embedded, IT Support / Admin / ERP, DevOps / Cloud, Data / ML / AI, Security, QA / Testing, Technical Management, UX / Product Design"
Université Française en Arménie,Computer Science,Bachelor,Incident Management,4,"Software Engineering, Hardware / Embedded, IT Support / Admin / ERP, DevOps / Cloud, Data / ML / AI, Security, QA / Testing, Technical Management, UX / Product Design"
Université Française en Arménie,Computer Science,Bachelor,Safety Procedures,2,"Software Engineering, Hardware / Embedded, IT Support / Admin / ERP, DevOps / Cloud, Data / ML / AI, Security, QA / Testing, Technical Management, UX / Product Design"
Université Française en Arménie,Computer Science,Bachelor,Security Auditing,2,"Software Engineering, Hardware / Embedded, IT Support / Admin / ERP, DevOps / Cloud, Data / ML / AI, Security, QA / Testing, Technical Management, UX / Product Design"
Université Française en Arménie,Computer Science,Bachelor,Okta Universal Directory,2,"Software Engineering, Hardware / Embedded, IT Support / Admin / ERP, DevOps / Cloud, Data / ML / AI, Security, QA / Testing, Technical Management, UX / Product Design"
Université Française en Arménie,Computer Science,Bachelor,DevSecOps,2,"Software Engineering, Hardware / Embedded, IT Support / Admin / ERP, DevOps / Cloud, Data / ML / AI, Security, QA / Testing, Technical Management, UX / Product Design"
Université Française en Arménie,Computer Science,Bachelor,Dashboard Development,9,"Software Engineering, Hardware / Embedded, IT Support / Admin / ERP, DevOps / Cloud, Data / ML / AI, Security, QA / Testing, Technical Management, UX / Product Design"
Université Française en Arménie,Computer Science,Bachelor,App Store Optimization,1,"Software Engineering, Hardware / Embedded, IT Support / Admin / ERP, DevOps / Cloud, Data / ML / AI, Security, QA / Testing, Technical Management, UX / Product Design"
Université Française en Arménie,Computer Science,Bachelor,AI-Driven Design Software,2,"Software Engineering, Hardware / Embedded, IT Support / Admin / ERP, DevOps / Cloud, Data / ML / AI, Security, QA / Testing, Technical Management, UX / Product Design"
Université Française en Arménie,Computer Science,Bachelor,Test Case Design,4,"Software Engineering, Hardware / Embedded, IT Support / Admin / ERP, DevOps / Cloud, Data / ML / AI, Security, QA / Testing, Technical Management, UX / Product Design"
Université Française en Arménie,Computer Science,Bachelor,ASP.NET Core,18,"Software Engineering, Hardware / Embedded, IT Support / Admin / ERP, DevOps / Cloud, Data / ML / AI, Security, QA / Testing, Technical Management, UX / Product Design"
Université Française en Arménie,Computer Science,Bachelor,Circuit Board Layout,2,"Software Engineering, Hardware / Embedded, IT Support / Admin / ERP, DevOps / Cloud, Data / ML / AI, Security, QA / Testing, Technical Management, UX / Product Design"
Université Française en Arménie,Computer Science,Bachelor,Risk Management,2,"Software Engineering, Hardware / Embedded, IT Support / Admin / ERP, DevOps / Cloud, Data / ML / AI, Security, QA / Testing, Technical Management, UX / Product Design"
Université Française en Arménie,Computer Science,Bachelor,Static Application Security Testing (SAST),1,"Software Engineering, Hardware / Embedded, IT Support / Admin / ERP, DevOps / Cloud, Data / ML / AI, Security, QA / Testing, Technical Management, UX / Product Design"
Université Française en Arménie,Computer Science,Bachelor,PowerShell,6,"Software Engineering, Hardware / Embedded, IT Support / Admin / ERP, DevOps / Cloud, Data / ML / AI, Security, QA / Testing, Technical Management, UX / Product Design"
Université Française en Arménie,Computer Science,Bachelor,Windows Server,4,"Software Engineering, Hardware / Embedded, IT Support / Admin / ERP, DevOps / Cloud, Data / ML / AI, Security, QA / Testing, Technical Management, UX / Product Design"
Université Française en Arménie,Computer Science,Bachelor,Docker,51,"Software Engineering, Hardware / Embedded, IT Support / Admin / ERP, DevOps / Cloud, Data / ML / AI, Security, QA / Testing, Technical Management, UX / Product Design"
Université Française en Arménie,Computer Science,Bachelor,ABAP,8,"Software Engineering, Hardware / Embedded, IT Support / Admin / ERP, DevOps / Cloud, Data / ML / AI, Security, QA / Testing, Technical Management, UX / Product Design"
Université Française en Arménie,Computer Science,Bachelor,App Icon Design,1,"Software Engineering, Hardware / Embedded, IT Support / Admin / ERP, DevOps / Cloud, Data / ML / AI, Security, QA / Testing, Technical Management, UX / Product Design"
Université Française en Arménie,Computer Science,Bachelor,Active Directory,7,"Software Engineering, Hardware / Embedded, IT Support / Admin / ERP, DevOps / Cloud, Data / ML / AI, Security, QA / Testing, Technical Management, UX / Product Design"
Université Française en Arménie,Computer Science,Bachelor,Clock Tree Synthesis,5,"Software Engineering, Hardware / Embedded, IT Support / Admin / ERP, DevOps / Cloud, Data / ML / AI, Security, QA / Testing, Technical Management, UX / Product Design"
Université Française en Arménie,Computer Science,Bachelor,Cloud Platforms,20,"Software Engineering, Hardware / Embedded, IT Support / Admin / ERP, DevOps / Cloud, Data / ML / AI, Security, QA / Testing, Technical Management, UX / Product Design"
Université Française en Arménie,Computer Science,Bachelor,Real-Time Data Processing,1,"Software Engineering, Hardware / Embedded, IT Support / Admin / ERP, DevOps / Cloud, Data / ML / AI, Security, QA / Testing, Technical Management, UX / Product Design"
Université Française en Arménie,Computer Science,Bachelor,VMware,7,"Software Engineering, Hardware / Embedded, IT Support / Admin / ERP, DevOps / Cloud, Data / ML / AI, Security, QA / Testing, Technical Management, UX / Product Design"
Université Française en Arménie,Computer Science,Bachelor,SAP S/4HANA,15,"Software Engineering, Hardware / Embedded, IT Support / Admin / ERP, DevOps / Cloud, Data / ML / AI, Security, QA / Testing, Technical Management, UX / Product Design"
Université Française en Arménie,Computer Science,Bachelor,Adobe Creative Cloud,1,"Software Engineering, Hardware / Embedded, IT Support / Admin / ERP, DevOps / Cloud, Data / ML / AI, Security, QA / Testing, Technical Management, UX / Product Design"
Université Française en Arménie,Computer Science,Bachelor,Mobile Application Testing,6,"Software Engineering, Hardware / Embedded, IT Support / Admin / ERP, DevOps / Cloud, Data / ML / AI, Security, QA / Testing, Technical Management, UX / Product Design"
Université Française en Arménie,Computer Science,Bachelor,Electrical Systems,2,"Software Engineering, Hardware / Embedded, IT Support / Admin / ERP, DevOps / Cloud, Data / ML / AI, Security, QA / Testing, Technical Management, UX / Product Design"
Université Française en Arménie,Computer Science,Bachelor,Curriculum Development,3,"Software Engineering, Hardware / Embedded, IT Support / Admin / ERP, DevOps / Cloud, Data / ML / AI, Security, QA / Testing, Technical Management, UX / Product Design"
Université Française en Arménie,Computer Science,Bachelor,Microsoft Azure,27,"Software Engineering, Hardware / Embedded, IT Support / Admin / ERP, DevOps / Cloud, Data / ML / AI, Security, QA / Testing, Technical Management, UX / Product Design"
Université Française en Arménie,Computer Science,Bachelor,Bash,9,"Software Engineering, Hardware / Embedded, IT Support / Admin / ERP, DevOps / Cloud, Data / ML / AI, Security, QA / Testing, Technical Management, UX / Product Design"
Université Française en Arménie,Computer Science,Bachelor,Azure DevOps,9,"Software Engineering, Hardware / Embedded, IT Support / Admin / ERP, DevOps / Cloud, Data / ML / AI, Security, QA / Testing, Technical Management, UX / Product Design"
Université Française en Arménie,Computer Science,Bachelor,Layout Versus Schematic (LVS),3,"Software Engineering, Hardware / Embedded, IT Support / Admin / ERP, DevOps / Cloud, Data / ML / AI, Security, QA / Testing, Technical Management, UX / Product Design"
Université Française en Arménie,Computer Science,Bachelor,SystemVerilog,5,"Software Engineering, Hardware / Embedded, IT Support / Admin / ERP, DevOps / Cloud, Data / ML / AI, Security, QA / Testing, Technical Management, UX / Product Design"
Université Française en Arménie,Computer Science,Bachelor,Single Sign-On,3,"Software Engineering, Hardware / Embedded, IT Support / Admin / ERP, DevOps / Cloud, Data / ML / AI, Security, QA / Testing, Technical Management, UX / Product Design"
Université Française en Arménie,Computer Science,Bachelor,Tableau,8,"Software Engineering, Hardware / Embedded, IT Support / Admin / ERP, DevOps / Cloud, Data / ML / AI, Security, QA / Testing, Technical Management, UX / Product Design"
Université Française en Arménie,Computer Science,Bachelor,SDC,5,"Software Engineering, Hardware / Embedded, IT Support / Admin / ERP, DevOps / Cloud, Data / ML / AI, Security, QA / Testing, Technical Management, UX / Product Design"
Université Française en Arménie,Computer Science,Bachelor,Fortinet,1,"Software Engineering, Hardware / Embedded, IT Support / Admin / ERP, DevOps / Cloud, Data / ML / AI, Security, QA / Testing, Technical Management, UX / Product Design"
Université Française en Arménie,Computer Science,Bachelor,Qualitative Analysis,1,"Software Engineering, Hardware / Embedded, IT Support / Admin / ERP, DevOps / Cloud, Data / ML / AI, Security, QA / Testing, Technical Management, UX / Product Design"
Université Française en Arménie,Computer Science,Bachelor,ELK Stack,1,"Software Engineering, Hardware / Embedded, IT Support / Admin / ERP, DevOps / Cloud, Data / ML / AI, Security, QA / Testing, Technical Management, UX / Product Design"
Université Française en Arménie,Computer Science,Bachelor,CCTV Systems,2,"Software Engineering, Hardware / Embedded, IT Support / Admin / ERP, DevOps / Cloud, Data / ML / AI, Security, QA / Testing, Technical Management, UX / Product Design"
Université Française en Arménie,Computer Science,Bachelor,Virtual Private Network,4,"Software Engineering, Hardware / Embedded, IT Support / Admin / ERP, DevOps / Cloud, Data / ML / AI, Security, QA / Testing, Technical Management, UX / Product Design"
Université Française en Arménie,Computer Science,Bachelor,Incident Response,4,"Software Engineering, Hardware / Embedded, IT Support / Admin / ERP, DevOps / Cloud, Data / ML / AI, Security, QA / Testing, Technical Management, UX / Product Design"
Université Française en Arménie,Computer Science,Bachelor,Single Page Application,2,"Software Engineering, Hardware / Embedded, IT Support / Admin / ERP, DevOps / Cloud, Data / ML / AI, Security, QA / Testing, Technical Management, UX / Product Design"
Université Française en Arménie,Computer Science,Bachelor,Jenkins,15,"Software Engineering, Hardware / Embedded, IT Support / Admin / ERP, DevOps / Cloud, Data / ML / AI, Security, QA / Testing, Technical Management, UX / Product Design"
Université Française en Arménie,Computer Science,Bachelor,Adobe Photoshop,3,"Software Engineering, Hardware / Embedded, IT Support / Admin / ERP, DevOps / Cloud, Data / ML / AI, Security, QA / Testing, Technical Management, UX / Product Design"
Université Française en Arménie,Computer Science,Bachelor,Calibre DRC,2,"Software Engineering, Hardware / Embedded, IT Support / Admin / ERP, DevOps / Cloud, Data / ML / AI, Security, QA / Testing, Technical Management, UX / Product Design"
Université Française en Arménie,Computer Science,Bachelor,Grafana,10,"Software Engineering, Hardware / Embedded, IT Support / Admin / ERP, DevOps / Cloud, Data / ML / AI, Security, QA / Testing, Technical Management, UX / Product Design"
Université Française en Arménie,Computer Science,Bachelor,ISO 27001,1,"Software Engineering, Hardware / Embedded, IT Support / Admin / ERP, DevOps / Cloud, Data / ML / AI, Security, QA / Testing, Technical Management, UX / Product Design"
Université Française en Arménie,Computer Science,Bachelor,Splunk,1,"Software Engineering, Hardware / Embedded, IT Support / Admin / ERP, DevOps / Cloud, Data / ML / AI, Security, QA / Testing, Technical Management, UX / Product Design"
Université Française en Arménie,Computer Science,Bachelor,Mobile-First Design,1,"Software Engineering, Hardware / Embedded, IT Support / Admin / ERP, DevOps / Cloud, Data / ML / AI, Security, QA / Testing, Technical Management, UX / Product Design"
Université Française en Arménie,Computer Science,Bachelor,Adobe Illustrator,2,"Software Engineering, Hardware / Embedded, IT Support / Admin / ERP, DevOps / Cloud, Data / ML / AI, Security, QA / Testing, Technical Management, UX / Product Design"
Université Française en Arménie,Computer Science,Bachelor,Power Performance Area (PPA) Optimization,2,"Software Engineering, Hardware / Embedded, IT Support / Admin / ERP, DevOps / Cloud, Data / ML / AI, Security, QA / Testing, Technical Management, UX / Product Design"
Université Française en Arménie,Computer Science,Bachelor,Burp Suite,1,"Software Engineering, Hardware / Embedded, IT Support / Admin / ERP, DevOps / Cloud, Data / ML / AI, Security, QA / Testing, Technical Management, UX / Product Design"
Université Française en Arménie,Computer Science,Bachelor,Equipment Installation,2,"Software Engineering, Hardware / Embedded, IT Support / Admin / ERP, DevOps / Cloud, Data / ML / AI, Security, QA / Testing, Technical Management, UX / Product Design"
Université Française en Arménie,Computer Science,Bachelor,LDAP,5,"Software Engineering, Hardware / Embedded, IT Support / Admin / ERP, DevOps / Cloud, Data / ML / AI, Security, QA / Testing, Technical Management, UX / Product Design"
Université Française en Arménie,Computer Science,Bachelor,HDMI,2,"Software Engineering, Hardware / Embedded, IT Support / Admin / ERP, DevOps / Cloud, Data / ML / AI, Security, QA / Testing, Technical Management, UX / Product Design"
Université Française en Arménie,Computer Science,Bachelor,Threat Intelligence,1,"Software Engineering, Hardware / Embedded, IT Support / Admin / ERP, DevOps / Cloud, Data / ML / AI, Security, QA / Testing, Technical Management, UX / Product Design"
Université Française en Arménie,Computer Science,Bachelor,Application Security,2,"Software Engineering, Hardware / Embedded, IT Support / Admin / ERP, DevOps / Cloud, Data / ML / AI, Security, QA / Testing, Technical Management, UX / Product Design"
Université Française en Arménie,Computer Science,Bachelor,Floorplanning,4,"Software Engineering, Hardware / Embedded, IT Support / Admin / ERP, DevOps / Cloud, Data / ML / AI, Security, QA / Testing, Technical Management, UX / Product Design"
Université Française en Arménie,Computer Science,Bachelor,Datadog,5,"Software Engineering, Hardware / Embedded, IT Support / Admin / ERP, DevOps / Cloud, Data / ML / AI, Security, QA / Testing, Technical Management, UX / Product Design"
Université Française en Arménie,Computer Science,Bachelor,Cisco,2,"Software Engineering, Hardware / Embedded, IT Support / Admin / ERP, DevOps / Cloud, Data / ML / AI, Security, QA / Testing, Technical Management, UX / Product Design"
Université Française en Arménie,Computer Science,Bachelor,Account Management,2,"Software Engineering, Hardware / Embedded, IT Support / Admin / ERP, DevOps / Cloud, Data / ML / AI, Security, QA / Testing, Technical Management, UX / Product Design"
Université Française en Arménie,Computer Science,Bachelor,Angular,20,"Software Engineering, Hardware / Embedded, IT Support / Admin / ERP, DevOps / Cloud, Data / ML / AI, Security, QA / Testing, Technical Management, UX / Product Design"
Université Française en Arménie,Computer Science,Bachelor,ABAP Core Data Services,3,"Software Engineering, Hardware / Embedded, IT Support / Admin / ERP, DevOps / Cloud, Data / ML / AI, Security, QA / Testing, Technical Management, UX / Product Design"
Université Française en Arménie,Computer Science,Bachelor,CSS,23,"Software Engineering, Hardware / Embedded, IT Support / Admin / ERP, DevOps / Cloud, Data / ML / AI, Security, QA / Testing, Technical Management, UX / Product Design"
Université Française en Arménie,Computer Science,Bachelor,Cybersecurity,2,"Software Engineering, Hardware / Embedded, IT Support / Admin / ERP, DevOps / Cloud, Data / ML / AI, Security, QA / Testing, Technical Management, UX / Product Design"
Université Française en Arménie,Computer Science,Bachelor,Bug Bounty Programs,1,"Software Engineering, Hardware / Embedded, IT Support / Admin / ERP, DevOps / Cloud, Data / ML / AI, Security, QA / Testing, Technical Management, UX / Product Design"
Université Française en Arménie,Computer Science,Bachelor,Compliance,4,"Software Engineering, Hardware / Embedded, IT Support / Admin / ERP, DevOps / Cloud, Data / ML / AI, Security, QA / Testing, Technical Management, UX / Product Design"
Université Française en Arménie,Computer Science,Bachelor,Broadcast Equipment,2,"Software Engineering, Hardware / Embedded, IT Support / Admin / ERP, DevOps / Cloud, Data / ML / AI, Security, QA / Testing, Technical Management, UX / Product Design"
Université Française en Arménie,Computer Science,Bachelor,Hardware Troubleshooting,6,"Software Engineering, Hardware / Embedded, IT Support / Admin / ERP, DevOps / Cloud, Data / ML / AI, Security, QA / Testing, Technical Management, UX / Product Design"
Université Française en Arménie,Computer Science,Bachelor,Quantitative Research Methods,1,"Software Engineering, Hardware / Embedded, IT Support / Admin / ERP, DevOps / Cloud, Data / ML / AI, Security, QA / Testing, Technical Management, UX / Product Design"
Université Française en Arménie,Computer Science,Bachelor,Low-Latency Systems,2,"Software Engineering, Hardware / Embedded, IT Support / Admin / ERP, DevOps / Cloud, Data / ML / AI, Security, QA / Testing, Technical Management, UX / Product Design"
Université Française en Arménie,Computer Science,Bachelor,"GRC (Governance, Risk & Compliance)",1,"Software Engineering, Hardware / Embedded, IT Support / Admin / ERP, DevOps / Cloud, Data / ML / AI, Security, QA / Testing, Technical Management, UX / Product Design"
Université Française en Arménie,Computer Science,Bachelor,AWS,73,"Software Engineering, Hardware / Embedded, IT Support / Admin / ERP, DevOps / Cloud, Data / ML / AI, Security, QA / Testing, Technical Management, UX / Product Design"
Université Française en Arménie,Computer Science,Bachelor,Verilog,2,"Software Engineering, Hardware / Embedded, IT Support / Admin / ERP, DevOps / Cloud, Data / ML / AI, Security, QA / Testing, Technical Management, UX / Product Design"
Université Française en Arménie,Computer Science,Bachelor,Retrieval-Augmented Generation,12,"Software Engineering, Hardware / Embedded, IT Support / Admin / ERP, DevOps / Cloud, Data / ML / AI, Security, QA / Testing, Technical Management, UX / Product Design"
Université Française en Arménie,Computer Science,Bachelor,SAP Configuration,8,"Software Engineering, Hardware / Embedded, IT Support / Admin / ERP, DevOps / Cloud, Data / ML / AI, Security, QA / Testing, Technical Management, UX / Product Design"
Université Française en Arménie,Computer Science,Bachelor,RTL Design,6,"Software Engineering, Hardware / Embedded, IT Support / Admin / ERP, DevOps / Cloud, Data / ML / AI, Security, QA / Testing, Technical Management, UX / Product Design"
Université Française en Arménie,Computer Science,Bachelor,Ansible,5,"Software Engineering, Hardware / Embedded, IT Support / Admin / ERP, DevOps / Cloud, Data / ML / AI, Security, QA / Testing, Technical Management, UX / Product Design"
Université Française en Arménie,Computer Science,Bachelor,Backend Development,25,"Software Engineering, Hardware / Embedded, IT Support / Admin / ERP, DevOps / Cloud, Data / ML / AI, Security, QA / Testing, Technical Management, UX / Product Design"
Université Française en Arménie,Computer Science,Bachelor,Tcl,15,"Software Engineering, Hardware / Embedded, IT Support / Admin / ERP, DevOps / Cloud, Data / ML / AI, Security, QA / Testing, Technical Management, UX / Product Design"
Université Française en Arménie,Computer Science,Bachelor,Mobile Application Design,1,"Software Engineering, Hardware / Embedded, IT Support / Admin / ERP, DevOps / Cloud, Data / ML / AI, Security, QA / Testing, Technical Management, UX / Product Design"
Université Française en Arménie,Computer Science,Bachelor,Selenium,11,"Software Engineering, Hardware / Embedded, IT Support / Admin / ERP, DevOps / Cloud, Data / ML / AI, Security, QA / Testing, Technical Management, UX / Product Design"
Université Française en Arménie,Computer Science,Bachelor,E-Commerce,1,"Software Engineering, Hardware / Embedded, IT Support / Admin / ERP, DevOps / Cloud, Data / ML / AI, Security, QA / Testing, Technical Management, UX / Product Design"
Université Française en Arménie,Computer Science,Bachelor,ASIC Design,13,"Software Engineering, Hardware / Embedded, IT Support / Admin / ERP, DevOps / Cloud, Data / ML / AI, Security, QA / Testing, Technical Management, UX / Product Design"
Université Française en Arménie,Computer Science,Bachelor,Microsoft System Center Configuration Manager,1,"Software Engineering, Hardware / Embedded, IT Support / Admin / ERP, DevOps / Cloud, Data / ML / AI, Security, QA / Testing, Technical Management, UX / Product Design"
Université Française en Arménie,Computer Science,Bachelor,Privilege Escalation,1,"Software Engineering, Hardware / Embedded, IT Support / Admin / ERP, DevOps / Cloud, Data / ML / AI, Security, QA / Testing, Technical Management, UX / Product Design"
Université Française en Arménie,Computer Science,Bachelor,Competitor Analysis,1,"Software Engineering, Hardware / Embedded, IT Support / Admin / ERP, DevOps / Cloud, Data / ML / AI, Security, QA / Testing, Technical Management, UX / Product Design"
Université Française en Arménie,Computer Science,Bachelor,DevOps,16,"Software Engineering, Hardware / Embedded, IT Support / Admin / ERP, DevOps / Cloud, Data / ML / AI, Security, QA / Testing, Technical Management, UX / Product Design"
Université Française en Arménie,Computer Science,Bachelor,Web and Mobile Design,1,"Software Engineering, Hardware / Embedded, IT Support / Admin / ERP, DevOps / Cloud, Data / ML / AI, Security, QA / Testing, Technical Management, UX / Product Design"
Université Française en Arménie,Computer Science,Bachelor,Jira,19,"Software Engineering, Hardware / Embedded, IT Support / Admin / ERP, DevOps / Cloud, Data / ML / AI, Security, QA / Testing, Technical Management, UX / Product Design"
Université Française en Arménie,Computer Science,Bachelor,Print Design,1,"Software Engineering, Hardware / Embedded, IT Support / Admin / ERP, DevOps / Cloud, Data / ML / AI, Security, QA / Testing, Technical Management, UX / Product Design"
Université Française en Arménie,Computer Science,Bachelor,TypeScript,78,"Software Engineering, Hardware / Embedded, IT Support / Admin / ERP, DevOps / Cloud, Data / ML / AI, Security, QA / Testing, Technical Management, UX / Product Design"
Université Française en Arménie,Computer Science,Bachelor,VLSI,2,"Software Engineering, Hardware / Embedded, IT Support / Admin / ERP, DevOps / Cloud, Data / ML / AI, Security, QA / Testing, Technical Management, UX / Product Design"
Université Française en Arménie,Computer Science,Bachelor,SoC Design,2,"Software Engineering, Hardware / Embedded, IT Support / Admin / ERP, DevOps / Cloud, Data / ML / AI, Security, QA / Testing, Technical Management, UX / Product Design"
Université Française en Arménie,Computer Science,Bachelor,Functional Testing,7,"Software Engineering, Hardware / Embedded, IT Support / Admin / ERP, DevOps / Cloud, Data / ML / AI, Security, QA / Testing, Technical Management, UX / Product Design"
Université Française en Arménie,Computer Science,Bachelor,HTML5,8,"Software Engineering, Hardware / Embedded, IT Support / Admin / ERP, DevOps / Cloud, Data / ML / AI, Security, QA / Testing, Technical Management, UX / Product Design"
Université Française en Arménie,Computer Science,Bachelor,ETL,16,"Software Engineering, Hardware / Embedded, IT Support / Admin / ERP, DevOps / Cloud, Data / ML / AI, Security, QA / Testing, Technical Management, UX / Product Design"
Université Française en Arménie,Computer Science,Bachelor,SAP Sales and Distribution,3,"Software Engineering, Hardware / Embedded, IT Support / Admin / ERP, DevOps / Cloud, Data / ML / AI, Security, QA / Testing, Technical Management, UX / Product Design"
Université Française en Arménie,Computer Science,Bachelor,Perl,7,"Software Engineering, Hardware / Embedded, IT Support / Admin / ERP, DevOps / Cloud, Data / ML / AI, Security, QA / Testing, Technical Management, UX / Product Design"
Université Française en Arménie,Computer Science,Bachelor,macOS,5,"Software Engineering, Hardware / Embedded, IT Support / Admin / ERP, DevOps / Cloud, Data / ML / AI, Security, QA / Testing, Technical Management, UX / Product Design"
Université Française en Arménie,Computer Science,Bachelor,Conversion Rate Optimization,2,"Software Engineering, Hardware / Embedded, IT Support / Admin / ERP, DevOps / Cloud, Data / ML / AI, Security, QA / Testing, Technical Management, UX / Product Design"
Université Française en Arménie,Computer Science,Bachelor,Data Center Infrastructure Management (DCIM),5,"Software Engineering, Hardware / Embedded, IT Support / Admin / ERP, DevOps / Cloud, Data / ML / AI, Security, QA / Testing, Technical Management, UX / Product Design"
Université Française en Arménie,Computer Science,Bachelor,UX Motion Design,1,"Software Engineering, Hardware / Embedded, IT Support / Admin / ERP, DevOps / Cloud, Data / ML / AI, Security, QA / Testing, Technical Management, UX / Product Design"
Université Française en Arménie,Computer Science,Bachelor,Digital Forensics,1,"Software Engineering, Hardware / Embedded, IT Support / Admin / ERP, DevOps / Cloud, Data / ML / AI, Security, QA / Testing, Technical Management, UX / Product Design"
Université Française en Arménie,Computer Science,Bachelor,HTML,13,"Software Engineering, Hardware / Embedded, IT Support / Admin / ERP, DevOps / Cloud, Data / ML / AI, Security, QA / Testing, Technical Management, UX / Product Design"
Université Française en Arménie,Computer Science,Bachelor,VLANs,2,"Software Engineering, Hardware / Embedded, IT Support / Admin / ERP, DevOps / Cloud, Data / ML / AI, Security, QA / Testing, Technical Management, UX / Product Design"
Université Française en Arménie,Computer Science,Bachelor,PHP,24,"Software Engineering, Hardware / Embedded, IT Support / Admin / ERP, DevOps / Cloud, Data / ML / AI, Security, QA / Testing, Technical Management, UX / Product Design"
Université Française en Arménie,Computer Science,Bachelor,Apache Airflow,10,"Software Engineering, Hardware / Embedded, IT Support / Admin / ERP, DevOps / Cloud, Data / ML / AI, Security, QA / Testing, Technical Management, UX / Product Design"
Université Française en Arménie,Computer Science,Bachelor,Compliance Frameworks,1,"Software Engineering, Hardware / Embedded, IT Support / Admin / ERP, DevOps / Cloud, Data / ML / AI, Security, QA / Testing, Technical Management, UX / Product Design"
Université Française en Arménie,Computer Science,Bachelor,Telecommunications,2,"Software Engineering, Hardware / Embedded, IT Support / Admin / ERP, DevOps / Cloud, Data / ML / AI, Security, QA / Testing, Technical Management, UX / Product Design"
Université Française en Arménie,Computer Science,Bachelor,EM/IR Analysis,4,"Software Engineering, Hardware / Embedded, IT Support / Admin / ERP, DevOps / Cloud, Data / ML / AI, Security, QA / Testing, Technical Management, UX / Product Design"
Université Française en Arménie,Computer Science,Bachelor,Mobile Security,1,"Software Engineering, Hardware / Embedded, IT Support / Admin / ERP, DevOps / Cloud, Data / ML / AI, Security, QA / Testing, Technical Management, UX / Product Design"
Université Française en Arménie,Computer Science,Bachelor,Cadence Virtuoso,3,"Software Engineering, Hardware / Embedded, IT Support / Admin / ERP, DevOps / Cloud, Data / ML / AI, Security, QA / Testing, Technical Management, UX / Product Design"
Université Française en Arménie,Computer Science,Bachelor,Signal Integrity,3,"Software Engineering, Hardware / Embedded, IT Support / Admin / ERP, DevOps / Cloud, Data / ML / AI, Security, QA / Testing, Technical Management, UX / Product Design"
Université Française en Arménie,Computer Science,Bachelor,JavaScript,79,"Software Engineering, Hardware / Embedded, IT Support / Admin / ERP, DevOps / Cloud, Data / ML / AI, Security, QA / Testing, Technical Management, UX / Product Design"
Université Française en Arménie,Computer Science,Bachelor,Cypress,6,"Software Engineering, Hardware / Embedded, IT Support / Admin / ERP, DevOps / Cloud, Data / ML / AI, Security, QA / Testing, Technical Management, UX / Product Design"
Université Française en Arménie,Computer Science,Bachelor,MLOps,13,"Software Engineering, Hardware / Embedded, IT Support / Admin / ERP, DevOps / Cloud, Data / ML / AI, Security, QA / Testing, Technical Management, UX / Product Design"
Université Française en Arménie,Computer Science,Bachelor,Okta API Access Management,1,"Software Engineering, Hardware / Embedded, IT Support / Admin / ERP, DevOps / Cloud, Data / ML / AI, Security, QA / Testing, Technical Management, UX / Product Design"
Université Française en Arménie,Computer Science,Bachelor,Go,27,"Software Engineering, Hardware / Embedded, IT Support / Admin / ERP, DevOps / Cloud, Data / ML / AI, Security, QA / Testing, Technical Management, UX / Product Design"
Université Française en Arménie,Computer Science,Bachelor,Secure Architecture Design,1,"Software Engineering, Hardware / Embedded, IT Support / Admin / ERP, DevOps / Cloud, Data / ML / AI, Security, QA / Testing, Technical Management, UX / Product Design"
Université Française en Arménie,Computer Science,Bachelor,Social Media Design,1,"Software Engineering, Hardware / Embedded, IT Support / Admin / ERP, DevOps / Cloud, Data / ML / AI, Security, QA / Testing, Technical Management, UX / Product Design"
Université Française en Arménie,Computer Science,Bachelor,Observability,5,"Software Engineering, Hardware / Embedded, IT Support / Admin / ERP, DevOps / Cloud, Data / ML / AI, Security, QA / Testing, Technical Management, UX / Product Design"
Université Française en Arménie,Computer Science,Bachelor,Azure Virtual Desktop,1,"Software Engineering, Hardware / Embedded, IT Support / Admin / ERP, DevOps / Cloud, Data / ML / AI, Security, QA / Testing, Technical Management, UX / Product Design"
Université Française en Arménie,Computer Science,Bachelor,Redis,19,"Software Engineering, Hardware / Embedded, IT Support / Admin / ERP, DevOps / Cloud, Data / ML / AI, Security, QA / Testing, Technical Management, UX / Product Design"
Université Française en Arménie,Computer Science,Bachelor,PrimeTime,4,"Software Engineering, Hardware / Embedded, IT Support / Admin / ERP, DevOps / Cloud, Data / ML / AI, Security, QA / Testing, Technical Management, UX / Product Design"
Université Française en Arménie,Computer Science,Bachelor,Video Camera Operation,2,"Software Engineering, Hardware / Embedded, IT Support / Admin / ERP, DevOps / Cloud, Data / ML / AI, Security, QA / Testing, Technical Management, UX / Product Design"
Université Française en Arménie,Computer Science,Bachelor,FastAPI,9,"Software Engineering, Hardware / Embedded, IT Support / Admin / ERP, DevOps / Cloud, Data / ML / AI, Security, QA / Testing, Technical Management, UX / Product Design"
Université Française en Arménie,Computer Science,Bachelor,Zabbix,5,"Software Engineering, Hardware / Embedded, IT Support / Admin / ERP, DevOps / Cloud, Data / ML / AI, Security, QA / Testing, Technical Management, UX / Product Design"
Université Française en Arménie,Computer Science,Bachelor,Postman,14,"Software Engineering, Hardware / Embedded, IT Support / Admin / ERP, DevOps / Cloud, Data / ML / AI, Security, QA / Testing, Technical Management, UX / Product Design"
Université Française en Arménie,Computer Science,Bachelor,Audio-Visual (AV) Infrastructure,2,"Software Engineering, Hardware / Embedded, IT Support / Admin / ERP, DevOps / Cloud, Data / ML / AI, Security, QA / Testing, Technical Management, UX / Product Design"
Université Française en Arménie,Computer Science,Bachelor,Static Application Security Testing,1,"Software Engineering, Hardware / Embedded, IT Support / Admin / ERP, DevOps / Cloud, Data / ML / AI, Security, QA / Testing, Technical Management, UX / Product Design"
Université Française en Arménie,Computer Science,Bachelor,Test Pattern Generation,3,"Software Engineering, Hardware / Embedded, IT Support / Admin / ERP, DevOps / Cloud, Data / ML / AI, Security, QA / Testing, Technical Management, UX / Product Design"
Université Française en Arménie,Computer Science,Bachelor,Product Analytics,7,"Software Engineering, Hardware / Embedded, IT Support / Admin / ERP, DevOps / Cloud, Data / ML / AI, Security, QA / Testing, Technical Management, UX / Product Design"
Université Française en Arménie,Computer Science,Bachelor,Cable Installation,3,"Software Engineering, Hardware / Embedded, IT Support / Admin / ERP, DevOps / Cloud, Data / ML / AI, Security, QA / Testing, Technical Management, UX / Product Design"
Université Française en Arménie,Computer Science,Bachelor,Place and Route,3,"Software Engineering, Hardware / Embedded, IT Support / Admin / ERP, DevOps / Cloud, Data / ML / AI, Security, QA / Testing, Technical Management, UX / Product Design"
Université Française en Arménie,Computer Science,Bachelor,CI/CD Pipelines,5,"Software Engineering, Hardware / Embedded, IT Support / Admin / ERP, DevOps / Cloud, Data / ML / AI, Security, QA / Testing, Technical Management, UX / Product Design"
Université Française en Arménie,Computer Science,Bachelor,React,60,"Software Engineering, Hardware / Embedded, IT Support / Admin / ERP, DevOps / Cloud, Data / ML / AI, Security, QA / Testing, Technical Management, UX / Product Design"
Université Française en Arménie,Computer Science,Bachelor,SAP HANA,6,"Software Engineering, Hardware / Embedded, IT Support / Admin / ERP, DevOps / Cloud, Data / ML / AI, Security, QA / Testing, Technical Management, UX / Product Design"
Université Française en Arménie,Computer Science,Bachelor,Product Discovery,1,"Software Engineering, Hardware / Embedded, IT Support / Admin / ERP, DevOps / Cloud, Data / ML / AI, Security, QA / Testing, Technical Management, UX / Product Design"
Université Française en Arménie,Computer Science,Bachelor,Kotlin,14,"Software Engineering, Hardware / Embedded, IT Support / Admin / ERP, DevOps / Cloud, Data / ML / AI, Security, QA / Testing, Technical Management, UX / Product Design"
Université Française en Arménie,Computer Science,Bachelor,Landing Page Development,2,"Software Engineering, Hardware / Embedded, IT Support / Admin / ERP, DevOps / Cloud, Data / ML / AI, Security, QA / Testing, Technical Management, UX / Product Design"
Université Française en Arménie,Computer Science,Bachelor,Gate-Level Netlist Synthesis,2,"Software Engineering, Hardware / Embedded, IT Support / Admin / ERP, DevOps / Cloud, Data / ML / AI, Security, QA / Testing, Technical Management, UX / Product Design"
Université Française en Arménie,Computer Science,Bachelor,Confluence,6,"Software Engineering, Hardware / Embedded, IT Support / Admin / ERP, DevOps / Cloud, Data / ML / AI, Security, QA / Testing, Technical Management, UX / Product Design"
Université Française en Arménie,Computer Science,Bachelor,Midjourney,1,"Software Engineering, Hardware / Embedded, IT Support / Admin / ERP, DevOps / Cloud, Data / ML / AI, Security, QA / Testing, Technical Management, UX / Product Design"
Université Française en Arménie,Computer Science,Bachelor,Software Bill of Materials,1,"Software Engineering, Hardware / Embedded, IT Support / Admin / ERP, DevOps / Cloud, Data / ML / AI, Security, QA / Testing, Technical Management, UX / Product Design"
Université Française en Arménie,Computer Science,Bachelor,Infrastructure as Code,10,"Software Engineering, Hardware / Embedded, IT Support / Admin / ERP, DevOps / Cloud, Data / ML / AI, Security, QA / Testing, Technical Management, UX / Product Design"
Université Française en Arménie,Computer Science,Bachelor,SAP Controlling,3,"Software Engineering, Hardware / Embedded, IT Support / Admin / ERP, DevOps / Cloud, Data / ML / AI, Security, QA / Testing, Technical Management, UX / Product Design"
Université Française en Arménie,Computer Science,Bachelor,GitHub Actions,11,"Software Engineering, Hardware / Embedded, IT Support / Admin / ERP, DevOps / Cloud, Data / ML / AI, Security, QA / Testing, Technical Management, UX / Product Design"
Université Française en Arménie,Computer Science,Bachelor,Kali Linux,1,"Software Engineering, Hardware / Embedded, IT Support / Admin / ERP, DevOps / Cloud, Data / ML / AI, Security, QA / Testing, Technical Management, UX / Product Design"
Université Française en Arménie,Computer Science,Bachelor,Static Timing Analysis,13,"Software Engineering, Hardware / Embedded, IT Support / Admin / ERP, DevOps / Cloud, Data / ML / AI, Security, QA / Testing, Technical Management, UX / Product Design"
Université Française en Arménie,MS in Computer Science - Artificial Intelligence: Foundations and Applications,Master,FastAPI,9,"Data / ML / AI, Software Engineering"
Université Française en Arménie,MS in Computer Science - Artificial Intelligence: Foundations and Applications,Master,Microservices,38,"Data / ML / AI, Software Engineering"
Université Française en Arménie,MS in Computer Science - Artificial Intelligence: Foundations and Applications,Master,CSS,21,"Data / ML / AI, Software Engineering"
Université Française en Arménie,MS in Computer Science - Artificial Intelligence: Foundations and Applications,Master,Kubernetes,19,"Data / ML / AI, Software Engineering"
Université Française en Arménie,MS in Computer Science - Artificial Intelligence: Foundations and Applications,Master,ETL,15,"Data / ML / AI, Software Engineering"
Université Française en Arménie,MS in Computer Science - Artificial Intelligence: Foundations and Applications,Master,Apache Kafka,19,"Data / ML / AI, Software Engineering"
Université Française en Arménie,MS in Computer Science - Artificial Intelligence: Foundations and Applications,Master,Dashboard Development,9,"Data / ML / AI, Software Engineering"
Université Française en Arménie,MS in Computer Science - Artificial Intelligence: Foundations and Applications,Master,Product Analytics,7,"Data / ML / AI, Software Engineering"
Université Française en Arménie,MS in Computer Science - Artificial Intelligence: Foundations and Applications,Master,A/B Testing,20,"Data / ML / AI, Software Engineering"
Université Française en Arménie,MS in Computer Science - Artificial Intelligence: Foundations and Applications,Master,C#,35,"Data / ML / AI, Software Engineering"
Université Française en Arménie,MS in Computer Science - Artificial Intelligence: Foundations and Applications,Master,Tableau,8,"Data / ML / AI, Software Engineering"
Université Française en Arménie,MS in Computer Science - Artificial Intelligence: Foundations and Applications,Master,HTML,13,"Data / ML / AI, Software Engineering"
Université Française en Arménie,MS in Computer Science - Artificial Intelligence: Foundations and Applications,Master,SQL,83,"Data / ML / AI, Software Engineering"
Université Française en Arménie,MS in Computer Science - Artificial Intelligence: Foundations and Applications,Master,Business Intelligence,8,"Data / ML / AI, Software Engineering"
Université Française en Arménie,MS in Computer Science - Artificial Intelligence: Foundations and Applications,Master,MySQL,25,"Data / ML / AI, Software Engineering"
Université Française en Arménie,MS in Computer Science - Artificial Intelligence: Foundations and Applications,Master,ASP.NET Core,18,"Data / ML / AI, Software Engineering"
Université Française en Arménie,MS in Computer Science - Artificial Intelligence: Foundations and Applications,Master,PHP,19,"Data / ML / AI, Software Engineering"
Université Française en Arménie,MS in Computer Science - Artificial Intelligence: Foundations and Applications,Master,CI/CD,27,"Data / ML / AI, Software Engineering"
Université Française en Arménie,MS in Computer Science - Artificial Intelligence: Foundations and Applications,Master,Apache Airflow,7,"Data / ML / AI, Software Engineering"
Université Française en Arménie,MS in Computer Science - Artificial Intelligence: Foundations and Applications,Master,Node.js,47,"Data / ML / AI, Software Engineering"
Université Française en Arménie,MS in Computer Science - Artificial Intelligence: Foundations and Applications,Master,React,55,"Data / ML / AI, Software Engineering"
Université Française en Arménie,MS in Computer Science - Artificial Intelligence: Foundations and Applications,Master,Retrieval-Augmented Generation,11,"Data / ML / AI, Software Engineering"
Université Française en Arménie,MS in Computer Science - Artificial Intelligence: Foundations and Applications,Master,Power BI,11,"Data / ML / AI, Software Engineering"
Université Française en Arménie,MS in Computer Science - Artificial Intelligence: Foundations and Applications,Master,Data Visualization,17,"Data / ML / AI, Software Engineering"
Université Française en Arménie,MS in Computer Science - Artificial Intelligence: Foundations and Applications,Master,.NET,24,"Data / ML / AI, Software Engineering"
Université Française en Arménie,MS in Computer Science - Artificial Intelligence: Foundations and Applications,Master,Databricks,8,"Data / ML / AI, Software Engineering"
Université Française en Arménie,MS in Computer Science - Artificial Intelligence: Foundations and Applications,Master,REST APIs,100,"Data / ML / AI, Software Engineering"
Université Française en Arménie,MS in Computer Science - Artificial Intelligence: Foundations and Applications,Master,Docker,35,"Data / ML / AI, Software Engineering"
Université Française en Arménie,MS in Computer Science - Artificial Intelligence: Foundations and Applications,Master,PostgreSQL,40,"Data / ML / AI, Software Engineering"
Université Française en Arménie,MS in Computer Science - Artificial Intelligence: Foundations and Applications,Master,Backend Development,21,"Data / ML / AI, Software Engineering"
Université Française en Arménie,MS in Computer Science - Artificial Intelligence: Foundations and Applications,Master,Next.js,14,"Data / ML / AI, Software Engineering"
Université Française en Arménie,MS in Computer Science - Artificial Intelligence: Foundations and Applications,Master,JavaScript,68,"Data / ML / AI, Software Engineering"
Université Française en Arménie,MS in Computer Science - Artificial Intelligence: Foundations and Applications,Master,Generative AI,12,"Data / ML / AI, Software Engineering"
Université Française en Arménie,MS in Computer Science - Artificial Intelligence: Foundations and Applications,Master,MLOps,10,"Data / ML / AI, Software Engineering"
Université Française en Arménie,MS in Computer Science - Artificial Intelligence: Foundations and Applications,Master,Go,21,"Data / ML / AI, Software Engineering"
Université Française en Arménie,MS in Computer Science - Artificial Intelligence: Foundations and Applications,Master,Java,28,"Data / ML / AI, Software Engineering"
Université Française en Arménie,MS in Computer Science - Artificial Intelligence: Foundations and Applications,Master,Apache Spark,9,"Data / ML / AI, Software Engineering"
Université Française en Arménie,MS in Computer Science - Artificial Intelligence: Foundations and Applications,Master,TypeScript,59,"Data / ML / AI, Software Engineering"
Université Française en Arménie,MS in Computer Science - Artificial Intelligence: Foundations and Applications,Master,Redis,15,"Data / ML / AI, Software Engineering"
Université Française en Arménie,MS in Computer Science - Artificial Intelligence: Foundations and Applications,Master,Microsoft SQL Server,21,"Data / ML / AI, Software Engineering"
Université Française en Arménie,MS in Computer Science - Artificial Intelligence: Foundations and Applications,Master,Angular,18,"Data / ML / AI, Software Engineering"
Yerevan State University,Applied Statistics and Data Science,Bachelor,FastAPI,8,Data / ML / AI
Yerevan State University,Applied Statistics and Data Science,Bachelor,ETL,13,Data / ML / AI
Yerevan State University,Applied Statistics and Data Science,Bachelor,Dashboard Development,9,Data / ML / AI
Yerevan State University,Applied Statistics and Data Science,Bachelor,Product Analytics,7,Data / ML / AI
Yerevan State University,Applied Statistics and Data Science,Bachelor,A/B Testing,18,Data / ML / AI
Yerevan State University,Applied Statistics and Data Science,Bachelor,Tableau,8,Data / ML / AI
Yerevan State University,Applied Statistics and Data Science,Bachelor,Business Intelligence,8,Data / ML / AI
Yerevan State University,Applied Statistics and Data Science,Bachelor,Apache Airflow,6,Data / ML / AI
Yerevan State University,Applied Statistics and Data Science,Bachelor,AWS,14,Data / ML / AI
Yerevan State University,Applied Statistics and Data Science,Bachelor,Retrieval-Augmented Generation,11,Data / ML / AI
Yerevan State University,Applied Statistics and Data Science,Bachelor,Power BI,11,Data / ML / AI
Yerevan State University,Applied Statistics and Data Science,Bachelor,TensorFlow,6,Data / ML / AI
Yerevan State University,Applied Statistics and Data Science,Bachelor,Databricks,6,Data / ML / AI
Yerevan State University,Applied Statistics and Data Science,Bachelor,REST APIs,7,Data / ML / AI
Yerevan State University,Applied Statistics and Data Science,Bachelor,Docker,7,Data / ML / AI
Yerevan State University,Applied Statistics and Data Science,Bachelor,Generative AI,10,Data / ML / AI
Yerevan State University,Applied Statistics and Data Science,Bachelor,Analytics,6,Data / ML / AI
Yerevan State University,Applied Statistics and Data Science,Bachelor,MLOps,9,Data / ML / AI
Yerevan State University,Applied Statistics and Data Science,Bachelor,Data Pipelines,10,Data / ML / AI
Yerevan State University,Applied Statistics and Data Science,Bachelor,Apache Spark,6,Data / ML / AI
Yerevan State University,Applied Statistics and Data Science,Master,FastAPI,8,Data / ML / AI
Yerevan State University,Applied Statistics and Data Science,Master,ETL,13,Data / ML / AI
Yerevan State University,Applied Statistics and Data Science,Master,Dashboard Development,9,Data / ML / AI
Yerevan State University,Applied Statistics and Data Science,Master,A/B Testing,18,Data / ML / AI
Yerevan State University,Applied Statistics and Data Science,Master,Tableau,8,Data / ML / AI
Yerevan State University,Applied Statistics and Data Science,Master,PyTorch,8,Data / ML / AI
Yerevan State University,Applied Statistics and Data Science,Master,Business Intelligence,8,Data / ML / AI
Yerevan State University,Applied Statistics and Data Science,Master,Apache Airflow,6,Data / ML / AI
Yerevan State University,Applied Statistics and Data Science,Master,AWS,14,Data / ML / AI
Yerevan State University,Applied Statistics and Data Science,Master,Retrieval-Augmented Generation,11,Data / ML / AI
Yerevan State University,Applied Statistics and Data Science,Master,Power BI,11,Data / ML / AI
Yerevan State University,Applied Statistics and Data Science,Master,TensorFlow,6,Data / ML / AI
Yerevan State University,Applied Statistics and Data Science,Master,Large Language Models,25,Data / ML / AI
Yerevan State University,Applied Statistics and Data Science,Master,Databricks,6,Data / ML / AI
Yerevan State University,Applied Statistics and Data Science,Master,REST APIs,7,Data / ML / AI
Yerevan State University,Applied Statistics and Data Science,Master,Docker,7,Data / ML / AI
Yerevan State University,Applied Statistics and Data Science,Master,MLOps,9,Data / ML / AI
Yerevan State University,Applied Statistics and Data Science,Master,Data Pipelines,10,Data / ML / AI
Yerevan State University,Applied Statistics and Data Science,Master,Apache Spark,6,Data / ML / AI
Yerevan State University,Data Processing in Physics and Artificial Intelligence,Bachelor,FastAPI,8,Data / ML / AI
Yerevan State University,Data Processing in Physics and Artificial Intelligence,Bachelor,ETL,13,Data / ML / AI
Yerevan State University,Data Processing in Physics and Artificial Intelligence,Bachelor,Dashboard Development,9,Data / ML / AI
Yerevan State University,Data Processing in Physics and Artificial Intelligence,Bachelor,Product Analytics,7,Data / ML / AI
Yerevan State University,Data Processing in Physics and Artificial Intelligence,Bachelor,A/B Testing,18,Data / ML / AI
Yerevan State University,Data Processing in Physics and Artificial Intelligence,Bachelor,Tableau,8,Data / ML / AI
Yerevan State University,Data Processing in Physics and Artificial Intelligence,Bachelor,PyTorch,8,Data / ML / AI
Yerevan State University,Data Processing in Physics and Artificial Intelligence,Bachelor,SQL,50,Data / ML / AI
Yerevan State University,Data Processing in Physics and Artificial Intelligence,Bachelor,Business Intelligence,8,Data / ML / AI
Yerevan State University,Data Processing in Physics and Artificial Intelligence,Bachelor,Apache Airflow,6,Data / ML / AI
Yerevan State University,Data Processing in Physics and Artificial Intelligence,Bachelor,AWS,14,Data / ML / AI
Yerevan State University,Data Processing in Physics and Artificial Intelligence,Bachelor,Retrieval-Augmented Generation,11,Data / ML / AI
Yerevan State University,Data Processing in Physics and Artificial Intelligence,Bachelor,Power BI,11,Data / ML / AI
Yerevan State University,Data Processing in Physics and Artificial Intelligence,Bachelor,Large Language Models,25,Data / ML / AI
Yerevan State University,Data Processing in Physics and Artificial Intelligence,Bachelor,Databricks,6,Data / ML / AI
Yerevan State University,Data Processing in Physics and Artificial Intelligence,Bachelor,REST APIs,7,Data / ML / AI
Yerevan State University,Data Processing in Physics and Artificial Intelligence,Bachelor,Docker,7,Data / ML / AI
Yerevan State University,Data Processing in Physics and Artificial Intelligence,Bachelor,PostgreSQL,7,Data / ML / AI
Yerevan State University,Data Processing in Physics and Artificial Intelligence,Bachelor,Natural Language Processing,10,Data / ML / AI
Yerevan State University,Data Processing in Physics and Artificial Intelligence,Bachelor,Generative AI,10,Data / ML / AI
Yerevan State University,Data Processing in Physics and Artificial Intelligence,Bachelor,MLOps,9,Data / ML / AI
Yerevan State University,Data Processing in Physics and Artificial Intelligence,Bachelor,Data Pipelines,10,Data / ML / AI
Yerevan State University,Data Processing in Physics and Artificial Intelligence,Bachelor,Apache Spark,6,Data / ML / AI
Yerevan State University,Data Science in Business,Master,FastAPI,8,Data / ML / AI
Yerevan State University,Data Science in Business,Master,Product Analytics,7,Data / ML / AI
Yerevan State University,Data Science in Business,Master,A/B Testing,18,Data / ML / AI
Yerevan State University,Data Science in Business,Master,Tableau,8,Data / ML / AI
Yerevan State University,Data Science in Business,Master,PyTorch,8,Data / ML / AI
Yerevan State University,Data Science in Business,Master,Business Intelligence,8,Data / ML / AI
Yerevan State University,Data Science in Business,Master,Apache Airflow,6,Data / ML / AI
Yerevan State University,Data Science in Business,Master,Retrieval-Augmented Generation,11,Data / ML / AI
Yerevan State University,Data Science in Business,Master,Power BI,11,Data / ML / AI
Yerevan State University,Data Science in Business,Master,Databricks,6,Data / ML / AI
Yerevan State University,Data Science in Business,Master,MLOps,9,Data / ML / AI
Yerevan State University,Data Science in Business,Master,Data Modeling,7,Data / ML / AI
Yerevan State University,Discrete Mathematics and Theoretical Informatics,Master,FastAPI,9,"Data / ML / AI, Software Engineering"
Yerevan State University,Discrete Mathematics and Theoretical Informatics,Master,Microservices,38,"Data / ML / AI, Software Engineering"
Yerevan State University,Discrete Mathematics and Theoretical Informatics,Master,Kubernetes,19,"Data / ML / AI, Software Engineering"
Yerevan State University,Discrete Mathematics and Theoretical Informatics,Master,ETL,15,"Data / ML / AI, Software Engineering"
Yerevan State University,Discrete Mathematics and Theoretical Informatics,Master,Apache Kafka,19,"Data / ML / AI, Software Engineering"
Yerevan State University,Discrete Mathematics and Theoretical Informatics,Master,Dashboard Development,9,"Data / ML / AI, Software Engineering"
Yerevan State University,Discrete Mathematics and Theoretical Informatics,Master,Product Analytics,7,"Data / ML / AI, Software Engineering"
Yerevan State University,Discrete Mathematics and Theoretical Informatics,Master,A/B Testing,20,"Data / ML / AI, Software Engineering"
Yerevan State University,Discrete Mathematics and Theoretical Informatics,Master,Tableau,8,"Data / ML / AI, Software Engineering"
Yerevan State University,Discrete Mathematics and Theoretical Informatics,Master,PyTorch,8,"Data / ML / AI, Software Engineering"
Yerevan State University,Discrete Mathematics and Theoretical Informatics,Master,SQL,83,"Data / ML / AI, Software Engineering"
Yerevan State University,Discrete Mathematics and Theoretical Informatics,Master,Business Intelligence,8,"Data / ML / AI, Software Engineering"
Yerevan State University,Discrete Mathematics and Theoretical Informatics,Master,MySQL,25,"Data / ML / AI, Software Engineering"
Yerevan State University,Discrete Mathematics and Theoretical Informatics,Master,PHP,19,"Data / ML / AI, Software Engineering"
Yerevan State University,Discrete Mathematics and Theoretical Informatics,Master,CI/CD,27,"Data / ML / AI, Software Engineering"
Yerevan State University,Discrete Mathematics and Theoretical Informatics,Master,Apache Airflow,7,"Data / ML / AI, Software Engineering"
Yerevan State University,Discrete Mathematics and Theoretical Informatics,Master,Node.js,47,"Data / ML / AI, Software Engineering"
Yerevan State University,Discrete Mathematics and Theoretical Informatics,Master,React,55,"Data / ML / AI, Software Engineering"
Yerevan State University,Discrete Mathematics and Theoretical Informatics,Master,AWS,43,"Data / ML / AI, Software Engineering"
Yerevan State University,Discrete Mathematics and Theoretical Informatics,Master,Retrieval-Augmented Generation,11,"Data / ML / AI, Software Engineering"
Yerevan State University,Discrete Mathematics and Theoretical Informatics,Master,Power BI,11,"Data / ML / AI, Software Engineering"
Yerevan State University,Discrete Mathematics and Theoretical Informatics,Master,TensorFlow,6,"Data / ML / AI, Software Engineering"
Yerevan State University,Discrete Mathematics and Theoretical Informatics,Master,Large Language Models,30,"Data / ML / AI, Software Engineering"
Yerevan State University,Discrete Mathematics and Theoretical Informatics,Master,Databricks,8,"Data / ML / AI, Software Engineering"
Yerevan State University,Discrete Mathematics and Theoretical Informatics,Master,REST APIs,100,"Data / ML / AI, Software Engineering"
Yerevan State University,Discrete Mathematics and Theoretical Informatics,Master,Docker,35,"Data / ML / AI, Software Engineering"
Yerevan State University,Discrete Mathematics and Theoretical Informatics,Master,PostgreSQL,40,"Data / ML / AI, Software Engineering"
Yerevan State University,Discrete Mathematics and Theoretical Informatics,Master,Backend Development,21,"Data / ML / AI, Software Engineering"
Yerevan State University,Discrete Mathematics and Theoretical Informatics,Master,Next.js,14,"Data / ML / AI, Software Engineering"
Yerevan State University,Discrete Mathematics and Theoretical Informatics,Master,Python,119,"Data / ML / AI, Software Engineering"
Yerevan State University,Discrete Mathematics and Theoretical Informatics,Master,Natural Language Processing,11,"Data / ML / AI, Software Engineering"
Yerevan State University,Discrete Mathematics and Theoretical Informatics,Master,JavaScript,68,"Data / ML / AI, Software Engineering"
Yerevan State University,Discrete Mathematics and Theoretical Informatics,Master,C++,19,"Data / ML / AI, Software Engineering"
Yerevan State University,Discrete Mathematics and Theoretical Informatics,Master,Generative AI,12,"Data / ML / AI, Software Engineering"
Yerevan State University,Discrete Mathematics and Theoretical Informatics,Master,Analytics,6,"Data / ML / AI, Software Engineering"
Yerevan State University,Discrete Mathematics and Theoretical Informatics,Master,Distributed Systems,26,"Data / ML / AI, Software Engineering"
Yerevan State University,Discrete Mathematics and Theoretical Informatics,Master,MLOps,10,"Data / ML / AI, Software Engineering"
Yerevan State University,Discrete Mathematics and Theoretical Informatics,Master,Go,21,"Data / ML / AI, Software Engineering"
Yerevan State University,Discrete Mathematics and Theoretical Informatics,Master,Java,28,"Data / ML / AI, Software Engineering"
Yerevan State University,Discrete Mathematics and Theoretical Informatics,Master,Git,39,"Data / ML / AI, Software Engineering"
Yerevan State University,Discrete Mathematics and Theoretical Informatics,Master,Data Pipelines,15,"Data / ML / AI, Software Engineering"
Yerevan State University,Discrete Mathematics and Theoretical Informatics,Master,Apache Spark,9,"Data / ML / AI, Software Engineering"
Yerevan State University,Discrete Mathematics and Theoretical Informatics,Master,TypeScript,59,"Data / ML / AI, Software Engineering"
Yerevan State University,Discrete Mathematics and Theoretical Informatics,Master,Redis,15,"Data / ML / AI, Software Engineering"
Yerevan State University,Discrete Mathematics and Theoretical Informatics,Master,Microsoft SQL Server,21,"Data / ML / AI, Software Engineering"
Yerevan State University,Discrete Mathematics and Theoretical Informatics,Master,Angular,18,"Data / ML / AI, Software Engineering"
Yerevan State University,Informatics and Applied Mathematics,Bachelor,F5,1,"Software Engineering, Hardware / Embedded, IT Support / Admin / ERP, DevOps / Cloud, Data / ML / AI, Security, QA / Testing, Technical Management, UX / Product Design"
Yerevan State University,Informatics and Applied Mathematics,Bachelor,Terraform,25,"Software Engineering, Hardware / Embedded, IT Support / Admin / ERP, DevOps / Cloud, Data / ML / AI, Security, QA / Testing, Technical Management, UX / Product Design"
Yerevan State University,Informatics and Applied Mathematics,Bachelor,Appium,3,"Software Engineering, Hardware / Embedded, IT Support / Admin / ERP, DevOps / Cloud, Data / ML / AI, Security, QA / Testing, Technical Management, UX / Product Design"
Yerevan State University,Informatics and Applied Mathematics,Bachelor,Software Composition Analysis,1,"Software Engineering, Hardware / Embedded, IT Support / Admin / ERP, DevOps / Cloud, Data / ML / AI, Security, QA / Testing, Technical Management, UX / Product Design"
Yerevan State University,Informatics and Applied Mathematics,Bachelor,Security Controls,1,"Software Engineering, Hardware / Embedded, IT Support / Admin / ERP, DevOps / Cloud, Data / ML / AI, Security, QA / Testing, Technical Management, UX / Product Design"
Yerevan State University,Informatics and Applied Mathematics,Bachelor,Prometheus,7,"Software Engineering, Hardware / Embedded, IT Support / Admin / ERP, DevOps / Cloud, Data / ML / AI, Security, QA / Testing, Technical Management, UX / Product Design"
Yerevan State University,Informatics and Applied Mathematics,Bachelor,Adobe After Effects,1,"Software Engineering, Hardware / Embedded, IT Support / Admin / ERP, DevOps / Cloud, Data / ML / AI, Security, QA / Testing, Technical Management, UX / Product Design"
Yerevan State University,Informatics and Applied Mathematics,Bachelor,Physical Verification,4,"Software Engineering, Hardware / Embedded, IT Support / Admin / ERP, DevOps / Cloud, Data / ML / AI, Security, QA / Testing, Technical Management, UX / Product Design"
Yerevan State University,Informatics and Applied Mathematics,Bachelor,API Testing,17,"Software Engineering, Hardware / Embedded, IT Support / Admin / ERP, DevOps / Cloud, Data / ML / AI, Security, QA / Testing, Technical Management, UX / Product Design"
Yerevan State University,Informatics and Applied Mathematics,Bachelor,Calibre LVS,2,"Software Engineering, Hardware / Embedded, IT Support / Admin / ERP, DevOps / Cloud, Data / ML / AI, Security, QA / Testing, Technical Management, UX / Product Design"
Yerevan State University,Informatics and Applied Mathematics,Bachelor,Google Cloud Platform,23,"Software Engineering, Hardware / Embedded, IT Support / Admin / ERP, DevOps / Cloud, Data / ML / AI, Security, QA / Testing, Technical Management, UX / Product Design"
Yerevan State University,Informatics and Applied Mathematics,Bachelor,UI/UX QA,1,"Software Engineering, Hardware / Embedded, IT Support / Admin / ERP, DevOps / Cloud, Data / ML / AI, Security, QA / Testing, Technical Management, UX / Product Design"
Yerevan State University,Informatics and Applied Mathematics,Bachelor,Palo Alto Networks,1,"Software Engineering, Hardware / Embedded, IT Support / Admin / ERP, DevOps / Cloud, Data / ML / AI, Security, QA / Testing, Technical Management, UX / Product Design"
Yerevan State University,Informatics and Applied Mathematics,Bachelor,Screenshot Design,1,"Software Engineering, Hardware / Embedded, IT Support / Admin / ERP, DevOps / Cloud, Data / ML / AI, Security, QA / Testing, Technical Management, UX / Product Design"
Yerevan State University,Informatics and Applied Mathematics,Bachelor,SAP Logistics,6,"Software Engineering, Hardware / Embedded, IT Support / Admin / ERP, DevOps / Cloud, Data / ML / AI, Security, QA / Testing, Technical Management, UX / Product Design"
Yerevan State University,Informatics and Applied Mathematics,Bachelor,REST APIs,120,"Software Engineering, Hardware / Embedded, IT Support / Admin / ERP, DevOps / Cloud, Data / ML / AI, Security, QA / Testing, Technical Management, UX / Product Design"
Yerevan State University,Informatics and Applied Mathematics,Bachelor,Model Context Protocol,4,"Software Engineering, Hardware / Embedded, IT Support / Admin / ERP, DevOps / Cloud, Data / ML / AI, Security, QA / Testing, Technical Management, UX / Product Design"
Yerevan State University,Informatics and Applied Mathematics,Bachelor,Linux,40,"Software Engineering, Hardware / Embedded, IT Support / Admin / ERP, DevOps / Cloud, Data / ML / AI, Security, QA / Testing, Technical Management, UX / Product Design"
Yerevan State University,Informatics and Applied Mathematics,Bachelor,Data Protection,1,"Software Engineering, Hardware / Embedded, IT Support / Admin / ERP, DevOps / Cloud, Data / ML / AI, Security, QA / Testing, Technical Management, UX / Product Design"
Yerevan State University,Informatics and Applied Mathematics,Bachelor,Windows Autopilot,1,"Software Engineering, Hardware / Embedded, IT Support / Admin / ERP, DevOps / Cloud, Data / ML / AI, Security, QA / Testing, Technical Management, UX / Product Design"
Yerevan State University,Informatics and Applied Mathematics,Bachelor,GitLab,10,"Software Engineering, Hardware / Embedded, IT Support / Admin / ERP, DevOps / Cloud, Data / ML / AI, Security, QA / Testing, Technical Management, UX / Product Design"
Yerevan State University,Informatics and Applied Mathematics,Bachelor,API Integration,8,"Software Engineering, Hardware / Embedded, IT Support / Admin / ERP, DevOps / Cloud, Data / ML / AI, Security, QA / Testing, Technical Management, UX / Product Design"
Yerevan State University,Informatics and Applied Mathematics,Bachelor,Google Workspace,7,"Software Engineering, Hardware / Embedded, IT Support / Admin / ERP, DevOps / Cloud, Data / ML / AI, Security, QA / Testing, Technical Management, UX / Product Design"
Yerevan State University,Informatics and Applied Mathematics,Bachelor,Microsoft Office,6,"Software Engineering, Hardware / Embedded, IT Support / Admin / ERP, DevOps / Cloud, Data / ML / AI, Security, QA / Testing, Technical Management, UX / Product Design"
Yerevan State University,Informatics and Applied Mathematics,Bachelor,Structured Cabling,7,"Software Engineering, Hardware / Embedded, IT Support / Admin / ERP, DevOps / Cloud, Data / ML / AI, Security, QA / Testing, Technical Management, UX / Product Design"
Yerevan State University,Informatics and Applied Mathematics,Bachelor,User Interviews,1,"Software Engineering, Hardware / Embedded, IT Support / Admin / ERP, DevOps / Cloud, Data / ML / AI, Security, QA / Testing, Technical Management, UX / Product Design"
Yerevan State University,Informatics and Applied Mathematics,Bachelor,Verdi,3,"Software Engineering, Hardware / Embedded, IT Support / Admin / ERP, DevOps / Cloud, Data / ML / AI, Security, QA / Testing, Technical Management, UX / Product Design"
Yerevan State University,Informatics and Applied Mathematics,Bachelor,AI-Powered Workflows,2,"Software Engineering, Hardware / Embedded, IT Support / Admin / ERP, DevOps / Cloud, Data / ML / AI, Security, QA / Testing, Technical Management, UX / Product Design"
Yerevan State University,Informatics and Applied Mathematics,Bachelor,Apache Kafka,22,"Software Engineering, Hardware / Embedded, IT Support / Admin / ERP, DevOps / Cloud, Data / ML / AI, Security, QA / Testing, Technical Management, UX / Product Design"
Yerevan State University,Informatics and Applied Mathematics,Bachelor,Backend Testing,3,"Software Engineering, Hardware / Embedded, IT Support / Admin / ERP, DevOps / Cloud, Data / ML / AI, Security, QA / Testing, Technical Management, UX / Product Design"
Yerevan State University,Informatics and Applied Mathematics,Bachelor,Wireframing,9,"Software Engineering, Hardware / Embedded, IT Support / Admin / ERP, DevOps / Cloud, Data / ML / AI, Security, QA / Testing, Technical Management, UX / Product Design"
Yerevan State University,Informatics and Applied Mathematics,Bachelor,Physical Design,8,"Software Engineering, Hardware / Embedded, IT Support / Admin / ERP, DevOps / Cloud, Data / ML / AI, Security, QA / Testing, Technical Management, UX / Product Design"
Yerevan State University,Informatics and Applied Mathematics,Bachelor,Production Video Switchers,2,"Software Engineering, Hardware / Embedded, IT Support / Admin / ERP, DevOps / Cloud, Data / ML / AI, Security, QA / Testing, Technical Management, UX / Product Design"
Yerevan State University,Informatics and Applied Mathematics,Bachelor,Technical Support,3,"Software Engineering, Hardware / Embedded, IT Support / Admin / ERP, DevOps / Cloud, Data / ML / AI, Security, QA / Testing, Technical Management, UX / Product Design"
Yerevan State University,Informatics and Applied Mathematics,Bachelor,SAP HANA Calculation Views,3,"Software Engineering, Hardware / Embedded, IT Support / Admin / ERP, DevOps / Cloud, Data / ML / AI, Security, QA / Testing, Technical Management, UX / Product Design"
Yerevan State University,Informatics and Applied Mathematics,Bachelor,Server Hardware,5,"Software Engineering, Hardware / Embedded, IT Support / Admin / ERP, DevOps / Cloud, Data / ML / AI, Security, QA / Testing, Technical Management, UX / Product Design"
Yerevan State University,Informatics and Applied Mathematics,Bachelor,Okta Lifecycle Management,2,"Software Engineering, Hardware / Embedded, IT Support / Admin / ERP, DevOps / Cloud, Data / ML / AI, Security, QA / Testing, Technical Management, UX / Product Design"
Yerevan State University,Informatics and Applied Mathematics,Bachelor,Audio-Visual Systems,2,"Software Engineering, Hardware / Embedded, IT Support / Admin / ERP, DevOps / Cloud, Data / ML / AI, Security, QA / Testing, Technical Management, UX / Product Design"
Yerevan State University,Informatics and Applied Mathematics,Bachelor,Fiber Optic Networking,5,"Software Engineering, Hardware / Embedded, IT Support / Admin / ERP, DevOps / Cloud, Data / ML / AI, Security, QA / Testing, Technical Management, UX / Product Design"
Yerevan State University,Informatics and Applied Mathematics,Bachelor,Intrusion Detection Systems,1,"Software Engineering, Hardware / Embedded, IT Support / Admin / ERP, DevOps / Cloud, Data / ML / AI, Security, QA / Testing, Technical Management, UX / Product Design"
Yerevan State University,Informatics and Applied Mathematics,Bachelor,SAP Financial Accounting,3,"Software Engineering, Hardware / Embedded, IT Support / Admin / ERP, DevOps / Cloud, Data / ML / AI, Security, QA / Testing, Technical Management, UX / Product Design"
Yerevan State University,Informatics and Applied Mathematics,Bachelor,RTL-to-GDSII,6,"Software Engineering, Hardware / Embedded, IT Support / Admin / ERP, DevOps / Cloud, Data / ML / AI, Security, QA / Testing, Technical Management, UX / Product Design"
Yerevan State University,Informatics and Applied Mathematics,Bachelor,Databricks,8,"Software Engineering, Hardware / Embedded, IT Support / Admin / ERP, DevOps / Cloud, Data / ML / AI, Security, QA / Testing, Technical Management, UX / Product Design"
Yerevan State University,Informatics and Applied Mathematics,Bachelor,Adobe Firefly,1,"Software Engineering, Hardware / Embedded, IT Support / Admin / ERP, DevOps / Cloud, Data / ML / AI, Security, QA / Testing, Technical Management, UX / Product Design"
Yerevan State University,Informatics and Applied Mathematics,Bachelor,Cat5e/6/6a Cabling,4,"Software Engineering, Hardware / Embedded, IT Support / Admin / ERP, DevOps / Cloud, Data / ML / AI, Security, QA / Testing, Technical Management, UX / Product Design"
Yerevan State University,Informatics and Applied Mathematics,Bachelor,Help Desk Software,3,"Software Engineering, Hardware / Embedded, IT Support / Admin / ERP, DevOps / Cloud, Data / ML / AI, Security, QA / Testing, Technical Management, UX / Product Design"
Yerevan State University,Informatics and Applied Mathematics,Bachelor,Test Automation,39,"Software Engineering, Hardware / Embedded, IT Support / Admin / ERP, DevOps / Cloud, Data / ML / AI, Security, QA / Testing, Technical Management, UX / Product Design"
Yerevan State University,Informatics and Applied Mathematics,Bachelor,Next.js,14,"Software Engineering, Hardware / Embedded, IT Support / Admin / ERP, DevOps / Cloud, Data / ML / AI, Security, QA / Testing, Technical Management, UX / Product Design"
Yerevan State University,Informatics and Applied Mathematics,Bachelor,Webflow,2,"Software Engineering, Hardware / Embedded, IT Support / Admin / ERP, DevOps / Cloud, Data / ML / AI, Security, QA / Testing, Technical Management, UX / Product Design"
Yerevan State University,Informatics and Applied Mathematics,Bachelor,CMOS Process,2,"Software Engineering, Hardware / Embedded, IT Support / Admin / ERP, DevOps / Cloud, Data / ML / AI, Security, QA / Testing, Technical Management, UX / Product Design"
Yerevan State University,Informatics and Applied Mathematics,Bachelor,SAP Materials Management,4,"Software Engineering, Hardware / Embedded, IT Support / Admin / ERP, DevOps / Cloud, Data / ML / AI, Security, QA / Testing, Technical Management, UX / Product Design"
Yerevan State University,Informatics and Applied Mathematics,Bachelor,AI Tools,4,"Software Engineering, Hardware / Embedded, IT Support / Admin / ERP, DevOps / Cloud, Data / ML / AI, Security, QA / Testing, Technical Management, UX / Product Design"
Yerevan State University,Informatics and Applied Mathematics,Bachelor,Memory BIST (MBIST),2,"Software Engineering, Hardware / Embedded, IT Support / Admin / ERP, DevOps / Cloud, Data / ML / AI, Security, QA / Testing, Technical Management, UX / Product Design"
Yerevan State University,Informatics and Applied Mathematics,Bachelor,Intrusion Detection System/Intrusion Prevention System,1,"Software Engineering, Hardware / Embedded, IT Support / Admin / ERP, DevOps / Cloud, Data / ML / AI, Security, QA / Testing, Technical Management, UX / Product Design"
Yerevan State University,Informatics and Applied Mathematics,Bachelor,Generative AI,15,"Software Engineering, Hardware / Embedded, IT Support / Admin / ERP, DevOps / Cloud, Data / ML / AI, Security, QA / Testing, Technical Management, UX / Product Design"
Yerevan State University,Informatics and Applied Mathematics,Bachelor,Component Libraries,2,"Software Engineering, Hardware / Embedded, IT Support / Admin / ERP, DevOps / Cloud, Data / ML / AI, Security, QA / Testing, Technical Management, UX / Product Design"
Yerevan State University,Informatics and Applied Mathematics,Bachelor,Security Information and Event Management (SIEM),3,"Software Engineering, Hardware / Embedded, IT Support / Admin / ERP, DevOps / Cloud, Data / ML / AI, Security, QA / Testing, Technical Management, UX / Product Design"
Yerevan State University,Informatics and Applied Mathematics,Bachelor,Serial Digital Interface (SDI),2,"Software Engineering, Hardware / Embedded, IT Support / Admin / ERP, DevOps / Cloud, Data / ML / AI, Security, QA / Testing, Technical Management, UX / Product Design"
Yerevan State University,Informatics and Applied Mathematics,Bachelor,SAP Retail,3,"Software Engineering, Hardware / Embedded, IT Support / Admin / ERP, DevOps / Cloud, Data / ML / AI, Security, QA / Testing, Technical Management, UX / Product Design"
Yerevan State University,Informatics and Applied Mathematics,Bachelor,Automation,8,"Software Engineering, Hardware / Embedded, IT Support / Admin / ERP, DevOps / Cloud, Data / ML / AI, Security, QA / Testing, Technical Management, UX / Product Design"
Yerevan State University,Informatics and Applied Mathematics,Bachelor,Cloud Infrastructure,7,"Software Engineering, Hardware / Embedded, IT Support / Admin / ERP, DevOps / Cloud, Data / ML / AI, Security, QA / Testing, Technical Management, UX / Product Design"
Yerevan State University,Informatics and Applied Mathematics,Bachelor,Microsoft Intune,1,"Software Engineering, Hardware / Embedded, IT Support / Admin / ERP, DevOps / Cloud, Data / ML / AI, Security, QA / Testing, Technical Management, UX / Product Design"
Yerevan State University,Informatics and Applied Mathematics,Bachelor,Product Design,3,"Software Engineering, Hardware / Embedded, IT Support / Admin / ERP, DevOps / Cloud, Data / ML / AI, Security, QA / Testing, Technical Management, UX / Product Design"
Yerevan State University,Informatics and Applied Mathematics,Bachelor,Network Troubleshooting,8,"Software Engineering, Hardware / Embedded, IT Support / Admin / ERP, DevOps / Cloud, Data / ML / AI, Security, QA / Testing, Technical Management, UX / Product Design"
Yerevan State University,Informatics and Applied Mathematics,Bachelor,IT Infrastructure,3,"Software Engineering, Hardware / Embedded, IT Support / Admin / ERP, DevOps / Cloud, Data / ML / AI, Security, QA / Testing, Technical Management, UX / Product Design"
Yerevan State University,Informatics and Applied Mathematics,Bachelor,Solution Architecture,4,"Software Engineering, Hardware / Embedded, IT Support / Admin / ERP, DevOps / Cloud, Data / ML / AI, Security, QA / Testing, Technical Management, UX / Product Design"
Yerevan State University,Informatics and Applied Mathematics,Bachelor,Full-Stack Development,9,"Software Engineering, Hardware / Embedded, IT Support / Admin / ERP, DevOps / Cloud, Data / ML / AI, Security, QA / Testing, Technical Management, UX / Product Design"
Yerevan State University,Informatics and Applied Mathematics,Bachelor,Microservices,47,"Software Engineering, Hardware / Embedded, IT Support / Admin / ERP, DevOps / Cloud, Data / ML / AI, Security, QA / Testing, Technical Management, UX / Product Design"
Yerevan State University,Informatics and Applied Mathematics,Bachelor,UX Design,8,"Software Engineering, Hardware / Embedded, IT Support / Admin / ERP, DevOps / Cloud, Data / ML / AI, Security, QA / Testing, Technical Management, UX / Product Design"
Yerevan State University,Informatics and Applied Mathematics,Bachelor,Kubernetes,41,"Software Engineering, Hardware / Embedded, IT Support / Admin / ERP, DevOps / Cloud, Data / ML / AI, Security, QA / Testing, Technical Management, UX / Product Design"
Yerevan State University,Informatics and Applied Mathematics,Bachelor,Playwright,15,"Software Engineering, Hardware / Embedded, IT Support / Admin / ERP, DevOps / Cloud, Data / ML / AI, Security, QA / Testing, Technical Management, UX / Product Design"
Yerevan State University,Informatics and Applied Mathematics,Bachelor,Metasploit,1,"Software Engineering, Hardware / Embedded, IT Support / Admin / ERP, DevOps / Cloud, Data / ML / AI, Security, QA / Testing, Technical Management, UX / Product Design"
Yerevan State University,Informatics and Applied Mathematics,Bachelor,Technical Documentation,6,"Software Engineering, Hardware / Embedded, IT Support / Admin / ERP, DevOps / Cloud, Data / ML / AI, Security, QA / Testing, Technical Management, UX / Product Design"
Yerevan State University,Informatics and Applied Mathematics,Bachelor,Circuit Breakers,1,"Software Engineering, Hardware / Embedded, IT Support / Admin / ERP, DevOps / Cloud, Data / ML / AI, Security, QA / Testing, Technical Management, UX / Product Design"
Yerevan State University,Informatics and Applied Mathematics,Bachelor,VLSI Design,5,"Software Engineering, Hardware / Embedded, IT Support / Admin / ERP, DevOps / Cloud, Data / ML / AI, Security, QA / Testing, Technical Management, UX / Product Design"
Yerevan State University,Informatics and Applied Mathematics,Bachelor,Endpoint Detection and Response/Extended Detection and Response,1,"Software Engineering, Hardware / Embedded, IT Support / Admin / ERP, DevOps / Cloud, Data / ML / AI, Security, QA / Testing, Technical Management, UX / Product Design"
Yerevan State University,Informatics and Applied Mathematics,Bachelor,A/B Testing,20,"Software Engineering, Hardware / Embedded, IT Support / Admin / ERP, DevOps / Cloud, Data / ML / AI, Security, QA / Testing, Technical Management, UX / Product Design"
Yerevan State University,Informatics and Applied Mathematics,Bachelor,Adobe XD,2,"Software Engineering, Hardware / Embedded, IT Support / Admin / ERP, DevOps / Cloud, Data / ML / AI, Security, QA / Testing, Technical Management, UX / Product Design"
Yerevan State University,Informatics and Applied Mathematics,Bachelor,Adobe Creative Suite,1,"Software Engineering, Hardware / Embedded, IT Support / Admin / ERP, DevOps / Cloud, Data / ML / AI, Security, QA / Testing, Technical Management, UX / Product Design"
Yerevan State University,Informatics and Applied Mathematics,Bachelor,CI/CD,61,"Software Engineering, Hardware / Embedded, IT Support / Admin / ERP, DevOps / Cloud, Data / ML / AI, Security, QA / Testing, Technical Management, UX / Product Design"
Yerevan State University,Informatics and Applied Mathematics,Bachelor,Equipment Maintenance,2,"Software Engineering, Hardware / Embedded, IT Support / Admin / ERP, DevOps / Cloud, Data / ML / AI, Security, QA / Testing, Technical Management, UX / Product Design"
Yerevan State University,Informatics and Applied Mathematics,Bachelor,Patch Panel Configuration,4,"Software Engineering, Hardware / Embedded, IT Support / Admin / ERP, DevOps / Cloud, Data / ML / AI, Security, QA / Testing, Technical Management, UX / Product Design"
Yerevan State University,Informatics and Applied Mathematics,Bachelor,Prompt Engineering,7,"Software Engineering, Hardware / Embedded, IT Support / Admin / ERP, DevOps / Cloud, Data / ML / AI, Security, QA / Testing, Technical Management, UX / Product Design"
Yerevan State University,Informatics and Applied Mathematics,Bachelor,Power BI,12,"Software Engineering, Hardware / Embedded, IT Support / Admin / ERP, DevOps / Cloud, Data / ML / AI, Security, QA / Testing, Technical Management, UX / Product Design"
Yerevan State University,Informatics and Applied Mathematics,Bachelor,DALL·E,1,"Software Engineering, Hardware / Embedded, IT Support / Admin / ERP, DevOps / Cloud, Data / ML / AI, Security, QA / Testing, Technical Management, UX / Product Design"
Yerevan State University,Informatics and Applied Mathematics,Bachelor,.NET,29,"Software Engineering, Hardware / Embedded, IT Support / Admin / ERP, DevOps / Cloud, Data / ML / AI, Security, QA / Testing, Technical Management, UX / Product Design"
Yerevan State University,Informatics and Applied Mathematics,Bachelor,Project Management Professional (PMP),3,"Software Engineering, Hardware / Embedded, IT Support / Admin / ERP, DevOps / Cloud, Data / ML / AI, Security, QA / Testing, Technical Management, UX / Product Design"
Yerevan State University,Informatics and Applied Mathematics,Bachelor,Secure Sdlc Practices,1,"Software Engineering, Hardware / Embedded, IT Support / Admin / ERP, DevOps / Cloud, Data / ML / AI, Security, QA / Testing, Technical Management, UX / Product Design"
Yerevan State University,Informatics and Applied Mathematics,Bachelor,Agile,38,"Software Engineering, Hardware / Embedded, IT Support / Admin / ERP, DevOps / Cloud, Data / ML / AI, Security, QA / Testing, Technical Management, UX / Product Design"
Yerevan State University,Informatics and Applied Mathematics,Bachelor,GitHub Advanced Security,1,"Software Engineering, Hardware / Embedded, IT Support / Admin / ERP, DevOps / Cloud, Data / ML / AI, Security, QA / Testing, Technical Management, UX / Product Design"
Yerevan State University,Informatics and Applied Mathematics,Bachelor,UVM,2,"Software Engineering, Hardware / Embedded, IT Support / Admin / ERP, DevOps / Cloud, Data / ML / AI, Security, QA / Testing, Technical Management, UX / Product Design"
Yerevan State University,Informatics and Applied Mathematics,Bachelor,Firewalls,1,"Software Engineering, Hardware / Embedded, IT Support / Admin / ERP, DevOps / Cloud, Data / ML / AI, Security, QA / Testing, Technical Management, UX / Product Design"
Yerevan State University,Informatics and Applied Mathematics,Bachelor,Windows 10/11,1,"Software Engineering, Hardware / Embedded, IT Support / Admin / ERP, DevOps / Cloud, Data / ML / AI, Security, QA / Testing, Technical Management, UX / Product Design"
Yerevan State University,Informatics and Applied Mathematics,Bachelor,App Store,1,"Software Engineering, Hardware / Embedded, IT Support / Admin / ERP, DevOps / Cloud, Data / ML / AI, Security, QA / Testing, Technical Management, UX / Product Design"
Yerevan State University,Informatics and Applied Mathematics,Bachelor,Synthesis,4,"Software Engineering, Hardware / Embedded, IT Support / Admin / ERP, DevOps / Cloud, Data / ML / AI, Security, QA / Testing, Technical Management, UX / Product Design"
Yerevan State University,Informatics and Applied Mathematics,Bachelor,API Access Management,1,"Software Engineering, Hardware / Embedded, IT Support / Admin / ERP, DevOps / Cloud, Data / ML / AI, Security, QA / Testing, Technical Management, UX / Product Design"
Yerevan State University,Informatics and Applied Mathematics,Bachelor,Design Rule Check (DRC),3,"Software Engineering, Hardware / Embedded, IT Support / Admin / ERP, DevOps / Cloud, Data / ML / AI, Security, QA / Testing, Technical Management, UX / Product Design"
Yerevan State University,Informatics and Applied Mathematics,Bachelor,SAP FICO,6,"Software Engineering, Hardware / Embedded, IT Support / Admin / ERP, DevOps / Cloud, Data / ML / AI, Security, QA / Testing, Technical Management, UX / Product Design"
Yerevan State University,Informatics and Applied Mathematics,Bachelor,IT Auditing,1,"Software Engineering, Hardware / Embedded, IT Support / Admin / ERP, DevOps / Cloud, Data / ML / AI, Security, QA / Testing, Technical Management, UX / Product Design"
Yerevan State University,Informatics and Applied Mathematics,Bachelor,Group Policy,1,"Software Engineering, Hardware / Embedded, IT Support / Admin / ERP, DevOps / Cloud, Data / ML / AI, Security, QA / Testing, Technical Management, UX / Product Design"
Yerevan State University,Informatics and Applied Mathematics,Bachelor,Analytics,6,"Software Engineering, Hardware / Embedded, IT Support / Admin / ERP, DevOps / Cloud, Data / ML / AI, Security, QA / Testing, Technical Management, UX / Product Design"
Yerevan State University,Informatics and Applied Mathematics,Bachelor,Cloud Security,3,"Software Engineering, Hardware / Embedded, IT Support / Admin / ERP, DevOps / Cloud, Data / ML / AI, Security, QA / Testing, Technical Management, UX / Product Design"
Yerevan State University,Informatics and Applied Mathematics,Bachelor,Distributed Systems,34,"Software Engineering, Hardware / Embedded, IT Support / Admin / ERP, DevOps / Cloud, Data / ML / AI, Security, QA / Testing, Technical Management, UX / Product Design"
Yerevan State University,Informatics and Applied Mathematics,Bachelor,Project Based Learning,4,"Software Engineering, Hardware / Embedded, IT Support / Admin / ERP, DevOps / Cloud, Data / ML / AI, Security, QA / Testing, Technical Management, UX / Product Design"
Yerevan State University,Informatics and Applied Mathematics,Bachelor,Design for Testability (DFT),9,"Software Engineering, Hardware / Embedded, IT Support / Admin / ERP, DevOps / Cloud, Data / ML / AI, Security, QA / Testing, Technical Management, UX / Product Design"
Yerevan State University,Informatics and Applied Mathematics,Bachelor,Okta,5,"Software Engineering, Hardware / Embedded, IT Support / Admin / ERP, DevOps / Cloud, Data / ML / AI, Security, QA / Testing, Technical Management, UX / Product Design"
Yerevan State University,Informatics and Applied Mathematics,Bachelor,pytest,5,"Software Engineering, Hardware / Embedded, IT Support / Admin / ERP, DevOps / Cloud, Data / ML / AI, Security, QA / Testing, Technical Management, UX / Product Design"
Yerevan State University,Informatics and Applied Mathematics,Bachelor,Requirements Analysis,5,"Software Engineering, Hardware / Embedded, IT Support / Admin / ERP, DevOps / Cloud, Data / ML / AI, Security, QA / Testing, Technical Management, UX / Product Design"
Yerevan State University,Informatics and Applied Mathematics,Bachelor,Microsoft Project,3,"Software Engineering, Hardware / Embedded, IT Support / Admin / ERP, DevOps / Cloud, Data / ML / AI, Security, QA / Testing, Technical Management, UX / Product Design"
Yerevan State University,Informatics and Applied Mathematics,Bachelor,App Preview Video,1,"Software Engineering, Hardware / Embedded, IT Support / Admin / ERP, DevOps / Cloud, Data / ML / AI, Security, QA / Testing, Technical Management, UX / Product Design"
Yerevan State University,Informatics and Applied Mathematics,Bachelor,Data Pipelines,16,"Software Engineering, Hardware / Embedded, IT Support / Admin / ERP, DevOps / Cloud, Data / ML / AI, Security, QA / Testing, Technical Management, UX / Product Design"
Yerevan State University,Informatics and Applied Mathematics,Bachelor,Video Surveillance Systems,2,"Software Engineering, Hardware / Embedded, IT Support / Admin / ERP, DevOps / Cloud, Data / ML / AI, Security, QA / Testing, Technical Management, UX / Product Design"
Yerevan State University,Informatics and Applied Mathematics,Bachelor,Apache Spark,9,"Software Engineering, Hardware / Embedded, IT Support / Admin / ERP, DevOps / Cloud, Data / ML / AI, Security, QA / Testing, Technical Management, UX / Product Design"
Yerevan State University,Informatics and Applied Mathematics,Bachelor,Multi-Factor Authentication,2,"Software Engineering, Hardware / Embedded, IT Support / Admin / ERP, DevOps / Cloud, Data / ML / AI, Security, QA / Testing, Technical Management, UX / Product Design"
Yerevan State University,Informatics and Applied Mathematics,Bachelor,Chroma Keying,2,"Software Engineering, Hardware / Embedded, IT Support / Admin / ERP, DevOps / Cloud, Data / ML / AI, Security, QA / Testing, Technical Management, UX / Product Design"
Yerevan State University,Informatics and Applied Mathematics,Bachelor,Interaction Design,4,"Software Engineering, Hardware / Embedded, IT Support / Admin / ERP, DevOps / Cloud, Data / ML / AI, Security, QA / Testing, Technical Management, UX / Product Design"
Yerevan State University,Informatics and Applied Mathematics,Bachelor,Figma,17,"Software Engineering, Hardware / Embedded, IT Support / Admin / ERP, DevOps / Cloud, Data / ML / AI, Security, QA / Testing, Technical Management, UX / Product Design"
Yerevan State University,Informatics and Applied Mathematics,Bachelor,Incident Management,4,"Software Engineering, Hardware / Embedded, IT Support / Admin / ERP, DevOps / Cloud, Data / ML / AI, Security, QA / Testing, Technical Management, UX / Product Design"
Yerevan State University,Informatics and Applied Mathematics,Bachelor,Safety Procedures,2,"Software Engineering, Hardware / Embedded, IT Support / Admin / ERP, DevOps / Cloud, Data / ML / AI, Security, QA / Testing, Technical Management, UX / Product Design"
Yerevan State University,Informatics and Applied Mathematics,Bachelor,Design Systems,8,"Software Engineering, Hardware / Embedded, IT Support / Admin / ERP, DevOps / Cloud, Data / ML / AI, Security, QA / Testing, Technical Management, UX / Product Design"
Yerevan State University,Informatics and Applied Mathematics,Bachelor,Security Auditing,2,"Software Engineering, Hardware / Embedded, IT Support / Admin / ERP, DevOps / Cloud, Data / ML / AI, Security, QA / Testing, Technical Management, UX / Product Design"
Yerevan State University,Informatics and Applied Mathematics,Bachelor,Okta Universal Directory,2,"Software Engineering, Hardware / Embedded, IT Support / Admin / ERP, DevOps / Cloud, Data / ML / AI, Security, QA / Testing, Technical Management, UX / Product Design"
Yerevan State University,Informatics and Applied Mathematics,Bachelor,DevSecOps,2,"Software Engineering, Hardware / Embedded, IT Support / Admin / ERP, DevOps / Cloud, Data / ML / AI, Security, QA / Testing, Technical Management, UX / Product Design"
Yerevan State University,Informatics and Applied Mathematics,Bachelor,Dashboard Development,9,"Software Engineering, Hardware / Embedded, IT Support / Admin / ERP, DevOps / Cloud, Data / ML / AI, Security, QA / Testing, Technical Management, UX / Product Design"
Yerevan State University,Informatics and Applied Mathematics,Bachelor,App Store Optimization,1,"Software Engineering, Hardware / Embedded, IT Support / Admin / ERP, DevOps / Cloud, Data / ML / AI, Security, QA / Testing, Technical Management, UX / Product Design"
Yerevan State University,Informatics and Applied Mathematics,Bachelor,AI-Driven Design Software,2,"Software Engineering, Hardware / Embedded, IT Support / Admin / ERP, DevOps / Cloud, Data / ML / AI, Security, QA / Testing, Technical Management, UX / Product Design"
Yerevan State University,Informatics and Applied Mathematics,Bachelor,Test Case Design,4,"Software Engineering, Hardware / Embedded, IT Support / Admin / ERP, DevOps / Cloud, Data / ML / AI, Security, QA / Testing, Technical Management, UX / Product Design"
Yerevan State University,Informatics and Applied Mathematics,Bachelor,PyTorch,8,"Software Engineering, Hardware / Embedded, IT Support / Admin / ERP, DevOps / Cloud, Data / ML / AI, Security, QA / Testing, Technical Management, UX / Product Design"
Yerevan State University,Informatics and Applied Mathematics,Bachelor,ASP.NET Core,18,"Software Engineering, Hardware / Embedded, IT Support / Admin / ERP, DevOps / Cloud, Data / ML / AI, Security, QA / Testing, Technical Management, UX / Product Design"
Yerevan State University,Informatics and Applied Mathematics,Bachelor,Circuit Board Layout,2,"Software Engineering, Hardware / Embedded, IT Support / Admin / ERP, DevOps / Cloud, Data / ML / AI, Security, QA / Testing, Technical Management, UX / Product Design"
Yerevan State University,Informatics and Applied Mathematics,Bachelor,Risk Management,2,"Software Engineering, Hardware / Embedded, IT Support / Admin / ERP, DevOps / Cloud, Data / ML / AI, Security, QA / Testing, Technical Management, UX / Product Design"
Yerevan State University,Informatics and Applied Mathematics,Bachelor,Static Application Security Testing (SAST),1,"Software Engineering, Hardware / Embedded, IT Support / Admin / ERP, DevOps / Cloud, Data / ML / AI, Security, QA / Testing, Technical Management, UX / Product Design"
Yerevan State University,Informatics and Applied Mathematics,Bachelor,PowerShell,6,"Software Engineering, Hardware / Embedded, IT Support / Admin / ERP, DevOps / Cloud, Data / ML / AI, Security, QA / Testing, Technical Management, UX / Product Design"
Yerevan State University,Informatics and Applied Mathematics,Bachelor,Windows Server,4,"Software Engineering, Hardware / Embedded, IT Support / Admin / ERP, DevOps / Cloud, Data / ML / AI, Security, QA / Testing, Technical Management, UX / Product Design"
Yerevan State University,Informatics and Applied Mathematics,Bachelor,Docker,51,"Software Engineering, Hardware / Embedded, IT Support / Admin / ERP, DevOps / Cloud, Data / ML / AI, Security, QA / Testing, Technical Management, UX / Product Design"
Yerevan State University,Informatics and Applied Mathematics,Bachelor,UX Research,1,"Software Engineering, Hardware / Embedded, IT Support / Admin / ERP, DevOps / Cloud, Data / ML / AI, Security, QA / Testing, Technical Management, UX / Product Design"
Yerevan State University,Informatics and Applied Mathematics,Bachelor,ABAP,8,"Software Engineering, Hardware / Embedded, IT Support / Admin / ERP, DevOps / Cloud, Data / ML / AI, Security, QA / Testing, Technical Management, UX / Product Design"
Yerevan State University,Informatics and Applied Mathematics,Bachelor,App Icon Design,1,"Software Engineering, Hardware / Embedded, IT Support / Admin / ERP, DevOps / Cloud, Data / ML / AI, Security, QA / Testing, Technical Management, UX / Product Design"
Yerevan State University,Informatics and Applied Mathematics,Bachelor,Active Directory,7,"Software Engineering, Hardware / Embedded, IT Support / Admin / ERP, DevOps / Cloud, Data / ML / AI, Security, QA / Testing, Technical Management, UX / Product Design"
Yerevan State University,Informatics and Applied Mathematics,Bachelor,Clock Tree Synthesis,5,"Software Engineering, Hardware / Embedded, IT Support / Admin / ERP, DevOps / Cloud, Data / ML / AI, Security, QA / Testing, Technical Management, UX / Product Design"
Yerevan State University,Informatics and Applied Mathematics,Bachelor,Cloud Platforms,20,"Software Engineering, Hardware / Embedded, IT Support / Admin / ERP, DevOps / Cloud, Data / ML / AI, Security, QA / Testing, Technical Management, UX / Product Design"
Yerevan State University,Informatics and Applied Mathematics,Bachelor,Real-Time Data Processing,1,"Software Engineering, Hardware / Embedded, IT Support / Admin / ERP, DevOps / Cloud, Data / ML / AI, Security, QA / Testing, Technical Management, UX / Product Design"
Yerevan State University,Informatics and Applied Mathematics,Bachelor,VMware,7,"Software Engineering, Hardware / Embedded, IT Support / Admin / ERP, DevOps / Cloud, Data / ML / AI, Security, QA / Testing, Technical Management, UX / Product Design"
Yerevan State University,Informatics and Applied Mathematics,Bachelor,SAP S/4HANA,15,"Software Engineering, Hardware / Embedded, IT Support / Admin / ERP, DevOps / Cloud, Data / ML / AI, Security, QA / Testing, Technical Management, UX / Product Design"
Yerevan State University,Informatics and Applied Mathematics,Bachelor,Adobe Creative Cloud,1,"Software Engineering, Hardware / Embedded, IT Support / Admin / ERP, DevOps / Cloud, Data / ML / AI, Security, QA / Testing, Technical Management, UX / Product Design"
Yerevan State University,Informatics and Applied Mathematics,Bachelor,Mobile Application Testing,6,"Software Engineering, Hardware / Embedded, IT Support / Admin / ERP, DevOps / Cloud, Data / ML / AI, Security, QA / Testing, Technical Management, UX / Product Design"
Yerevan State University,Informatics and Applied Mathematics,Bachelor,Code Generation,1,"Software Engineering, Hardware / Embedded, IT Support / Admin / ERP, DevOps / Cloud, Data / ML / AI, Security, QA / Testing, Technical Management, UX / Product Design"
Yerevan State University,Informatics and Applied Mathematics,Bachelor,Electrical Systems,2,"Software Engineering, Hardware / Embedded, IT Support / Admin / ERP, DevOps / Cloud, Data / ML / AI, Security, QA / Testing, Technical Management, UX / Product Design"
Yerevan State University,Informatics and Applied Mathematics,Bachelor,User Interface Design,1,"Software Engineering, Hardware / Embedded, IT Support / Admin / ERP, DevOps / Cloud, Data / ML / AI, Security, QA / Testing, Technical Management, UX / Product Design"
Yerevan State University,Informatics and Applied Mathematics,Bachelor,Scrum,14,"Software Engineering, Hardware / Embedded, IT Support / Admin / ERP, DevOps / Cloud, Data / ML / AI, Security, QA / Testing, Technical Management, UX / Product Design"
Yerevan State University,Informatics and Applied Mathematics,Bachelor,Manual Testing,13,"Software Engineering, Hardware / Embedded, IT Support / Admin / ERP, DevOps / Cloud, Data / ML / AI, Security, QA / Testing, Technical Management, UX / Product Design"
Yerevan State University,Informatics and Applied Mathematics,Bachelor,Curriculum Development,3,"Software Engineering, Hardware / Embedded, IT Support / Admin / ERP, DevOps / Cloud, Data / ML / AI, Security, QA / Testing, Technical Management, UX / Product Design"
Yerevan State University,Informatics and Applied Mathematics,Bachelor,Microsoft Azure,27,"Software Engineering, Hardware / Embedded, IT Support / Admin / ERP, DevOps / Cloud, Data / ML / AI, Security, QA / Testing, Technical Management, UX / Product Design"
Yerevan State University,Informatics and Applied Mathematics,Bachelor,Bash,9,"Software Engineering, Hardware / Embedded, IT Support / Admin / ERP, DevOps / Cloud, Data / ML / AI, Security, QA / Testing, Technical Management, UX / Product Design"
Yerevan State University,Informatics and Applied Mathematics,Bachelor,Azure DevOps,9,"Software Engineering, Hardware / Embedded, IT Support / Admin / ERP, DevOps / Cloud, Data / ML / AI, Security, QA / Testing, Technical Management, UX / Product Design"
Yerevan State University,Informatics and Applied Mathematics,Bachelor,Layout Versus Schematic (LVS),3,"Software Engineering, Hardware / Embedded, IT Support / Admin / ERP, DevOps / Cloud, Data / ML / AI, Security, QA / Testing, Technical Management, UX / Product Design"
Yerevan State University,Informatics and Applied Mathematics,Bachelor,SystemVerilog,5,"Software Engineering, Hardware / Embedded, IT Support / Admin / ERP, DevOps / Cloud, Data / ML / AI, Security, QA / Testing, Technical Management, UX / Product Design"
Yerevan State University,Informatics and Applied Mathematics,Bachelor,Single Sign-On,3,"Software Engineering, Hardware / Embedded, IT Support / Admin / ERP, DevOps / Cloud, Data / ML / AI, Security, QA / Testing, Technical Management, UX / Product Design"
Yerevan State University,Informatics and Applied Mathematics,Bachelor,Tableau,8,"Software Engineering, Hardware / Embedded, IT Support / Admin / ERP, DevOps / Cloud, Data / ML / AI, Security, QA / Testing, Technical Management, UX / Product Design"
Yerevan State University,Informatics and Applied Mathematics,Bachelor,SDC,5,"Software Engineering, Hardware / Embedded, IT Support / Admin / ERP, DevOps / Cloud, Data / ML / AI, Security, QA / Testing, Technical Management, UX / Product Design"
Yerevan State University,Informatics and Applied Mathematics,Bachelor,Operating System Support,3,"Software Engineering, Hardware / Embedded, IT Support / Admin / ERP, DevOps / Cloud, Data / ML / AI, Security, QA / Testing, Technical Management, UX / Product Design"
Yerevan State University,Informatics and Applied Mathematics,Bachelor,Fortinet,1,"Software Engineering, Hardware / Embedded, IT Support / Admin / ERP, DevOps / Cloud, Data / ML / AI, Security, QA / Testing, Technical Management, UX / Product Design"
Yerevan State University,Informatics and Applied Mathematics,Bachelor,Qualitative Analysis,1,"Software Engineering, Hardware / Embedded, IT Support / Admin / ERP, DevOps / Cloud, Data / ML / AI, Security, QA / Testing, Technical Management, UX / Product Design"
Yerevan State University,Informatics and Applied Mathematics,Bachelor,ELK Stack,1,"Software Engineering, Hardware / Embedded, IT Support / Admin / ERP, DevOps / Cloud, Data / ML / AI, Security, QA / Testing, Technical Management, UX / Product Design"
Yerevan State University,Informatics and Applied Mathematics,Bachelor,CCTV Systems,2,"Software Engineering, Hardware / Embedded, IT Support / Admin / ERP, DevOps / Cloud, Data / ML / AI, Security, QA / Testing, Technical Management, UX / Product Design"
Yerevan State University,Informatics and Applied Mathematics,Bachelor,Virtual Private Network,4,"Software Engineering, Hardware / Embedded, IT Support / Admin / ERP, DevOps / Cloud, Data / ML / AI, Security, QA / Testing, Technical Management, UX / Product Design"
Yerevan State University,Informatics and Applied Mathematics,Bachelor,Incident Response,4,"Software Engineering, Hardware / Embedded, IT Support / Admin / ERP, DevOps / Cloud, Data / ML / AI, Security, QA / Testing, Technical Management, UX / Product Design"
Yerevan State University,Informatics and Applied Mathematics,Bachelor,Single Page Application,2,"Software Engineering, Hardware / Embedded, IT Support / Admin / ERP, DevOps / Cloud, Data / ML / AI, Security, QA / Testing, Technical Management, UX / Product Design"
Yerevan State University,Informatics and Applied Mathematics,Bachelor,Large Language Models,37,"Software Engineering, Hardware / Embedded, IT Support / Admin / ERP, DevOps / Cloud, Data / ML / AI, Security, QA / Testing, Technical Management, UX / Product Design"
Yerevan State University,Informatics and Applied Mathematics,Bachelor,Jenkins,15,"Software Engineering, Hardware / Embedded, IT Support / Admin / ERP, DevOps / Cloud, Data / ML / AI, Security, QA / Testing, Technical Management, UX / Product Design"
Yerevan State University,Informatics and Applied Mathematics,Bachelor,Adobe Photoshop,3,"Software Engineering, Hardware / Embedded, IT Support / Admin / ERP, DevOps / Cloud, Data / ML / AI, Security, QA / Testing, Technical Management, UX / Product Design"
Yerevan State University,Informatics and Applied Mathematics,Bachelor,Calibre DRC,2,"Software Engineering, Hardware / Embedded, IT Support / Admin / ERP, DevOps / Cloud, Data / ML / AI, Security, QA / Testing, Technical Management, UX / Product Design"
Yerevan State University,Informatics and Applied Mathematics,Bachelor,Grafana,10,"Software Engineering, Hardware / Embedded, IT Support / Admin / ERP, DevOps / Cloud, Data / ML / AI, Security, QA / Testing, Technical Management, UX / Product Design"
Yerevan State University,Informatics and Applied Mathematics,Bachelor,Identity and Access Management,6,"Software Engineering, Hardware / Embedded, IT Support / Admin / ERP, DevOps / Cloud, Data / ML / AI, Security, QA / Testing, Technical Management, UX / Product Design"
Yerevan State University,Informatics and Applied Mathematics,Bachelor,ISO 27001,1,"Software Engineering, Hardware / Embedded, IT Support / Admin / ERP, DevOps / Cloud, Data / ML / AI, Security, QA / Testing, Technical Management, UX / Product Design"
Yerevan State University,Informatics and Applied Mathematics,Bachelor,Python,173,"Software Engineering, Hardware / Embedded, IT Support / Admin / ERP, DevOps / Cloud, Data / ML / AI, Security, QA / Testing, Technical Management, UX / Product Design"
Yerevan State University,Informatics and Applied Mathematics,Bachelor,TCP/IP,9,"Software Engineering, Hardware / Embedded, IT Support / Admin / ERP, DevOps / Cloud, Data / ML / AI, Security, QA / Testing, Technical Management, UX / Product Design"
Yerevan State University,Informatics and Applied Mathematics,Bachelor,Splunk,1,"Software Engineering, Hardware / Embedded, IT Support / Admin / ERP, DevOps / Cloud, Data / ML / AI, Security, QA / Testing, Technical Management, UX / Product Design"
Yerevan State University,Informatics and Applied Mathematics,Bachelor,Mobile-First Design,1,"Software Engineering, Hardware / Embedded, IT Support / Admin / ERP, DevOps / Cloud, Data / ML / AI, Security, QA / Testing, Technical Management, UX / Product Design"
Yerevan State University,Informatics and Applied Mathematics,Bachelor,Adobe Illustrator,2,"Software Engineering, Hardware / Embedded, IT Support / Admin / ERP, DevOps / Cloud, Data / ML / AI, Security, QA / Testing, Technical Management, UX / Product Design"
Yerevan State University,Informatics and Applied Mathematics,Bachelor,Penetration Testing,3,"Software Engineering, Hardware / Embedded, IT Support / Admin / ERP, DevOps / Cloud, Data / ML / AI, Security, QA / Testing, Technical Management, UX / Product Design"
Yerevan State University,Informatics and Applied Mathematics,Bachelor,Power Performance Area (PPA) Optimization,2,"Software Engineering, Hardware / Embedded, IT Support / Admin / ERP, DevOps / Cloud, Data / ML / AI, Security, QA / Testing, Technical Management, UX / Product Design"
Yerevan State University,Informatics and Applied Mathematics,Bachelor,Burp Suite,1,"Software Engineering, Hardware / Embedded, IT Support / Admin / ERP, DevOps / Cloud, Data / ML / AI, Security, QA / Testing, Technical Management, UX / Product Design"
Yerevan State University,Informatics and Applied Mathematics,Bachelor,Equipment Installation,2,"Software Engineering, Hardware / Embedded, IT Support / Admin / ERP, DevOps / Cloud, Data / ML / AI, Security, QA / Testing, Technical Management, UX / Product Design"
Yerevan State University,Informatics and Applied Mathematics,Bachelor,LDAP,5,"Software Engineering, Hardware / Embedded, IT Support / Admin / ERP, DevOps / Cloud, Data / ML / AI, Security, QA / Testing, Technical Management, UX / Product Design"
Yerevan State University,Informatics and Applied Mathematics,Bachelor,HDMI,2,"Software Engineering, Hardware / Embedded, IT Support / Admin / ERP, DevOps / Cloud, Data / ML / AI, Security, QA / Testing, Technical Management, UX / Product Design"
Yerevan State University,Informatics and Applied Mathematics,Bachelor,Threat Intelligence,1,"Software Engineering, Hardware / Embedded, IT Support / Admin / ERP, DevOps / Cloud, Data / ML / AI, Security, QA / Testing, Technical Management, UX / Product Design"
Yerevan State University,Informatics and Applied Mathematics,Bachelor,Floorplanning,4,"Software Engineering, Hardware / Embedded, IT Support / Admin / ERP, DevOps / Cloud, Data / ML / AI, Security, QA / Testing, Technical Management, UX / Product Design"
Yerevan State University,Informatics and Applied Mathematics,Bachelor,Datadog,5,"Software Engineering, Hardware / Embedded, IT Support / Admin / ERP, DevOps / Cloud, Data / ML / AI, Security, QA / Testing, Technical Management, UX / Product Design"
Yerevan State University,Informatics and Applied Mathematics,Bachelor,Cisco,2,"Software Engineering, Hardware / Embedded, IT Support / Admin / ERP, DevOps / Cloud, Data / ML / AI, Security, QA / Testing, Technical Management, UX / Product Design"
Yerevan State University,Informatics and Applied Mathematics,Bachelor,Account Management,2,"Software Engineering, Hardware / Embedded, IT Support / Admin / ERP, DevOps / Cloud, Data / ML / AI, Security, QA / Testing, Technical Management, UX / Product Design"
Yerevan State University,Informatics and Applied Mathematics,Bachelor,Master Data Management,3,"Software Engineering, Hardware / Embedded, IT Support / Admin / ERP, DevOps / Cloud, Data / ML / AI, Security, QA / Testing, Technical Management, UX / Product Design"
Yerevan State University,Informatics and Applied Mathematics,Bachelor,3D Animation,1,"Software Engineering, Hardware / Embedded, IT Support / Admin / ERP, DevOps / Cloud, Data / ML / AI, Security, QA / Testing, Technical Management, UX / Product Design"
Yerevan State University,Informatics and Applied Mathematics,Bachelor,Angular,20,"Software Engineering, Hardware / Embedded, IT Support / Admin / ERP, DevOps / Cloud, Data / ML / AI, Security, QA / Testing, Technical Management, UX / Product Design"
Yerevan State University,Informatics and Applied Mathematics,Bachelor,ABAP Core Data Services,3,"Software Engineering, Hardware / Embedded, IT Support / Admin / ERP, DevOps / Cloud, Data / ML / AI, Security, QA / Testing, Technical Management, UX / Product Design"
Yerevan State University,Informatics and Applied Mathematics,Bachelor,Test Planning,6,"Software Engineering, Hardware / Embedded, IT Support / Admin / ERP, DevOps / Cloud, Data / ML / AI, Security, QA / Testing, Technical Management, UX / Product Design"
Yerevan State University,Informatics and Applied Mathematics,Bachelor,Web Application Testing,5,"Software Engineering, Hardware / Embedded, IT Support / Admin / ERP, DevOps / Cloud, Data / ML / AI, Security, QA / Testing, Technical Management, UX / Product Design"
Yerevan State University,Informatics and Applied Mathematics,Bachelor,Bug Bounty Programs,1,"Software Engineering, Hardware / Embedded, IT Support / Admin / ERP, DevOps / Cloud, Data / ML / AI, Security, QA / Testing, Technical Management, UX / Product Design"
Yerevan State University,Informatics and Applied Mathematics,Bachelor,Compliance,4,"Software Engineering, Hardware / Embedded, IT Support / Admin / ERP, DevOps / Cloud, Data / ML / AI, Security, QA / Testing, Technical Management, UX / Product Design"
Yerevan State University,Informatics and Applied Mathematics,Bachelor,IT Governance,1,"Software Engineering, Hardware / Embedded, IT Support / Admin / ERP, DevOps / Cloud, Data / ML / AI, Security, QA / Testing, Technical Management, UX / Product Design"
Yerevan State University,Informatics and Applied Mathematics,Bachelor,Broadcast Equipment,2,"Software Engineering, Hardware / Embedded, IT Support / Admin / ERP, DevOps / Cloud, Data / ML / AI, Security, QA / Testing, Technical Management, UX / Product Design"
Yerevan State University,Informatics and Applied Mathematics,Bachelor,Hardware Troubleshooting,6,"Software Engineering, Hardware / Embedded, IT Support / Admin / ERP, DevOps / Cloud, Data / ML / AI, Security, QA / Testing, Technical Management, UX / Product Design"
Yerevan State University,Informatics and Applied Mathematics,Bachelor,Quantitative Research Methods,1,"Software Engineering, Hardware / Embedded, IT Support / Admin / ERP, DevOps / Cloud, Data / ML / AI, Security, QA / Testing, Technical Management, UX / Product Design"
Yerevan State University,Informatics and Applied Mathematics,Bachelor,Low-Latency Systems,2,"Software Engineering, Hardware / Embedded, IT Support / Admin / ERP, DevOps / Cloud, Data / ML / AI, Security, QA / Testing, Technical Management, UX / Product Design"
Yerevan State University,Informatics and Applied Mathematics,Bachelor,"GRC (Governance, Risk & Compliance)",1,"Software Engineering, Hardware / Embedded, IT Support / Admin / ERP, DevOps / Cloud, Data / ML / AI, Security, QA / Testing, Technical Management, UX / Product Design"
Yerevan State University,Informatics and Applied Mathematics,Bachelor,AWS,73,"Software Engineering, Hardware / Embedded, IT Support / Admin / ERP, DevOps / Cloud, Data / ML / AI, Security, QA / Testing, Technical Management, UX / Product Design"
Yerevan State University,Informatics and Applied Mathematics,Bachelor,Verilog,2,"Software Engineering, Hardware / Embedded, IT Support / Admin / ERP, DevOps / Cloud, Data / ML / AI, Security, QA / Testing, Technical Management, UX / Product Design"
Yerevan State University,Informatics and Applied Mathematics,Bachelor,Retrieval-Augmented Generation,12,"Software Engineering, Hardware / Embedded, IT Support / Admin / ERP, DevOps / Cloud, Data / ML / AI, Security, QA / Testing, Technical Management, UX / Product Design"
Yerevan State University,Informatics and Applied Mathematics,Bachelor,SAP Configuration,8,"Software Engineering, Hardware / Embedded, IT Support / Admin / ERP, DevOps / Cloud, Data / ML / AI, Security, QA / Testing, Technical Management, UX / Product Design"
Yerevan State University,Informatics and Applied Mathematics,Bachelor,Information Architecture,2,"Software Engineering, Hardware / Embedded, IT Support / Admin / ERP, DevOps / Cloud, Data / ML / AI, Security, QA / Testing, Technical Management, UX / Product Design"
Yerevan State University,Informatics and Applied Mathematics,Bachelor,RTL Design,6,"Software Engineering, Hardware / Embedded, IT Support / Admin / ERP, DevOps / Cloud, Data / ML / AI, Security, QA / Testing, Technical Management, UX / Product Design"
Yerevan State University,Informatics and Applied Mathematics,Bachelor,Ansible,5,"Software Engineering, Hardware / Embedded, IT Support / Admin / ERP, DevOps / Cloud, Data / ML / AI, Security, QA / Testing, Technical Management, UX / Product Design"
Yerevan State University,Informatics and Applied Mathematics,Bachelor,Tcl,15,"Software Engineering, Hardware / Embedded, IT Support / Admin / ERP, DevOps / Cloud, Data / ML / AI, Security, QA / Testing, Technical Management, UX / Product Design"
Yerevan State University,Informatics and Applied Mathematics,Bachelor,Mobile Application Design,1,"Software Engineering, Hardware / Embedded, IT Support / Admin / ERP, DevOps / Cloud, Data / ML / AI, Security, QA / Testing, Technical Management, UX / Product Design"
Yerevan State University,Informatics and Applied Mathematics,Bachelor,Selenium,11,"Software Engineering, Hardware / Embedded, IT Support / Admin / ERP, DevOps / Cloud, Data / ML / AI, Security, QA / Testing, Technical Management, UX / Product Design"
Yerevan State University,Informatics and Applied Mathematics,Bachelor,E-Commerce,1,"Software Engineering, Hardware / Embedded, IT Support / Admin / ERP, DevOps / Cloud, Data / ML / AI, Security, QA / Testing, Technical Management, UX / Product Design"
Yerevan State University,Informatics and Applied Mathematics,Bachelor,ASIC Design,13,"Software Engineering, Hardware / Embedded, IT Support / Admin / ERP, DevOps / Cloud, Data / ML / AI, Security, QA / Testing, Technical Management, UX / Product Design"
Yerevan State University,Informatics and Applied Mathematics,Bachelor,NGFW Firewalls,1,"Software Engineering, Hardware / Embedded, IT Support / Admin / ERP, DevOps / Cloud, Data / ML / AI, Security, QA / Testing, Technical Management, UX / Product Design"
Yerevan State University,Informatics and Applied Mathematics,Bachelor,Microsoft System Center Configuration Manager,1,"Software Engineering, Hardware / Embedded, IT Support / Admin / ERP, DevOps / Cloud, Data / ML / AI, Security, QA / Testing, Technical Management, UX / Product Design"
Yerevan State University,Informatics and Applied Mathematics,Bachelor,Privilege Escalation,1,"Software Engineering, Hardware / Embedded, IT Support / Admin / ERP, DevOps / Cloud, Data / ML / AI, Security, QA / Testing, Technical Management, UX / Product Design"
Yerevan State University,Informatics and Applied Mathematics,Bachelor,User Research,8,"Software Engineering, Hardware / Embedded, IT Support / Admin / ERP, DevOps / Cloud, Data / ML / AI, Security, QA / Testing, Technical Management, UX / Product Design"
Yerevan State University,Informatics and Applied Mathematics,Bachelor,Usability Testing,4,"Software Engineering, Hardware / Embedded, IT Support / Admin / ERP, DevOps / Cloud, Data / ML / AI, Security, QA / Testing, Technical Management, UX / Product Design"
Yerevan State University,Informatics and Applied Mathematics,Bachelor,Competitor Analysis,1,"Software Engineering, Hardware / Embedded, IT Support / Admin / ERP, DevOps / Cloud, Data / ML / AI, Security, QA / Testing, Technical Management, UX / Product Design"
Yerevan State University,Informatics and Applied Mathematics,Bachelor,DevOps,16,"Software Engineering, Hardware / Embedded, IT Support / Admin / ERP, DevOps / Cloud, Data / ML / AI, Security, QA / Testing, Technical Management, UX / Product Design"
Yerevan State University,Informatics and Applied Mathematics,Bachelor,Web and Mobile Design,1,"Software Engineering, Hardware / Embedded, IT Support / Admin / ERP, DevOps / Cloud, Data / ML / AI, Security, QA / Testing, Technical Management, UX / Product Design"
Yerevan State University,Informatics and Applied Mathematics,Bachelor,Jira,19,"Software Engineering, Hardware / Embedded, IT Support / Admin / ERP, DevOps / Cloud, Data / ML / AI, Security, QA / Testing, Technical Management, UX / Product Design"
Yerevan State University,Informatics and Applied Mathematics,Bachelor,System Design,3,"Software Engineering, Hardware / Embedded, IT Support / Admin / ERP, DevOps / Cloud, Data / ML / AI, Security, QA / Testing, Technical Management, UX / Product Design"
Yerevan State University,Informatics and Applied Mathematics,Bachelor,Print Design,1,"Software Engineering, Hardware / Embedded, IT Support / Admin / ERP, DevOps / Cloud, Data / ML / AI, Security, QA / Testing, Technical Management, UX / Product Design"
Yerevan State University,Informatics and Applied Mathematics,Bachelor,TypeScript,78,"Software Engineering, Hardware / Embedded, IT Support / Admin / ERP, DevOps / Cloud, Data / ML / AI, Security, QA / Testing, Technical Management, UX / Product Design"
Yerevan State University,Informatics and Applied Mathematics,Bachelor,VLSI,2,"Software Engineering, Hardware / Embedded, IT Support / Admin / ERP, DevOps / Cloud, Data / ML / AI, Security, QA / Testing, Technical Management, UX / Product Design"
Yerevan State University,Informatics and Applied Mathematics,Bachelor,SoC Design,2,"Software Engineering, Hardware / Embedded, IT Support / Admin / ERP, DevOps / Cloud, Data / ML / AI, Security, QA / Testing, Technical Management, UX / Product Design"
Yerevan State University,Informatics and Applied Mathematics,Bachelor,Functional Testing,7,"Software Engineering, Hardware / Embedded, IT Support / Admin / ERP, DevOps / Cloud, Data / ML / AI, Security, QA / Testing, Technical Management, UX / Product Design"
Yerevan State University,Informatics and Applied Mathematics,Bachelor,ETL,16,"Software Engineering, Hardware / Embedded, IT Support / Admin / ERP, DevOps / Cloud, Data / ML / AI, Security, QA / Testing, Technical Management, UX / Product Design"
Yerevan State University,Informatics and Applied Mathematics,Bachelor,SAP Sales and Distribution,3,"Software Engineering, Hardware / Embedded, IT Support / Admin / ERP, DevOps / Cloud, Data / ML / AI, Security, QA / Testing, Technical Management, UX / Product Design"
Yerevan State University,Informatics and Applied Mathematics,Bachelor,Perl,7,"Software Engineering, Hardware / Embedded, IT Support / Admin / ERP, DevOps / Cloud, Data / ML / AI, Security, QA / Testing, Technical Management, UX / Product Design"
Yerevan State University,Informatics and Applied Mathematics,Bachelor,macOS,5,"Software Engineering, Hardware / Embedded, IT Support / Admin / ERP, DevOps / Cloud, Data / ML / AI, Security, QA / Testing, Technical Management, UX / Product Design"
Yerevan State University,Informatics and Applied Mathematics,Bachelor,Conversion Rate Optimization,2,"Software Engineering, Hardware / Embedded, IT Support / Admin / ERP, DevOps / Cloud, Data / ML / AI, Security, QA / Testing, Technical Management, UX / Product Design"
Yerevan State University,Informatics and Applied Mathematics,Bachelor,Quality Assurance,7,"Software Engineering, Hardware / Embedded, IT Support / Admin / ERP, DevOps / Cloud, Data / ML / AI, Security, QA / Testing, Technical Management, UX / Product Design"
Yerevan State University,Informatics and Applied Mathematics,Bachelor,Data Center Infrastructure Management (DCIM),5,"Software Engineering, Hardware / Embedded, IT Support / Admin / ERP, DevOps / Cloud, Data / ML / AI, Security, QA / Testing, Technical Management, UX / Product Design"
Yerevan State University,Informatics and Applied Mathematics,Bachelor,UX Motion Design,1,"Software Engineering, Hardware / Embedded, IT Support / Admin / ERP, DevOps / Cloud, Data / ML / AI, Security, QA / Testing, Technical Management, UX / Product Design"
Yerevan State University,Informatics and Applied Mathematics,Bachelor,Digital Forensics,1,"Software Engineering, Hardware / Embedded, IT Support / Admin / ERP, DevOps / Cloud, Data / ML / AI, Security, QA / Testing, Technical Management, UX / Product Design"
Yerevan State University,Informatics and Applied Mathematics,Bachelor,C#,38,"Software Engineering, Hardware / Embedded, IT Support / Admin / ERP, DevOps / Cloud, Data / ML / AI, Security, QA / Testing, Technical Management, UX / Product Design"
Yerevan State University,Informatics and Applied Mathematics,Bachelor,VLANs,2,"Software Engineering, Hardware / Embedded, IT Support / Admin / ERP, DevOps / Cloud, Data / ML / AI, Security, QA / Testing, Technical Management, UX / Product Design"
Yerevan State University,Informatics and Applied Mathematics,Bachelor,Business Intelligence,9,"Software Engineering, Hardware / Embedded, IT Support / Admin / ERP, DevOps / Cloud, Data / ML / AI, Security, QA / Testing, Technical Management, UX / Product Design"
Yerevan State University,Informatics and Applied Mathematics,Bachelor,PHP,24,"Software Engineering, Hardware / Embedded, IT Support / Admin / ERP, DevOps / Cloud, Data / ML / AI, Security, QA / Testing, Technical Management, UX / Product Design"
Yerevan State University,Informatics and Applied Mathematics,Bachelor,Prototyping,13,"Software Engineering, Hardware / Embedded, IT Support / Admin / ERP, DevOps / Cloud, Data / ML / AI, Security, QA / Testing, Technical Management, UX / Product Design"
Yerevan State University,Informatics and Applied Mathematics,Bachelor,Apache Airflow,10,"Software Engineering, Hardware / Embedded, IT Support / Admin / ERP, DevOps / Cloud, Data / ML / AI, Security, QA / Testing, Technical Management, UX / Product Design"
Yerevan State University,Informatics and Applied Mathematics,Bachelor,Compliance Frameworks,1,"Software Engineering, Hardware / Embedded, IT Support / Admin / ERP, DevOps / Cloud, Data / ML / AI, Security, QA / Testing, Technical Management, UX / Product Design"
Yerevan State University,Informatics and Applied Mathematics,Bachelor,Telecommunications,2,"Software Engineering, Hardware / Embedded, IT Support / Admin / ERP, DevOps / Cloud, Data / ML / AI, Security, QA / Testing, Technical Management, UX / Product Design"
Yerevan State University,Informatics and Applied Mathematics,Bachelor,Vulnerability Assessment,3,"Software Engineering, Hardware / Embedded, IT Support / Admin / ERP, DevOps / Cloud, Data / ML / AI, Security, QA / Testing, Technical Management, UX / Product Design"
Yerevan State University,Informatics and Applied Mathematics,Bachelor,EM/IR Analysis,4,"Software Engineering, Hardware / Embedded, IT Support / Admin / ERP, DevOps / Cloud, Data / ML / AI, Security, QA / Testing, Technical Management, UX / Product Design"
Yerevan State University,Informatics and Applied Mathematics,Bachelor,Mobile Security,1,"Software Engineering, Hardware / Embedded, IT Support / Admin / ERP, DevOps / Cloud, Data / ML / AI, Security, QA / Testing, Technical Management, UX / Product Design"
Yerevan State University,Informatics and Applied Mathematics,Bachelor,Cadence Virtuoso,3,"Software Engineering, Hardware / Embedded, IT Support / Admin / ERP, DevOps / Cloud, Data / ML / AI, Security, QA / Testing, Technical Management, UX / Product Design"
Yerevan State University,Informatics and Applied Mathematics,Bachelor,PostgreSQL,52,"Software Engineering, Hardware / Embedded, IT Support / Admin / ERP, DevOps / Cloud, Data / ML / AI, Security, QA / Testing, Technical Management, UX / Product Design"
Yerevan State University,Informatics and Applied Mathematics,Bachelor,Signal Integrity,3,"Software Engineering, Hardware / Embedded, IT Support / Admin / ERP, DevOps / Cloud, Data / ML / AI, Security, QA / Testing, Technical Management, UX / Product Design"
Yerevan State University,Informatics and Applied Mathematics,Bachelor,Natural Language Processing,11,"Software Engineering, Hardware / Embedded, IT Support / Admin / ERP, DevOps / Cloud, Data / ML / AI, Security, QA / Testing, Technical Management, UX / Product Design"
Yerevan State University,Informatics and Applied Mathematics,Bachelor,UI Testing,4,"Software Engineering, Hardware / Embedded, IT Support / Admin / ERP, DevOps / Cloud, Data / ML / AI, Security, QA / Testing, Technical Management, UX / Product Design"
Yerevan State University,Informatics and Applied Mathematics,Bachelor,Database Support,3,"Software Engineering, Hardware / Embedded, IT Support / Admin / ERP, DevOps / Cloud, Data / ML / AI, Security, QA / Testing, Technical Management, UX / Product Design"
Yerevan State University,Informatics and Applied Mathematics,Bachelor,Access Control,4,"Software Engineering, Hardware / Embedded, IT Support / Admin / ERP, DevOps / Cloud, Data / ML / AI, Security, QA / Testing, Technical Management, UX / Product Design"
Yerevan State University,Informatics and Applied Mathematics,Bachelor,Cypress,6,"Software Engineering, Hardware / Embedded, IT Support / Admin / ERP, DevOps / Cloud, Data / ML / AI, Security, QA / Testing, Technical Management, UX / Product Design"
Yerevan State University,Informatics and Applied Mathematics,Bachelor,Graphic Design,2,"Software Engineering, Hardware / Embedded, IT Support / Admin / ERP, DevOps / Cloud, Data / ML / AI, Security, QA / Testing, Technical Management, UX / Product Design"
Yerevan State University,Informatics and Applied Mathematics,Bachelor,MLOps,13,"Software Engineering, Hardware / Embedded, IT Support / Admin / ERP, DevOps / Cloud, Data / ML / AI, Security, QA / Testing, Technical Management, UX / Product Design"
Yerevan State University,Informatics and Applied Mathematics,Bachelor,Okta API Access Management,1,"Software Engineering, Hardware / Embedded, IT Support / Admin / ERP, DevOps / Cloud, Data / ML / AI, Security, QA / Testing, Technical Management, UX / Product Design"
Yerevan State University,Informatics and Applied Mathematics,Bachelor,Go,27,"Software Engineering, Hardware / Embedded, IT Support / Admin / ERP, DevOps / Cloud, Data / ML / AI, Security, QA / Testing, Technical Management, UX / Product Design"
Yerevan State University,Informatics and Applied Mathematics,Bachelor,Secure Architecture Design,1,"Software Engineering, Hardware / Embedded, IT Support / Admin / ERP, DevOps / Cloud, Data / ML / AI, Security, QA / Testing, Technical Management, UX / Product Design"
Yerevan State University,Informatics and Applied Mathematics,Bachelor,Social Media Design,1,"Software Engineering, Hardware / Embedded, IT Support / Admin / ERP, DevOps / Cloud, Data / ML / AI, Security, QA / Testing, Technical Management, UX / Product Design"
Yerevan State University,Informatics and Applied Mathematics,Bachelor,Observability,5,"Software Engineering, Hardware / Embedded, IT Support / Admin / ERP, DevOps / Cloud, Data / ML / AI, Security, QA / Testing, Technical Management, UX / Product Design"
Yerevan State University,Informatics and Applied Mathematics,Bachelor,Azure Virtual Desktop,1,"Software Engineering, Hardware / Embedded, IT Support / Admin / ERP, DevOps / Cloud, Data / ML / AI, Security, QA / Testing, Technical Management, UX / Product Design"
Yerevan State University,Informatics and Applied Mathematics,Bachelor,Redis,19,"Software Engineering, Hardware / Embedded, IT Support / Admin / ERP, DevOps / Cloud, Data / ML / AI, Security, QA / Testing, Technical Management, UX / Product Design"
Yerevan State University,Informatics and Applied Mathematics,Bachelor,PrimeTime,4,"Software Engineering, Hardware / Embedded, IT Support / Admin / ERP, DevOps / Cloud, Data / ML / AI, Security, QA / Testing, Technical Management, UX / Product Design"
Yerevan State University,Informatics and Applied Mathematics,Bachelor,Software Testing,8,"Software Engineering, Hardware / Embedded, IT Support / Admin / ERP, DevOps / Cloud, Data / ML / AI, Security, QA / Testing, Technical Management, UX / Product Design"
Yerevan State University,Informatics and Applied Mathematics,Bachelor,Video Camera Operation,2,"Software Engineering, Hardware / Embedded, IT Support / Admin / ERP, DevOps / Cloud, Data / ML / AI, Security, QA / Testing, Technical Management, UX / Product Design"
Yerevan State University,Informatics and Applied Mathematics,Bachelor,FastAPI,9,"Software Engineering, Hardware / Embedded, IT Support / Admin / ERP, DevOps / Cloud, Data / ML / AI, Security, QA / Testing, Technical Management, UX / Product Design"
Yerevan State University,Informatics and Applied Mathematics,Bachelor,Zabbix,5,"Software Engineering, Hardware / Embedded, IT Support / Admin / ERP, DevOps / Cloud, Data / ML / AI, Security, QA / Testing, Technical Management, UX / Product Design"
Yerevan State University,Informatics and Applied Mathematics,Bachelor,Postman,14,"Software Engineering, Hardware / Embedded, IT Support / Admin / ERP, DevOps / Cloud, Data / ML / AI, Security, QA / Testing, Technical Management, UX / Product Design"
Yerevan State University,Informatics and Applied Mathematics,Bachelor,Audio-Visual (AV) Infrastructure,2,"Software Engineering, Hardware / Embedded, IT Support / Admin / ERP, DevOps / Cloud, Data / ML / AI, Security, QA / Testing, Technical Management, UX / Product Design"
Yerevan State University,Informatics and Applied Mathematics,Bachelor,Static Application Security Testing,1,"Software Engineering, Hardware / Embedded, IT Support / Admin / ERP, DevOps / Cloud, Data / ML / AI, Security, QA / Testing, Technical Management, UX / Product Design"
Yerevan State University,Informatics and Applied Mathematics,Bachelor,Test Pattern Generation,3,"Software Engineering, Hardware / Embedded, IT Support / Admin / ERP, DevOps / Cloud, Data / ML / AI, Security, QA / Testing, Technical Management, UX / Product Design"
Yerevan State University,Informatics and Applied Mathematics,Bachelor,Product Analytics,7,"Software Engineering, Hardware / Embedded, IT Support / Admin / ERP, DevOps / Cloud, Data / ML / AI, Security, QA / Testing, Technical Management, UX / Product Design"
Yerevan State University,Informatics and Applied Mathematics,Bachelor,Cable Installation,3,"Software Engineering, Hardware / Embedded, IT Support / Admin / ERP, DevOps / Cloud, Data / ML / AI, Security, QA / Testing, Technical Management, UX / Product Design"
Yerevan State University,Informatics and Applied Mathematics,Bachelor,Place and Route,3,"Software Engineering, Hardware / Embedded, IT Support / Admin / ERP, DevOps / Cloud, Data / ML / AI, Security, QA / Testing, Technical Management, UX / Product Design"
Yerevan State University,Informatics and Applied Mathematics,Bachelor,System Testing,2,"Software Engineering, Hardware / Embedded, IT Support / Admin / ERP, DevOps / Cloud, Data / ML / AI, Security, QA / Testing, Technical Management, UX / Product Design"
Yerevan State University,Informatics and Applied Mathematics,Bachelor,CI/CD Pipelines,5,"Software Engineering, Hardware / Embedded, IT Support / Admin / ERP, DevOps / Cloud, Data / ML / AI, Security, QA / Testing, Technical Management, UX / Product Design"
Yerevan State University,Informatics and Applied Mathematics,Bachelor,SAP HANA,6,"Software Engineering, Hardware / Embedded, IT Support / Admin / ERP, DevOps / Cloud, Data / ML / AI, Security, QA / Testing, Technical Management, UX / Product Design"
Yerevan State University,Informatics and Applied Mathematics,Bachelor,Product Discovery,1,"Software Engineering, Hardware / Embedded, IT Support / Admin / ERP, DevOps / Cloud, Data / ML / AI, Security, QA / Testing, Technical Management, UX / Product Design"
Yerevan State University,Informatics and Applied Mathematics,Bachelor,TensorFlow,6,"Software Engineering, Hardware / Embedded, IT Support / Admin / ERP, DevOps / Cloud, Data / ML / AI, Security, QA / Testing, Technical Management, UX / Product Design"
Yerevan State University,Informatics and Applied Mathematics,Bachelor,Kotlin,14,"Software Engineering, Hardware / Embedded, IT Support / Admin / ERP, DevOps / Cloud, Data / ML / AI, Security, QA / Testing, Technical Management, UX / Product Design"
Yerevan State University,Informatics and Applied Mathematics,Bachelor,Regression Testing,11,"Software Engineering, Hardware / Embedded, IT Support / Admin / ERP, DevOps / Cloud, Data / ML / AI, Security, QA / Testing, Technical Management, UX / Product Design"
Yerevan State University,Informatics and Applied Mathematics,Bachelor,Data Engineering,9,"Software Engineering, Hardware / Embedded, IT Support / Admin / ERP, DevOps / Cloud, Data / ML / AI, Security, QA / Testing, Technical Management, UX / Product Design"
Yerevan State University,Informatics and Applied Mathematics,Bachelor,Landing Page Development,2,"Software Engineering, Hardware / Embedded, IT Support / Admin / ERP, DevOps / Cloud, Data / ML / AI, Security, QA / Testing, Technical Management, UX / Product Design"
Yerevan State University,Informatics and Applied Mathematics,Bachelor,Vulnerability Management,1,"Software Engineering, Hardware / Embedded, IT Support / Admin / ERP, DevOps / Cloud, Data / ML / AI, Security, QA / Testing, Technical Management, UX / Product Design"
Yerevan State University,Informatics and Applied Mathematics,Bachelor,Digital Design,3,"Software Engineering, Hardware / Embedded, IT Support / Admin / ERP, DevOps / Cloud, Data / ML / AI, Security, QA / Testing, Technical Management, UX / Product Design"
Yerevan State University,Informatics and Applied Mathematics,Bachelor,Windows OS,10,"Software Engineering, Hardware / Embedded, IT Support / Admin / ERP, DevOps / Cloud, Data / ML / AI, Security, QA / Testing, Technical Management, UX / Product Design"
Yerevan State University,Informatics and Applied Mathematics,Bachelor,Gate-Level Netlist Synthesis,2,"Software Engineering, Hardware / Embedded, IT Support / Admin / ERP, DevOps / Cloud, Data / ML / AI, Security, QA / Testing, Technical Management, UX / Product Design"
Yerevan State University,Informatics and Applied Mathematics,Bachelor,Confluence,6,"Software Engineering, Hardware / Embedded, IT Support / Admin / ERP, DevOps / Cloud, Data / ML / AI, Security, QA / Testing, Technical Management, UX / Product Design"
Yerevan State University,Informatics and Applied Mathematics,Bachelor,Midjourney,1,"Software Engineering, Hardware / Embedded, IT Support / Admin / ERP, DevOps / Cloud, Data / ML / AI, Security, QA / Testing, Technical Management, UX / Product Design"
Yerevan State University,Informatics and Applied Mathematics,Bachelor,Software Bill of Materials,1,"Software Engineering, Hardware / Embedded, IT Support / Admin / ERP, DevOps / Cloud, Data / ML / AI, Security, QA / Testing, Technical Management, UX / Product Design"
Yerevan State University,Informatics and Applied Mathematics,Bachelor,Infrastructure as Code,10,"Software Engineering, Hardware / Embedded, IT Support / Admin / ERP, DevOps / Cloud, Data / ML / AI, Security, QA / Testing, Technical Management, UX / Product Design"
Yerevan State University,Informatics and Applied Mathematics,Bachelor,SAP Controlling,3,"Software Engineering, Hardware / Embedded, IT Support / Admin / ERP, DevOps / Cloud, Data / ML / AI, Security, QA / Testing, Technical Management, UX / Product Design"
Yerevan State University,Informatics and Applied Mathematics,Bachelor,Java,43,"Software Engineering, Hardware / Embedded, IT Support / Admin / ERP, DevOps / Cloud, Data / ML / AI, Security, QA / Testing, Technical Management, UX / Product Design"
Yerevan State University,Informatics and Applied Mathematics,Bachelor,Git,52,"Software Engineering, Hardware / Embedded, IT Support / Admin / ERP, DevOps / Cloud, Data / ML / AI, Security, QA / Testing, Technical Management, UX / Product Design"
Yerevan State University,Informatics and Applied Mathematics,Bachelor,GitHub Actions,11,"Software Engineering, Hardware / Embedded, IT Support / Admin / ERP, DevOps / Cloud, Data / ML / AI, Security, QA / Testing, Technical Management, UX / Product Design"
Yerevan State University,Informatics and Applied Mathematics,Bachelor,Kali Linux,1,"Software Engineering, Hardware / Embedded, IT Support / Admin / ERP, DevOps / Cloud, Data / ML / AI, Security, QA / Testing, Technical Management, UX / Product Design"
Yerevan State University,Informatics and Applied Mathematics,Bachelor,Static Timing Analysis,13,"Software Engineering, Hardware / Embedded, IT Support / Admin / ERP, DevOps / Cloud, Data / ML / AI, Security, QA / Testing, Technical Management, UX / Product Design"
Yerevan State University,Informatics and Applied Mathematics (Part time),Bachelor,F5,1,"Software Engineering, Hardware / Embedded, IT Support / Admin / ERP, DevOps / Cloud, Data / ML / AI, Security, QA / Testing, Technical Management, UX / Product Design"
Yerevan State University,Informatics and Applied Mathematics (Part time),Bachelor,Terraform,25,"Software Engineering, Hardware / Embedded, IT Support / Admin / ERP, DevOps / Cloud, Data / ML / AI, Security, QA / Testing, Technical Management, UX / Product Design"
Yerevan State University,Informatics and Applied Mathematics (Part time),Bachelor,Appium,3,"Software Engineering, Hardware / Embedded, IT Support / Admin / ERP, DevOps / Cloud, Data / ML / AI, Security, QA / Testing, Technical Management, UX / Product Design"
Yerevan State University,Informatics and Applied Mathematics (Part time),Bachelor,Software Composition Analysis,1,"Software Engineering, Hardware / Embedded, IT Support / Admin / ERP, DevOps / Cloud, Data / ML / AI, Security, QA / Testing, Technical Management, UX / Product Design"
Yerevan State University,Informatics and Applied Mathematics (Part time),Bachelor,Security Controls,1,"Software Engineering, Hardware / Embedded, IT Support / Admin / ERP, DevOps / Cloud, Data / ML / AI, Security, QA / Testing, Technical Management, UX / Product Design"
Yerevan State University,Informatics and Applied Mathematics (Part time),Bachelor,Prometheus,7,"Software Engineering, Hardware / Embedded, IT Support / Admin / ERP, DevOps / Cloud, Data / ML / AI, Security, QA / Testing, Technical Management, UX / Product Design"
Yerevan State University,Informatics and Applied Mathematics (Part time),Bachelor,Adobe After Effects,1,"Software Engineering, Hardware / Embedded, IT Support / Admin / ERP, DevOps / Cloud, Data / ML / AI, Security, QA / Testing, Technical Management, UX / Product Design"
Yerevan State University,Informatics and Applied Mathematics (Part time),Bachelor,Physical Verification,4,"Software Engineering, Hardware / Embedded, IT Support / Admin / ERP, DevOps / Cloud, Data / ML / AI, Security, QA / Testing, Technical Management, UX / Product Design"
Yerevan State University,Informatics and Applied Mathematics (Part time),Bachelor,API Testing,17,"Software Engineering, Hardware / Embedded, IT Support / Admin / ERP, DevOps / Cloud, Data / ML / AI, Security, QA / Testing, Technical Management, UX / Product Design"
Yerevan State University,Informatics and Applied Mathematics (Part time),Bachelor,Calibre LVS,2,"Software Engineering, Hardware / Embedded, IT Support / Admin / ERP, DevOps / Cloud, Data / ML / AI, Security, QA / Testing, Technical Management, UX / Product Design"
Yerevan State University,Informatics and Applied Mathematics (Part time),Bachelor,Google Cloud Platform,23,"Software Engineering, Hardware / Embedded, IT Support / Admin / ERP, DevOps / Cloud, Data / ML / AI, Security, QA / Testing, Technical Management, UX / Product Design"
Yerevan State University,Informatics and Applied Mathematics (Part time),Bachelor,UI/UX QA,1,"Software Engineering, Hardware / Embedded, IT Support / Admin / ERP, DevOps / Cloud, Data / ML / AI, Security, QA / Testing, Technical Management, UX / Product Design"
Yerevan State University,Informatics and Applied Mathematics (Part time),Bachelor,Palo Alto Networks,1,"Software Engineering, Hardware / Embedded, IT Support / Admin / ERP, DevOps / Cloud, Data / ML / AI, Security, QA / Testing, Technical Management, UX / Product Design"
Yerevan State University,Informatics and Applied Mathematics (Part time),Bachelor,Screenshot Design,1,"Software Engineering, Hardware / Embedded, IT Support / Admin / ERP, DevOps / Cloud, Data / ML / AI, Security, QA / Testing, Technical Management, UX / Product Design"
Yerevan State University,Informatics and Applied Mathematics (Part time),Bachelor,SAP Logistics,6,"Software Engineering, Hardware / Embedded, IT Support / Admin / ERP, DevOps / Cloud, Data / ML / AI, Security, QA / Testing, Technical Management, UX / Product Design"
Yerevan State University,Informatics and Applied Mathematics (Part time),Bachelor,REST APIs,120,"Software Engineering, Hardware / Embedded, IT Support / Admin / ERP, DevOps / Cloud, Data / ML / AI, Security, QA / Testing, Technical Management, UX / Product Design"
Yerevan State University,Informatics and Applied Mathematics (Part time),Bachelor,Model Context Protocol,4,"Software Engineering, Hardware / Embedded, IT Support / Admin / ERP, DevOps / Cloud, Data / ML / AI, Security, QA / Testing, Technical Management, UX / Product Design"
Yerevan State University,Informatics and Applied Mathematics (Part time),Bachelor,Linux,40,"Software Engineering, Hardware / Embedded, IT Support / Admin / ERP, DevOps / Cloud, Data / ML / AI, Security, QA / Testing, Technical Management, UX / Product Design"
Yerevan State University,Informatics and Applied Mathematics (Part time),Bachelor,Data Protection,1,"Software Engineering, Hardware / Embedded, IT Support / Admin / ERP, DevOps / Cloud, Data / ML / AI, Security, QA / Testing, Technical Management, UX / Product Design"
Yerevan State University,Informatics and Applied Mathematics (Part time),Bachelor,Windows Autopilot,1,"Software Engineering, Hardware / Embedded, IT Support / Admin / ERP, DevOps / Cloud, Data / ML / AI, Security, QA / Testing, Technical Management, UX / Product Design"
Yerevan State University,Informatics and Applied Mathematics (Part time),Bachelor,GitLab,10,"Software Engineering, Hardware / Embedded, IT Support / Admin / ERP, DevOps / Cloud, Data / ML / AI, Security, QA / Testing, Technical Management, UX / Product Design"
Yerevan State University,Informatics and Applied Mathematics (Part time),Bachelor,API Integration,8,"Software Engineering, Hardware / Embedded, IT Support / Admin / ERP, DevOps / Cloud, Data / ML / AI, Security, QA / Testing, Technical Management, UX / Product Design"
Yerevan State University,Informatics and Applied Mathematics (Part time),Bachelor,Google Workspace,7,"Software Engineering, Hardware / Embedded, IT Support / Admin / ERP, DevOps / Cloud, Data / ML / AI, Security, QA / Testing, Technical Management, UX / Product Design"
Yerevan State University,Informatics and Applied Mathematics (Part time),Bachelor,Microsoft Office,6,"Software Engineering, Hardware / Embedded, IT Support / Admin / ERP, DevOps / Cloud, Data / ML / AI, Security, QA / Testing, Technical Management, UX / Product Design"
Yerevan State University,Informatics and Applied Mathematics (Part time),Bachelor,Structured Cabling,7,"Software Engineering, Hardware / Embedded, IT Support / Admin / ERP, DevOps / Cloud, Data / ML / AI, Security, QA / Testing, Technical Management, UX / Product Design"
Yerevan State University,Informatics and Applied Mathematics (Part time),Bachelor,User Interviews,1,"Software Engineering, Hardware / Embedded, IT Support / Admin / ERP, DevOps / Cloud, Data / ML / AI, Security, QA / Testing, Technical Management, UX / Product Design"
Yerevan State University,Informatics and Applied Mathematics (Part time),Bachelor,Verdi,3,"Software Engineering, Hardware / Embedded, IT Support / Admin / ERP, DevOps / Cloud, Data / ML / AI, Security, QA / Testing, Technical Management, UX / Product Design"
Yerevan State University,Informatics and Applied Mathematics (Part time),Bachelor,AI-Powered Workflows,2,"Software Engineering, Hardware / Embedded, IT Support / Admin / ERP, DevOps / Cloud, Data / ML / AI, Security, QA / Testing, Technical Management, UX / Product Design"
Yerevan State University,Informatics and Applied Mathematics (Part time),Bachelor,Apache Kafka,22,"Software Engineering, Hardware / Embedded, IT Support / Admin / ERP, DevOps / Cloud, Data / ML / AI, Security, QA / Testing, Technical Management, UX / Product Design"
Yerevan State University,Informatics and Applied Mathematics (Part time),Bachelor,Backend Testing,3,"Software Engineering, Hardware / Embedded, IT Support / Admin / ERP, DevOps / Cloud, Data / ML / AI, Security, QA / Testing, Technical Management, UX / Product Design"
Yerevan State University,Informatics and Applied Mathematics (Part time),Bachelor,Wireframing,9,"Software Engineering, Hardware / Embedded, IT Support / Admin / ERP, DevOps / Cloud, Data / ML / AI, Security, QA / Testing, Technical Management, UX / Product Design"
Yerevan State University,Informatics and Applied Mathematics (Part time),Bachelor,Physical Design,8,"Software Engineering, Hardware / Embedded, IT Support / Admin / ERP, DevOps / Cloud, Data / ML / AI, Security, QA / Testing, Technical Management, UX / Product Design"
Yerevan State University,Informatics and Applied Mathematics (Part time),Bachelor,Production Video Switchers,2,"Software Engineering, Hardware / Embedded, IT Support / Admin / ERP, DevOps / Cloud, Data / ML / AI, Security, QA / Testing, Technical Management, UX / Product Design"
Yerevan State University,Informatics and Applied Mathematics (Part time),Bachelor,Technical Support,3,"Software Engineering, Hardware / Embedded, IT Support / Admin / ERP, DevOps / Cloud, Data / ML / AI, Security, QA / Testing, Technical Management, UX / Product Design"
Yerevan State University,Informatics and Applied Mathematics (Part time),Bachelor,SAP HANA Calculation Views,3,"Software Engineering, Hardware / Embedded, IT Support / Admin / ERP, DevOps / Cloud, Data / ML / AI, Security, QA / Testing, Technical Management, UX / Product Design"
Yerevan State University,Informatics and Applied Mathematics (Part time),Bachelor,Server Hardware,5,"Software Engineering, Hardware / Embedded, IT Support / Admin / ERP, DevOps / Cloud, Data / ML / AI, Security, QA / Testing, Technical Management, UX / Product Design"
Yerevan State University,Informatics and Applied Mathematics (Part time),Bachelor,Okta Lifecycle Management,2,"Software Engineering, Hardware / Embedded, IT Support / Admin / ERP, DevOps / Cloud, Data / ML / AI, Security, QA / Testing, Technical Management, UX / Product Design"
Yerevan State University,Informatics and Applied Mathematics (Part time),Bachelor,Audio-Visual Systems,2,"Software Engineering, Hardware / Embedded, IT Support / Admin / ERP, DevOps / Cloud, Data / ML / AI, Security, QA / Testing, Technical Management, UX / Product Design"
Yerevan State University,Informatics and Applied Mathematics (Part time),Bachelor,Fiber Optic Networking,5,"Software Engineering, Hardware / Embedded, IT Support / Admin / ERP, DevOps / Cloud, Data / ML / AI, Security, QA / Testing, Technical Management, UX / Product Design"
Yerevan State University,Informatics and Applied Mathematics (Part time),Bachelor,Intrusion Detection Systems,1,"Software Engineering, Hardware / Embedded, IT Support / Admin / ERP, DevOps / Cloud, Data / ML / AI, Security, QA / Testing, Technical Management, UX / Product Design"
Yerevan State University,Informatics and Applied Mathematics (Part time),Bachelor,SAP Financial Accounting,3,"Software Engineering, Hardware / Embedded, IT Support / Admin / ERP, DevOps / Cloud, Data / ML / AI, Security, QA / Testing, Technical Management, UX / Product Design"
Yerevan State University,Informatics and Applied Mathematics (Part time),Bachelor,RTL-to-GDSII,6,"Software Engineering, Hardware / Embedded, IT Support / Admin / ERP, DevOps / Cloud, Data / ML / AI, Security, QA / Testing, Technical Management, UX / Product Design"
Yerevan State University,Informatics and Applied Mathematics (Part time),Bachelor,Databricks,8,"Software Engineering, Hardware / Embedded, IT Support / Admin / ERP, DevOps / Cloud, Data / ML / AI, Security, QA / Testing, Technical Management, UX / Product Design"
Yerevan State University,Informatics and Applied Mathematics (Part time),Bachelor,Adobe Firefly,1,"Software Engineering, Hardware / Embedded, IT Support / Admin / ERP, DevOps / Cloud, Data / ML / AI, Security, QA / Testing, Technical Management, UX / Product Design"
Yerevan State University,Informatics and Applied Mathematics (Part time),Bachelor,Cat5e/6/6a Cabling,4,"Software Engineering, Hardware / Embedded, IT Support / Admin / ERP, DevOps / Cloud, Data / ML / AI, Security, QA / Testing, Technical Management, UX / Product Design"
Yerevan State University,Informatics and Applied Mathematics (Part time),Bachelor,Help Desk Software,3,"Software Engineering, Hardware / Embedded, IT Support / Admin / ERP, DevOps / Cloud, Data / ML / AI, Security, QA / Testing, Technical Management, UX / Product Design"
Yerevan State University,Informatics and Applied Mathematics (Part time),Bachelor,Test Automation,39,"Software Engineering, Hardware / Embedded, IT Support / Admin / ERP, DevOps / Cloud, Data / ML / AI, Security, QA / Testing, Technical Management, UX / Product Design"
Yerevan State University,Informatics and Applied Mathematics (Part time),Bachelor,Next.js,14,"Software Engineering, Hardware / Embedded, IT Support / Admin / ERP, DevOps / Cloud, Data / ML / AI, Security, QA / Testing, Technical Management, UX / Product Design"
Yerevan State University,Informatics and Applied Mathematics (Part time),Bachelor,Webflow,2,"Software Engineering, Hardware / Embedded, IT Support / Admin / ERP, DevOps / Cloud, Data / ML / AI, Security, QA / Testing, Technical Management, UX / Product Design"
Yerevan State University,Informatics and Applied Mathematics (Part time),Bachelor,CMOS Process,2,"Software Engineering, Hardware / Embedded, IT Support / Admin / ERP, DevOps / Cloud, Data / ML / AI, Security, QA / Testing, Technical Management, UX / Product Design"
Yerevan State University,Informatics and Applied Mathematics (Part time),Bachelor,SAP Materials Management,4,"Software Engineering, Hardware / Embedded, IT Support / Admin / ERP, DevOps / Cloud, Data / ML / AI, Security, QA / Testing, Technical Management, UX / Product Design"
Yerevan State University,Informatics and Applied Mathematics (Part time),Bachelor,AI Tools,4,"Software Engineering, Hardware / Embedded, IT Support / Admin / ERP, DevOps / Cloud, Data / ML / AI, Security, QA / Testing, Technical Management, UX / Product Design"
Yerevan State University,Informatics and Applied Mathematics (Part time),Bachelor,Memory BIST (MBIST),2,"Software Engineering, Hardware / Embedded, IT Support / Admin / ERP, DevOps / Cloud, Data / ML / AI, Security, QA / Testing, Technical Management, UX / Product Design"
Yerevan State University,Informatics and Applied Mathematics (Part time),Bachelor,Intrusion Detection System/Intrusion Prevention System,1,"Software Engineering, Hardware / Embedded, IT Support / Admin / ERP, DevOps / Cloud, Data / ML / AI, Security, QA / Testing, Technical Management, UX / Product Design"
Yerevan State University,Informatics and Applied Mathematics (Part time),Bachelor,Generative AI,15,"Software Engineering, Hardware / Embedded, IT Support / Admin / ERP, DevOps / Cloud, Data / ML / AI, Security, QA / Testing, Technical Management, UX / Product Design"
Yerevan State University,Informatics and Applied Mathematics (Part time),Bachelor,Component Libraries,2,"Software Engineering, Hardware / Embedded, IT Support / Admin / ERP, DevOps / Cloud, Data / ML / AI, Security, QA / Testing, Technical Management, UX / Product Design"
Yerevan State University,Informatics and Applied Mathematics (Part time),Bachelor,Security Information and Event Management (SIEM),3,"Software Engineering, Hardware / Embedded, IT Support / Admin / ERP, DevOps / Cloud, Data / ML / AI, Security, QA / Testing, Technical Management, UX / Product Design"
Yerevan State University,Informatics and Applied Mathematics (Part time),Bachelor,Serial Digital Interface (SDI),2,"Software Engineering, Hardware / Embedded, IT Support / Admin / ERP, DevOps / Cloud, Data / ML / AI, Security, QA / Testing, Technical Management, UX / Product Design"
Yerevan State University,Informatics and Applied Mathematics (Part time),Bachelor,SAP Retail,3,"Software Engineering, Hardware / Embedded, IT Support / Admin / ERP, DevOps / Cloud, Data / ML / AI, Security, QA / Testing, Technical Management, UX / Product Design"
Yerevan State University,Informatics and Applied Mathematics (Part time),Bachelor,Automation,8,"Software Engineering, Hardware / Embedded, IT Support / Admin / ERP, DevOps / Cloud, Data / ML / AI, Security, QA / Testing, Technical Management, UX / Product Design"
Yerevan State University,Informatics and Applied Mathematics (Part time),Bachelor,Cloud Infrastructure,7,"Software Engineering, Hardware / Embedded, IT Support / Admin / ERP, DevOps / Cloud, Data / ML / AI, Security, QA / Testing, Technical Management, UX / Product Design"
Yerevan State University,Informatics and Applied Mathematics (Part time),Bachelor,Microsoft Intune,1,"Software Engineering, Hardware / Embedded, IT Support / Admin / ERP, DevOps / Cloud, Data / ML / AI, Security, QA / Testing, Technical Management, UX / Product Design"
Yerevan State University,Informatics and Applied Mathematics (Part time),Bachelor,Product Design,3,"Software Engineering, Hardware / Embedded, IT Support / Admin / ERP, DevOps / Cloud, Data / ML / AI, Security, QA / Testing, Technical Management, UX / Product Design"
Yerevan State University,Informatics and Applied Mathematics (Part time),Bachelor,Network Troubleshooting,8,"Software Engineering, Hardware / Embedded, IT Support / Admin / ERP, DevOps / Cloud, Data / ML / AI, Security, QA / Testing, Technical Management, UX / Product Design"
Yerevan State University,Informatics and Applied Mathematics (Part time),Bachelor,IT Infrastructure,3,"Software Engineering, Hardware / Embedded, IT Support / Admin / ERP, DevOps / Cloud, Data / ML / AI, Security, QA / Testing, Technical Management, UX / Product Design"
Yerevan State University,Informatics and Applied Mathematics (Part time),Bachelor,Solution Architecture,4,"Software Engineering, Hardware / Embedded, IT Support / Admin / ERP, DevOps / Cloud, Data / ML / AI, Security, QA / Testing, Technical Management, UX / Product Design"
Yerevan State University,Informatics and Applied Mathematics (Part time),Bachelor,Full-Stack Development,9,"Software Engineering, Hardware / Embedded, IT Support / Admin / ERP, DevOps / Cloud, Data / ML / AI, Security, QA / Testing, Technical Management, UX / Product Design"
Yerevan State University,Informatics and Applied Mathematics (Part time),Bachelor,Microservices,47,"Software Engineering, Hardware / Embedded, IT Support / Admin / ERP, DevOps / Cloud, Data / ML / AI, Security, QA / Testing, Technical Management, UX / Product Design"
Yerevan State University,Informatics and Applied Mathematics (Part time),Bachelor,UX Design,8,"Software Engineering, Hardware / Embedded, IT Support / Admin / ERP, DevOps / Cloud, Data / ML / AI, Security, QA / Testing, Technical Management, UX / Product Design"
Yerevan State University,Informatics and Applied Mathematics (Part time),Bachelor,Kubernetes,41,"Software Engineering, Hardware / Embedded, IT Support / Admin / ERP, DevOps / Cloud, Data / ML / AI, Security, QA / Testing, Technical Management, UX / Product Design"
Yerevan State University,Informatics and Applied Mathematics (Part time),Bachelor,Playwright,15,"Software Engineering, Hardware / Embedded, IT Support / Admin / ERP, DevOps / Cloud, Data / ML / AI, Security, QA / Testing, Technical Management, UX / Product Design"
Yerevan State University,Informatics and Applied Mathematics (Part time),Bachelor,Metasploit,1,"Software Engineering, Hardware / Embedded, IT Support / Admin / ERP, DevOps / Cloud, Data / ML / AI, Security, QA / Testing, Technical Management, UX / Product Design"
Yerevan State University,Informatics and Applied Mathematics (Part time),Bachelor,Technical Documentation,6,"Software Engineering, Hardware / Embedded, IT Support / Admin / ERP, DevOps / Cloud, Data / ML / AI, Security, QA / Testing, Technical Management, UX / Product Design"
Yerevan State University,Informatics and Applied Mathematics (Part time),Bachelor,Circuit Breakers,1,"Software Engineering, Hardware / Embedded, IT Support / Admin / ERP, DevOps / Cloud, Data / ML / AI, Security, QA / Testing, Technical Management, UX / Product Design"
Yerevan State University,Informatics and Applied Mathematics (Part time),Bachelor,VLSI Design,5,"Software Engineering, Hardware / Embedded, IT Support / Admin / ERP, DevOps / Cloud, Data / ML / AI, Security, QA / Testing, Technical Management, UX / Product Design"
Yerevan State University,Informatics and Applied Mathematics (Part time),Bachelor,Endpoint Detection and Response/Extended Detection and Response,1,"Software Engineering, Hardware / Embedded, IT Support / Admin / ERP, DevOps / Cloud, Data / ML / AI, Security, QA / Testing, Technical Management, UX / Product Design"
Yerevan State University,Informatics and Applied Mathematics (Part time),Bachelor,A/B Testing,20,"Software Engineering, Hardware / Embedded, IT Support / Admin / ERP, DevOps / Cloud, Data / ML / AI, Security, QA / Testing, Technical Management, UX / Product Design"
Yerevan State University,Informatics and Applied Mathematics (Part time),Bachelor,Adobe XD,2,"Software Engineering, Hardware / Embedded, IT Support / Admin / ERP, DevOps / Cloud, Data / ML / AI, Security, QA / Testing, Technical Management, UX / Product Design"
Yerevan State University,Informatics and Applied Mathematics (Part time),Bachelor,Adobe Creative Suite,1,"Software Engineering, Hardware / Embedded, IT Support / Admin / ERP, DevOps / Cloud, Data / ML / AI, Security, QA / Testing, Technical Management, UX / Product Design"
Yerevan State University,Informatics and Applied Mathematics (Part time),Bachelor,CI/CD,61,"Software Engineering, Hardware / Embedded, IT Support / Admin / ERP, DevOps / Cloud, Data / ML / AI, Security, QA / Testing, Technical Management, UX / Product Design"
Yerevan State University,Informatics and Applied Mathematics (Part time),Bachelor,Equipment Maintenance,2,"Software Engineering, Hardware / Embedded, IT Support / Admin / ERP, DevOps / Cloud, Data / ML / AI, Security, QA / Testing, Technical Management, UX / Product Design"
Yerevan State University,Informatics and Applied Mathematics (Part time),Bachelor,Patch Panel Configuration,4,"Software Engineering, Hardware / Embedded, IT Support / Admin / ERP, DevOps / Cloud, Data / ML / AI, Security, QA / Testing, Technical Management, UX / Product Design"
Yerevan State University,Informatics and Applied Mathematics (Part time),Bachelor,Prompt Engineering,7,"Software Engineering, Hardware / Embedded, IT Support / Admin / ERP, DevOps / Cloud, Data / ML / AI, Security, QA / Testing, Technical Management, UX / Product Design"
Yerevan State University,Informatics and Applied Mathematics (Part time),Bachelor,Power BI,12,"Software Engineering, Hardware / Embedded, IT Support / Admin / ERP, DevOps / Cloud, Data / ML / AI, Security, QA / Testing, Technical Management, UX / Product Design"
Yerevan State University,Informatics and Applied Mathematics (Part time),Bachelor,DALL·E,1,"Software Engineering, Hardware / Embedded, IT Support / Admin / ERP, DevOps / Cloud, Data / ML / AI, Security, QA / Testing, Technical Management, UX / Product Design"
Yerevan State University,Informatics and Applied Mathematics (Part time),Bachelor,Project Management Professional (PMP),3,"Software Engineering, Hardware / Embedded, IT Support / Admin / ERP, DevOps / Cloud, Data / ML / AI, Security, QA / Testing, Technical Management, UX / Product Design"
Yerevan State University,Informatics and Applied Mathematics (Part time),Bachelor,Secure Sdlc Practices,1,"Software Engineering, Hardware / Embedded, IT Support / Admin / ERP, DevOps / Cloud, Data / ML / AI, Security, QA / Testing, Technical Management, UX / Product Design"
Yerevan State University,Informatics and Applied Mathematics (Part time),Bachelor,Agile,38,"Software Engineering, Hardware / Embedded, IT Support / Admin / ERP, DevOps / Cloud, Data / ML / AI, Security, QA / Testing, Technical Management, UX / Product Design"
Yerevan State University,Informatics and Applied Mathematics (Part time),Bachelor,GitHub Advanced Security,1,"Software Engineering, Hardware / Embedded, IT Support / Admin / ERP, DevOps / Cloud, Data / ML / AI, Security, QA / Testing, Technical Management, UX / Product Design"
Yerevan State University,Informatics and Applied Mathematics (Part time),Bachelor,UVM,2,"Software Engineering, Hardware / Embedded, IT Support / Admin / ERP, DevOps / Cloud, Data / ML / AI, Security, QA / Testing, Technical Management, UX / Product Design"
Yerevan State University,Informatics and Applied Mathematics (Part time),Bachelor,Firewalls,1,"Software Engineering, Hardware / Embedded, IT Support / Admin / ERP, DevOps / Cloud, Data / ML / AI, Security, QA / Testing, Technical Management, UX / Product Design"
Yerevan State University,Informatics and Applied Mathematics (Part time),Bachelor,Windows 10/11,1,"Software Engineering, Hardware / Embedded, IT Support / Admin / ERP, DevOps / Cloud, Data / ML / AI, Security, QA / Testing, Technical Management, UX / Product Design"
Yerevan State University,Informatics and Applied Mathematics (Part time),Bachelor,App Store,1,"Software Engineering, Hardware / Embedded, IT Support / Admin / ERP, DevOps / Cloud, Data / ML / AI, Security, QA / Testing, Technical Management, UX / Product Design"
Yerevan State University,Informatics and Applied Mathematics (Part time),Bachelor,Synthesis,4,"Software Engineering, Hardware / Embedded, IT Support / Admin / ERP, DevOps / Cloud, Data / ML / AI, Security, QA / Testing, Technical Management, UX / Product Design"
Yerevan State University,Informatics and Applied Mathematics (Part time),Bachelor,API Access Management,1,"Software Engineering, Hardware / Embedded, IT Support / Admin / ERP, DevOps / Cloud, Data / ML / AI, Security, QA / Testing, Technical Management, UX / Product Design"
Yerevan State University,Informatics and Applied Mathematics (Part time),Bachelor,Design Rule Check (DRC),3,"Software Engineering, Hardware / Embedded, IT Support / Admin / ERP, DevOps / Cloud, Data / ML / AI, Security, QA / Testing, Technical Management, UX / Product Design"
Yerevan State University,Informatics and Applied Mathematics (Part time),Bachelor,SAP FICO,6,"Software Engineering, Hardware / Embedded, IT Support / Admin / ERP, DevOps / Cloud, Data / ML / AI, Security, QA / Testing, Technical Management, UX / Product Design"
Yerevan State University,Informatics and Applied Mathematics (Part time),Bachelor,IT Auditing,1,"Software Engineering, Hardware / Embedded, IT Support / Admin / ERP, DevOps / Cloud, Data / ML / AI, Security, QA / Testing, Technical Management, UX / Product Design"
Yerevan State University,Informatics and Applied Mathematics (Part time),Bachelor,Group Policy,1,"Software Engineering, Hardware / Embedded, IT Support / Admin / ERP, DevOps / Cloud, Data / ML / AI, Security, QA / Testing, Technical Management, UX / Product Design"
Yerevan State University,Informatics and Applied Mathematics (Part time),Bachelor,Analytics,6,"Software Engineering, Hardware / Embedded, IT Support / Admin / ERP, DevOps / Cloud, Data / ML / AI, Security, QA / Testing, Technical Management, UX / Product Design"
Yerevan State University,Informatics and Applied Mathematics (Part time),Bachelor,Cloud Security,3,"Software Engineering, Hardware / Embedded, IT Support / Admin / ERP, DevOps / Cloud, Data / ML / AI, Security, QA / Testing, Technical Management, UX / Product Design"
Yerevan State University,Informatics and Applied Mathematics (Part time),Bachelor,Distributed Systems,34,"Software Engineering, Hardware / Embedded, IT Support / Admin / ERP, DevOps / Cloud, Data / ML / AI, Security, QA / Testing, Technical Management, UX / Product Design"
Yerevan State University,Informatics and Applied Mathematics (Part time),Bachelor,Project Based Learning,4,"Software Engineering, Hardware / Embedded, IT Support / Admin / ERP, DevOps / Cloud, Data / ML / AI, Security, QA / Testing, Technical Management, UX / Product Design"
Yerevan State University,Informatics and Applied Mathematics (Part time),Bachelor,Design for Testability (DFT),9,"Software Engineering, Hardware / Embedded, IT Support / Admin / ERP, DevOps / Cloud, Data / ML / AI, Security, QA / Testing, Technical Management, UX / Product Design"
Yerevan State University,Informatics and Applied Mathematics (Part time),Bachelor,Okta,5,"Software Engineering, Hardware / Embedded, IT Support / Admin / ERP, DevOps / Cloud, Data / ML / AI, Security, QA / Testing, Technical Management, UX / Product Design"
Yerevan State University,Informatics and Applied Mathematics (Part time),Bachelor,pytest,5,"Software Engineering, Hardware / Embedded, IT Support / Admin / ERP, DevOps / Cloud, Data / ML / AI, Security, QA / Testing, Technical Management, UX / Product Design"
Yerevan State University,Informatics and Applied Mathematics (Part time),Bachelor,Requirements Analysis,5,"Software Engineering, Hardware / Embedded, IT Support / Admin / ERP, DevOps / Cloud, Data / ML / AI, Security, QA / Testing, Technical Management, UX / Product Design"
Yerevan State University,Informatics and Applied Mathematics (Part time),Bachelor,Microsoft Project,3,"Software Engineering, Hardware / Embedded, IT Support / Admin / ERP, DevOps / Cloud, Data / ML / AI, Security, QA / Testing, Technical Management, UX / Product Design"
Yerevan State University,Informatics and Applied Mathematics (Part time),Bachelor,App Preview Video,1,"Software Engineering, Hardware / Embedded, IT Support / Admin / ERP, DevOps / Cloud, Data / ML / AI, Security, QA / Testing, Technical Management, UX / Product Design"
Yerevan State University,Informatics and Applied Mathematics (Part time),Bachelor,Data Pipelines,16,"Software Engineering, Hardware / Embedded, IT Support / Admin / ERP, DevOps / Cloud, Data / ML / AI, Security, QA / Testing, Technical Management, UX / Product Design"
Yerevan State University,Informatics and Applied Mathematics (Part time),Bachelor,Video Surveillance Systems,2,"Software Engineering, Hardware / Embedded, IT Support / Admin / ERP, DevOps / Cloud, Data / ML / AI, Security, QA / Testing, Technical Management, UX / Product Design"
Yerevan State University,Informatics and Applied Mathematics (Part time),Bachelor,Apache Spark,9,"Software Engineering, Hardware / Embedded, IT Support / Admin / ERP, DevOps / Cloud, Data / ML / AI, Security, QA / Testing, Technical Management, UX / Product Design"
Yerevan State University,Informatics and Applied Mathematics (Part time),Bachelor,Multi-Factor Authentication,2,"Software Engineering, Hardware / Embedded, IT Support / Admin / ERP, DevOps / Cloud, Data / ML / AI, Security, QA / Testing, Technical Management, UX / Product Design"
Yerevan State University,Informatics and Applied Mathematics (Part time),Bachelor,Chroma Keying,2,"Software Engineering, Hardware / Embedded, IT Support / Admin / ERP, DevOps / Cloud, Data / ML / AI, Security, QA / Testing, Technical Management, UX / Product Design"
Yerevan State University,Informatics and Applied Mathematics (Part time),Bachelor,Interaction Design,4,"Software Engineering, Hardware / Embedded, IT Support / Admin / ERP, DevOps / Cloud, Data / ML / AI, Security, QA / Testing, Technical Management, UX / Product Design"
Yerevan State University,Informatics and Applied Mathematics (Part time),Bachelor,Figma,17,"Software Engineering, Hardware / Embedded, IT Support / Admin / ERP, DevOps / Cloud, Data / ML / AI, Security, QA / Testing, Technical Management, UX / Product Design"
Yerevan State University,Informatics and Applied Mathematics (Part time),Bachelor,Incident Management,4,"Software Engineering, Hardware / Embedded, IT Support / Admin / ERP, DevOps / Cloud, Data / ML / AI, Security, QA / Testing, Technical Management, UX / Product Design"
Yerevan State University,Informatics and Applied Mathematics (Part time),Bachelor,Safety Procedures,2,"Software Engineering, Hardware / Embedded, IT Support / Admin / ERP, DevOps / Cloud, Data / ML / AI, Security, QA / Testing, Technical Management, UX / Product Design"
Yerevan State University,Informatics and Applied Mathematics (Part time),Bachelor,Design Systems,8,"Software Engineering, Hardware / Embedded, IT Support / Admin / ERP, DevOps / Cloud, Data / ML / AI, Security, QA / Testing, Technical Management, UX / Product Design"
Yerevan State University,Informatics and Applied Mathematics (Part time),Bachelor,Security Auditing,2,"Software Engineering, Hardware / Embedded, IT Support / Admin / ERP, DevOps / Cloud, Data / ML / AI, Security, QA / Testing, Technical Management, UX / Product Design"
Yerevan State University,Informatics and Applied Mathematics (Part time),Bachelor,Okta Universal Directory,2,"Software Engineering, Hardware / Embedded, IT Support / Admin / ERP, DevOps / Cloud, Data / ML / AI, Security, QA / Testing, Technical Management, UX / Product Design"
Yerevan State University,Informatics and Applied Mathematics (Part time),Bachelor,DevSecOps,2,"Software Engineering, Hardware / Embedded, IT Support / Admin / ERP, DevOps / Cloud, Data / ML / AI, Security, QA / Testing, Technical Management, UX / Product Design"
Yerevan State University,Informatics and Applied Mathematics (Part time),Bachelor,Dashboard Development,9,"Software Engineering, Hardware / Embedded, IT Support / Admin / ERP, DevOps / Cloud, Data / ML / AI, Security, QA / Testing, Technical Management, UX / Product Design"
Yerevan State University,Informatics and Applied Mathematics (Part time),Bachelor,App Store Optimization,1,"Software Engineering, Hardware / Embedded, IT Support / Admin / ERP, DevOps / Cloud, Data / ML / AI, Security, QA / Testing, Technical Management, UX / Product Design"
Yerevan State University,Informatics and Applied Mathematics (Part time),Bachelor,AI-Driven Design Software,2,"Software Engineering, Hardware / Embedded, IT Support / Admin / ERP, DevOps / Cloud, Data / ML / AI, Security, QA / Testing, Technical Management, UX / Product Design"
Yerevan State University,Informatics and Applied Mathematics (Part time),Bachelor,Test Case Design,4,"Software Engineering, Hardware / Embedded, IT Support / Admin / ERP, DevOps / Cloud, Data / ML / AI, Security, QA / Testing, Technical Management, UX / Product Design"
Yerevan State University,Informatics and Applied Mathematics (Part time),Bachelor,PyTorch,8,"Software Engineering, Hardware / Embedded, IT Support / Admin / ERP, DevOps / Cloud, Data / ML / AI, Security, QA / Testing, Technical Management, UX / Product Design"
Yerevan State University,Informatics and Applied Mathematics (Part time),Bachelor,ASP.NET Core,18,"Software Engineering, Hardware / Embedded, IT Support / Admin / ERP, DevOps / Cloud, Data / ML / AI, Security, QA / Testing, Technical Management, UX / Product Design"
Yerevan State University,Informatics and Applied Mathematics (Part time),Bachelor,Circuit Board Layout,2,"Software Engineering, Hardware / Embedded, IT Support / Admin / ERP, DevOps / Cloud, Data / ML / AI, Security, QA / Testing, Technical Management, UX / Product Design"
Yerevan State University,Informatics and Applied Mathematics (Part time),Bachelor,Risk Management,2,"Software Engineering, Hardware / Embedded, IT Support / Admin / ERP, DevOps / Cloud, Data / ML / AI, Security, QA / Testing, Technical Management, UX / Product Design"
Yerevan State University,Informatics and Applied Mathematics (Part time),Bachelor,Static Application Security Testing (SAST),1,"Software Engineering, Hardware / Embedded, IT Support / Admin / ERP, DevOps / Cloud, Data / ML / AI, Security, QA / Testing, Technical Management, UX / Product Design"
Yerevan State University,Informatics and Applied Mathematics (Part time),Bachelor,PowerShell,6,"Software Engineering, Hardware / Embedded, IT Support / Admin / ERP, DevOps / Cloud, Data / ML / AI, Security, QA / Testing, Technical Management, UX / Product Design"
Yerevan State University,Informatics and Applied Mathematics (Part time),Bachelor,Windows Server,4,"Software Engineering, Hardware / Embedded, IT Support / Admin / ERP, DevOps / Cloud, Data / ML / AI, Security, QA / Testing, Technical Management, UX / Product Design"
Yerevan State University,Informatics and Applied Mathematics (Part time),Bachelor,Docker,51,"Software Engineering, Hardware / Embedded, IT Support / Admin / ERP, DevOps / Cloud, Data / ML / AI, Security, QA / Testing, Technical Management, UX / Product Design"
Yerevan State University,Informatics and Applied Mathematics (Part time),Bachelor,UX Research,1,"Software Engineering, Hardware / Embedded, IT Support / Admin / ERP, DevOps / Cloud, Data / ML / AI, Security, QA / Testing, Technical Management, UX / Product Design"
Yerevan State University,Informatics and Applied Mathematics (Part time),Bachelor,ABAP,8,"Software Engineering, Hardware / Embedded, IT Support / Admin / ERP, DevOps / Cloud, Data / ML / AI, Security, QA / Testing, Technical Management, UX / Product Design"
Yerevan State University,Informatics and Applied Mathematics (Part time),Bachelor,App Icon Design,1,"Software Engineering, Hardware / Embedded, IT Support / Admin / ERP, DevOps / Cloud, Data / ML / AI, Security, QA / Testing, Technical Management, UX / Product Design"
Yerevan State University,Informatics and Applied Mathematics (Part time),Bachelor,Active Directory,7,"Software Engineering, Hardware / Embedded, IT Support / Admin / ERP, DevOps / Cloud, Data / ML / AI, Security, QA / Testing, Technical Management, UX / Product Design"
Yerevan State University,Informatics and Applied Mathematics (Part time),Bachelor,Clock Tree Synthesis,5,"Software Engineering, Hardware / Embedded, IT Support / Admin / ERP, DevOps / Cloud, Data / ML / AI, Security, QA / Testing, Technical Management, UX / Product Design"
Yerevan State University,Informatics and Applied Mathematics (Part time),Bachelor,Cloud Platforms,20,"Software Engineering, Hardware / Embedded, IT Support / Admin / ERP, DevOps / Cloud, Data / ML / AI, Security, QA / Testing, Technical Management, UX / Product Design"
Yerevan State University,Informatics and Applied Mathematics (Part time),Bachelor,Real-Time Data Processing,1,"Software Engineering, Hardware / Embedded, IT Support / Admin / ERP, DevOps / Cloud, Data / ML / AI, Security, QA / Testing, Technical Management, UX / Product Design"
Yerevan State University,Informatics and Applied Mathematics (Part time),Bachelor,VMware,7,"Software Engineering, Hardware / Embedded, IT Support / Admin / ERP, DevOps / Cloud, Data / ML / AI, Security, QA / Testing, Technical Management, UX / Product Design"
Yerevan State University,Informatics and Applied Mathematics (Part time),Bachelor,SAP S/4HANA,15,"Software Engineering, Hardware / Embedded, IT Support / Admin / ERP, DevOps / Cloud, Data / ML / AI, Security, QA / Testing, Technical Management, UX / Product Design"
Yerevan State University,Informatics and Applied Mathematics (Part time),Bachelor,Adobe Creative Cloud,1,"Software Engineering, Hardware / Embedded, IT Support / Admin / ERP, DevOps / Cloud, Data / ML / AI, Security, QA / Testing, Technical Management, UX / Product Design"
Yerevan State University,Informatics and Applied Mathematics (Part time),Bachelor,Mobile Application Testing,6,"Software Engineering, Hardware / Embedded, IT Support / Admin / ERP, DevOps / Cloud, Data / ML / AI, Security, QA / Testing, Technical Management, UX / Product Design"
Yerevan State University,Informatics and Applied Mathematics (Part time),Bachelor,Code Generation,1,"Software Engineering, Hardware / Embedded, IT Support / Admin / ERP, DevOps / Cloud, Data / ML / AI, Security, QA / Testing, Technical Management, UX / Product Design"
Yerevan State University,Informatics and Applied Mathematics (Part time),Bachelor,Electrical Systems,2,"Software Engineering, Hardware / Embedded, IT Support / Admin / ERP, DevOps / Cloud, Data / ML / AI, Security, QA / Testing, Technical Management, UX / Product Design"
Yerevan State University,Informatics and Applied Mathematics (Part time),Bachelor,User Interface Design,1,"Software Engineering, Hardware / Embedded, IT Support / Admin / ERP, DevOps / Cloud, Data / ML / AI, Security, QA / Testing, Technical Management, UX / Product Design"
Yerevan State University,Informatics and Applied Mathematics (Part time),Bachelor,Scrum,14,"Software Engineering, Hardware / Embedded, IT Support / Admin / ERP, DevOps / Cloud, Data / ML / AI, Security, QA / Testing, Technical Management, UX / Product Design"
Yerevan State University,Informatics and Applied Mathematics (Part time),Bachelor,Manual Testing,13,"Software Engineering, Hardware / Embedded, IT Support / Admin / ERP, DevOps / Cloud, Data / ML / AI, Security, QA / Testing, Technical Management, UX / Product Design"
Yerevan State University,Informatics and Applied Mathematics (Part time),Bachelor,Curriculum Development,3,"Software Engineering, Hardware / Embedded, IT Support / Admin / ERP, DevOps / Cloud, Data / ML / AI, Security, QA / Testing, Technical Management, UX / Product Design"
Yerevan State University,Informatics and Applied Mathematics (Part time),Bachelor,Microsoft Azure,27,"Software Engineering, Hardware / Embedded, IT Support / Admin / ERP, DevOps / Cloud, Data / ML / AI, Security, QA / Testing, Technical Management, UX / Product Design"
Yerevan State University,Informatics and Applied Mathematics (Part time),Bachelor,Bash,9,"Software Engineering, Hardware / Embedded, IT Support / Admin / ERP, DevOps / Cloud, Data / ML / AI, Security, QA / Testing, Technical Management, UX / Product Design"
Yerevan State University,Informatics and Applied Mathematics (Part time),Bachelor,Azure DevOps,9,"Software Engineering, Hardware / Embedded, IT Support / Admin / ERP, DevOps / Cloud, Data / ML / AI, Security, QA / Testing, Technical Management, UX / Product Design"
Yerevan State University,Informatics and Applied Mathematics (Part time),Bachelor,Layout Versus Schematic (LVS),3,"Software Engineering, Hardware / Embedded, IT Support / Admin / ERP, DevOps / Cloud, Data / ML / AI, Security, QA / Testing, Technical Management, UX / Product Design"
Yerevan State University,Informatics and Applied Mathematics (Part time),Bachelor,SystemVerilog,5,"Software Engineering, Hardware / Embedded, IT Support / Admin / ERP, DevOps / Cloud, Data / ML / AI, Security, QA / Testing, Technical Management, UX / Product Design"
Yerevan State University,Informatics and Applied Mathematics (Part time),Bachelor,Single Sign-On,3,"Software Engineering, Hardware / Embedded, IT Support / Admin / ERP, DevOps / Cloud, Data / ML / AI, Security, QA / Testing, Technical Management, UX / Product Design"
Yerevan State University,Informatics and Applied Mathematics (Part time),Bachelor,Tableau,8,"Software Engineering, Hardware / Embedded, IT Support / Admin / ERP, DevOps / Cloud, Data / ML / AI, Security, QA / Testing, Technical Management, UX / Product Design"
Yerevan State University,Informatics and Applied Mathematics (Part time),Bachelor,SDC,5,"Software Engineering, Hardware / Embedded, IT Support / Admin / ERP, DevOps / Cloud, Data / ML / AI, Security, QA / Testing, Technical Management, UX / Product Design"
Yerevan State University,Informatics and Applied Mathematics (Part time),Bachelor,Operating System Support,3,"Software Engineering, Hardware / Embedded, IT Support / Admin / ERP, DevOps / Cloud, Data / ML / AI, Security, QA / Testing, Technical Management, UX / Product Design"
Yerevan State University,Informatics and Applied Mathematics (Part time),Bachelor,Fortinet,1,"Software Engineering, Hardware / Embedded, IT Support / Admin / ERP, DevOps / Cloud, Data / ML / AI, Security, QA / Testing, Technical Management, UX / Product Design"
Yerevan State University,Informatics and Applied Mathematics (Part time),Bachelor,Qualitative Analysis,1,"Software Engineering, Hardware / Embedded, IT Support / Admin / ERP, DevOps / Cloud, Data / ML / AI, Security, QA / Testing, Technical Management, UX / Product Design"
Yerevan State University,Informatics and Applied Mathematics (Part time),Bachelor,ELK Stack,1,"Software Engineering, Hardware / Embedded, IT Support / Admin / ERP, DevOps / Cloud, Data / ML / AI, Security, QA / Testing, Technical Management, UX / Product Design"
Yerevan State University,Informatics and Applied Mathematics (Part time),Bachelor,CCTV Systems,2,"Software Engineering, Hardware / Embedded, IT Support / Admin / ERP, DevOps / Cloud, Data / ML / AI, Security, QA / Testing, Technical Management, UX / Product Design"
Yerevan State University,Informatics and Applied Mathematics (Part time),Bachelor,Virtual Private Network,4,"Software Engineering, Hardware / Embedded, IT Support / Admin / ERP, DevOps / Cloud, Data / ML / AI, Security, QA / Testing, Technical Management, UX / Product Design"
Yerevan State University,Informatics and Applied Mathematics (Part time),Bachelor,Incident Response,4,"Software Engineering, Hardware / Embedded, IT Support / Admin / ERP, DevOps / Cloud, Data / ML / AI, Security, QA / Testing, Technical Management, UX / Product Design"
Yerevan State University,Informatics and Applied Mathematics (Part time),Bachelor,Single Page Application,2,"Software Engineering, Hardware / Embedded, IT Support / Admin / ERP, DevOps / Cloud, Data / ML / AI, Security, QA / Testing, Technical Management, UX / Product Design"
Yerevan State University,Informatics and Applied Mathematics (Part time),Bachelor,Large Language Models,37,"Software Engineering, Hardware / Embedded, IT Support / Admin / ERP, DevOps / Cloud, Data / ML / AI, Security, QA / Testing, Technical Management, UX / Product Design"
Yerevan State University,Informatics and Applied Mathematics (Part time),Bachelor,Jenkins,15,"Software Engineering, Hardware / Embedded, IT Support / Admin / ERP, DevOps / Cloud, Data / ML / AI, Security, QA / Testing, Technical Management, UX / Product Design"
Yerevan State University,Informatics and Applied Mathematics (Part time),Bachelor,Adobe Photoshop,3,"Software Engineering, Hardware / Embedded, IT Support / Admin / ERP, DevOps / Cloud, Data / ML / AI, Security, QA / Testing, Technical Management, UX / Product Design"
Yerevan State University,Informatics and Applied Mathematics (Part time),Bachelor,Calibre DRC,2,"Software Engineering, Hardware / Embedded, IT Support / Admin / ERP, DevOps / Cloud, Data / ML / AI, Security, QA / Testing, Technical Management, UX / Product Design"
Yerevan State University,Informatics and Applied Mathematics (Part time),Bachelor,Grafana,10,"Software Engineering, Hardware / Embedded, IT Support / Admin / ERP, DevOps / Cloud, Data / ML / AI, Security, QA / Testing, Technical Management, UX / Product Design"
Yerevan State University,Informatics and Applied Mathematics (Part time),Bachelor,Identity and Access Management,6,"Software Engineering, Hardware / Embedded, IT Support / Admin / ERP, DevOps / Cloud, Data / ML / AI, Security, QA / Testing, Technical Management, UX / Product Design"
Yerevan State University,Informatics and Applied Mathematics (Part time),Bachelor,ISO 27001,1,"Software Engineering, Hardware / Embedded, IT Support / Admin / ERP, DevOps / Cloud, Data / ML / AI, Security, QA / Testing, Technical Management, UX / Product Design"
Yerevan State University,Informatics and Applied Mathematics (Part time),Bachelor,Python,173,"Software Engineering, Hardware / Embedded, IT Support / Admin / ERP, DevOps / Cloud, Data / ML / AI, Security, QA / Testing, Technical Management, UX / Product Design"
Yerevan State University,Informatics and Applied Mathematics (Part time),Bachelor,TCP/IP,9,"Software Engineering, Hardware / Embedded, IT Support / Admin / ERP, DevOps / Cloud, Data / ML / AI, Security, QA / Testing, Technical Management, UX / Product Design"
Yerevan State University,Informatics and Applied Mathematics (Part time),Bachelor,Splunk,1,"Software Engineering, Hardware / Embedded, IT Support / Admin / ERP, DevOps / Cloud, Data / ML / AI, Security, QA / Testing, Technical Management, UX / Product Design"
Yerevan State University,Informatics and Applied Mathematics (Part time),Bachelor,Mobile-First Design,1,"Software Engineering, Hardware / Embedded, IT Support / Admin / ERP, DevOps / Cloud, Data / ML / AI, Security, QA / Testing, Technical Management, UX / Product Design"
Yerevan State University,Informatics and Applied Mathematics (Part time),Bachelor,Adobe Illustrator,2,"Software Engineering, Hardware / Embedded, IT Support / Admin / ERP, DevOps / Cloud, Data / ML / AI, Security, QA / Testing, Technical Management, UX / Product Design"
Yerevan State University,Informatics and Applied Mathematics (Part time),Bachelor,Penetration Testing,3,"Software Engineering, Hardware / Embedded, IT Support / Admin / ERP, DevOps / Cloud, Data / ML / AI, Security, QA / Testing, Technical Management, UX / Product Design"
Yerevan State University,Informatics and Applied Mathematics (Part time),Bachelor,Power Performance Area (PPA) Optimization,2,"Software Engineering, Hardware / Embedded, IT Support / Admin / ERP, DevOps / Cloud, Data / ML / AI, Security, QA / Testing, Technical Management, UX / Product Design"
Yerevan State University,Informatics and Applied Mathematics (Part time),Bachelor,Burp Suite,1,"Software Engineering, Hardware / Embedded, IT Support / Admin / ERP, DevOps / Cloud, Data / ML / AI, Security, QA / Testing, Technical Management, UX / Product Design"
Yerevan State University,Informatics and Applied Mathematics (Part time),Bachelor,Equipment Installation,2,"Software Engineering, Hardware / Embedded, IT Support / Admin / ERP, DevOps / Cloud, Data / ML / AI, Security, QA / Testing, Technical Management, UX / Product Design"
Yerevan State University,Informatics and Applied Mathematics (Part time),Bachelor,LDAP,5,"Software Engineering, Hardware / Embedded, IT Support / Admin / ERP, DevOps / Cloud, Data / ML / AI, Security, QA / Testing, Technical Management, UX / Product Design"
Yerevan State University,Informatics and Applied Mathematics (Part time),Bachelor,HDMI,2,"Software Engineering, Hardware / Embedded, IT Support / Admin / ERP, DevOps / Cloud, Data / ML / AI, Security, QA / Testing, Technical Management, UX / Product Design"
Yerevan State University,Informatics and Applied Mathematics (Part time),Bachelor,Threat Intelligence,1,"Software Engineering, Hardware / Embedded, IT Support / Admin / ERP, DevOps / Cloud, Data / ML / AI, Security, QA / Testing, Technical Management, UX / Product Design"
Yerevan State University,Informatics and Applied Mathematics (Part time),Bachelor,Floorplanning,4,"Software Engineering, Hardware / Embedded, IT Support / Admin / ERP, DevOps / Cloud, Data / ML / AI, Security, QA / Testing, Technical Management, UX / Product Design"
Yerevan State University,Informatics and Applied Mathematics (Part time),Bachelor,Datadog,5,"Software Engineering, Hardware / Embedded, IT Support / Admin / ERP, DevOps / Cloud, Data / ML / AI, Security, QA / Testing, Technical Management, UX / Product Design"
Yerevan State University,Informatics and Applied Mathematics (Part time),Bachelor,Cisco,2,"Software Engineering, Hardware / Embedded, IT Support / Admin / ERP, DevOps / Cloud, Data / ML / AI, Security, QA / Testing, Technical Management, UX / Product Design"
Yerevan State University,Informatics and Applied Mathematics (Part time),Bachelor,Account Management,2,"Software Engineering, Hardware / Embedded, IT Support / Admin / ERP, DevOps / Cloud, Data / ML / AI, Security, QA / Testing, Technical Management, UX / Product Design"
Yerevan State University,Informatics and Applied Mathematics (Part time),Bachelor,Master Data Management,3,"Software Engineering, Hardware / Embedded, IT Support / Admin / ERP, DevOps / Cloud, Data / ML / AI, Security, QA / Testing, Technical Management, UX / Product Design"
Yerevan State University,Informatics and Applied Mathematics (Part time),Bachelor,3D Animation,1,"Software Engineering, Hardware / Embedded, IT Support / Admin / ERP, DevOps / Cloud, Data / ML / AI, Security, QA / Testing, Technical Management, UX / Product Design"
Yerevan State University,Informatics and Applied Mathematics (Part time),Bachelor,Angular,20,"Software Engineering, Hardware / Embedded, IT Support / Admin / ERP, DevOps / Cloud, Data / ML / AI, Security, QA / Testing, Technical Management, UX / Product Design"
Yerevan State University,Informatics and Applied Mathematics (Part time),Bachelor,ABAP Core Data Services,3,"Software Engineering, Hardware / Embedded, IT Support / Admin / ERP, DevOps / Cloud, Data / ML / AI, Security, QA / Testing, Technical Management, UX / Product Design"
Yerevan State University,Informatics and Applied Mathematics (Part time),Bachelor,Test Planning,6,"Software Engineering, Hardware / Embedded, IT Support / Admin / ERP, DevOps / Cloud, Data / ML / AI, Security, QA / Testing, Technical Management, UX / Product Design"
Yerevan State University,Informatics and Applied Mathematics (Part time),Bachelor,Web Application Testing,5,"Software Engineering, Hardware / Embedded, IT Support / Admin / ERP, DevOps / Cloud, Data / ML / AI, Security, QA / Testing, Technical Management, UX / Product Design"
Yerevan State University,Informatics and Applied Mathematics (Part time),Bachelor,Bug Bounty Programs,1,"Software Engineering, Hardware / Embedded, IT Support / Admin / ERP, DevOps / Cloud, Data / ML / AI, Security, QA / Testing, Technical Management, UX / Product Design"
Yerevan State University,Informatics and Applied Mathematics (Part time),Bachelor,Compliance,4,"Software Engineering, Hardware / Embedded, IT Support / Admin / ERP, DevOps / Cloud, Data / ML / AI, Security, QA / Testing, Technical Management, UX / Product Design"
Yerevan State University,Informatics and Applied Mathematics (Part time),Bachelor,IT Governance,1,"Software Engineering, Hardware / Embedded, IT Support / Admin / ERP, DevOps / Cloud, Data / ML / AI, Security, QA / Testing, Technical Management, UX / Product Design"
Yerevan State University,Informatics and Applied Mathematics (Part time),Bachelor,Broadcast Equipment,2,"Software Engineering, Hardware / Embedded, IT Support / Admin / ERP, DevOps / Cloud, Data / ML / AI, Security, QA / Testing, Technical Management, UX / Product Design"
Yerevan State University,Informatics and Applied Mathematics (Part time),Bachelor,Hardware Troubleshooting,6,"Software Engineering, Hardware / Embedded, IT Support / Admin / ERP, DevOps / Cloud, Data / ML / AI, Security, QA / Testing, Technical Management, UX / Product Design"
Yerevan State University,Informatics and Applied Mathematics (Part time),Bachelor,Quantitative Research Methods,1,"Software Engineering, Hardware / Embedded, IT Support / Admin / ERP, DevOps / Cloud, Data / ML / AI, Security, QA / Testing, Technical Management, UX / Product Design"
Yerevan State University,Informatics and Applied Mathematics (Part time),Bachelor,Low-Latency Systems,2,"Software Engineering, Hardware / Embedded, IT Support / Admin / ERP, DevOps / Cloud, Data / ML / AI, Security, QA / Testing, Technical Management, UX / Product Design"
Yerevan State University,Informatics and Applied Mathematics (Part time),Bachelor,"GRC (Governance, Risk & Compliance)",1,"Software Engineering, Hardware / Embedded, IT Support / Admin / ERP, DevOps / Cloud, Data / ML / AI, Security, QA / Testing, Technical Management, UX / Product Design"
Yerevan State University,Informatics and Applied Mathematics (Part time),Bachelor,AWS,73,"Software Engineering, Hardware / Embedded, IT Support / Admin / ERP, DevOps / Cloud, Data / ML / AI, Security, QA / Testing, Technical Management, UX / Product Design"
Yerevan State University,Informatics and Applied Mathematics (Part time),Bachelor,Verilog,2,"Software Engineering, Hardware / Embedded, IT Support / Admin / ERP, DevOps / Cloud, Data / ML / AI, Security, QA / Testing, Technical Management, UX / Product Design"
Yerevan State University,Informatics and Applied Mathematics (Part time),Bachelor,Retrieval-Augmented Generation,12,"Software Engineering, Hardware / Embedded, IT Support / Admin / ERP, DevOps / Cloud, Data / ML / AI, Security, QA / Testing, Technical Management, UX / Product Design"
Yerevan State University,Informatics and Applied Mathematics (Part time),Bachelor,SAP Configuration,8,"Software Engineering, Hardware / Embedded, IT Support / Admin / ERP, DevOps / Cloud, Data / ML / AI, Security, QA / Testing, Technical Management, UX / Product Design"
Yerevan State University,Informatics and Applied Mathematics (Part time),Bachelor,Information Architecture,2,"Software Engineering, Hardware / Embedded, IT Support / Admin / ERP, DevOps / Cloud, Data / ML / AI, Security, QA / Testing, Technical Management, UX / Product Design"
Yerevan State University,Informatics and Applied Mathematics (Part time),Bachelor,RTL Design,6,"Software Engineering, Hardware / Embedded, IT Support / Admin / ERP, DevOps / Cloud, Data / ML / AI, Security, QA / Testing, Technical Management, UX / Product Design"
Yerevan State University,Informatics and Applied Mathematics (Part time),Bachelor,Ansible,5,"Software Engineering, Hardware / Embedded, IT Support / Admin / ERP, DevOps / Cloud, Data / ML / AI, Security, QA / Testing, Technical Management, UX / Product Design"
Yerevan State University,Informatics and Applied Mathematics (Part time),Bachelor,Tcl,15,"Software Engineering, Hardware / Embedded, IT Support / Admin / ERP, DevOps / Cloud, Data / ML / AI, Security, QA / Testing, Technical Management, UX / Product Design"
Yerevan State University,Informatics and Applied Mathematics (Part time),Bachelor,Mobile Application Design,1,"Software Engineering, Hardware / Embedded, IT Support / Admin / ERP, DevOps / Cloud, Data / ML / AI, Security, QA / Testing, Technical Management, UX / Product Design"
Yerevan State University,Informatics and Applied Mathematics (Part time),Bachelor,Selenium,11,"Software Engineering, Hardware / Embedded, IT Support / Admin / ERP, DevOps / Cloud, Data / ML / AI, Security, QA / Testing, Technical Management, UX / Product Design"
Yerevan State University,Informatics and Applied Mathematics (Part time),Bachelor,E-Commerce,1,"Software Engineering, Hardware / Embedded, IT Support / Admin / ERP, DevOps / Cloud, Data / ML / AI, Security, QA / Testing, Technical Management, UX / Product Design"
Yerevan State University,Informatics and Applied Mathematics (Part time),Bachelor,ASIC Design,13,"Software Engineering, Hardware / Embedded, IT Support / Admin / ERP, DevOps / Cloud, Data / ML / AI, Security, QA / Testing, Technical Management, UX / Product Design"
Yerevan State University,Informatics and Applied Mathematics (Part time),Bachelor,NGFW Firewalls,1,"Software Engineering, Hardware / Embedded, IT Support / Admin / ERP, DevOps / Cloud, Data / ML / AI, Security, QA / Testing, Technical Management, UX / Product Design"
Yerevan State University,Informatics and Applied Mathematics (Part time),Bachelor,Microsoft System Center Configuration Manager,1,"Software Engineering, Hardware / Embedded, IT Support / Admin / ERP, DevOps / Cloud, Data / ML / AI, Security, QA / Testing, Technical Management, UX / Product Design"
Yerevan State University,Informatics and Applied Mathematics (Part time),Bachelor,Privilege Escalation,1,"Software Engineering, Hardware / Embedded, IT Support / Admin / ERP, DevOps / Cloud, Data / ML / AI, Security, QA / Testing, Technical Management, UX / Product Design"
Yerevan State University,Informatics and Applied Mathematics (Part time),Bachelor,User Research,8,"Software Engineering, Hardware / Embedded, IT Support / Admin / ERP, DevOps / Cloud, Data / ML / AI, Security, QA / Testing, Technical Management, UX / Product Design"
Yerevan State University,Informatics and Applied Mathematics (Part time),Bachelor,Usability Testing,4,"Software Engineering, Hardware / Embedded, IT Support / Admin / ERP, DevOps / Cloud, Data / ML / AI, Security, QA / Testing, Technical Management, UX / Product Design"
Yerevan State University,Informatics and Applied Mathematics (Part time),Bachelor,Competitor Analysis,1,"Software Engineering, Hardware / Embedded, IT Support / Admin / ERP, DevOps / Cloud, Data / ML / AI, Security, QA / Testing, Technical Management, UX / Product Design"
Yerevan State University,Informatics and Applied Mathematics (Part time),Bachelor,DevOps,16,"Software Engineering, Hardware / Embedded, IT Support / Admin / ERP, DevOps / Cloud, Data / ML / AI, Security, QA / Testing, Technical Management, UX / Product Design"
Yerevan State University,Informatics and Applied Mathematics (Part time),Bachelor,Web and Mobile Design,1,"Software Engineering, Hardware / Embedded, IT Support / Admin / ERP, DevOps / Cloud, Data / ML / AI, Security, QA / Testing, Technical Management, UX / Product Design"
Yerevan State University,Informatics and Applied Mathematics (Part time),Bachelor,Jira,19,"Software Engineering, Hardware / Embedded, IT Support / Admin / ERP, DevOps / Cloud, Data / ML / AI, Security, QA / Testing, Technical Management, UX / Product Design"
Yerevan State University,Informatics and Applied Mathematics (Part time),Bachelor,System Design,3,"Software Engineering, Hardware / Embedded, IT Support / Admin / ERP, DevOps / Cloud, Data / ML / AI, Security, QA / Testing, Technical Management, UX / Product Design"
Yerevan State University,Informatics and Applied Mathematics (Part time),Bachelor,Print Design,1,"Software Engineering, Hardware / Embedded, IT Support / Admin / ERP, DevOps / Cloud, Data / ML / AI, Security, QA / Testing, Technical Management, UX / Product Design"
Yerevan State University,Informatics and Applied Mathematics (Part time),Bachelor,TypeScript,78,"Software Engineering, Hardware / Embedded, IT Support / Admin / ERP, DevOps / Cloud, Data / ML / AI, Security, QA / Testing, Technical Management, UX / Product Design"
Yerevan State University,Informatics and Applied Mathematics (Part time),Bachelor,VLSI,2,"Software Engineering, Hardware / Embedded, IT Support / Admin / ERP, DevOps / Cloud, Data / ML / AI, Security, QA / Testing, Technical Management, UX / Product Design"
Yerevan State University,Informatics and Applied Mathematics (Part time),Bachelor,SoC Design,2,"Software Engineering, Hardware / Embedded, IT Support / Admin / ERP, DevOps / Cloud, Data / ML / AI, Security, QA / Testing, Technical Management, UX / Product Design"
Yerevan State University,Informatics and Applied Mathematics (Part time),Bachelor,Functional Testing,7,"Software Engineering, Hardware / Embedded, IT Support / Admin / ERP, DevOps / Cloud, Data / ML / AI, Security, QA / Testing, Technical Management, UX / Product Design"
Yerevan State University,Informatics and Applied Mathematics (Part time),Bachelor,ETL,16,"Software Engineering, Hardware / Embedded, IT Support / Admin / ERP, DevOps / Cloud, Data / ML / AI, Security, QA / Testing, Technical Management, UX / Product Design"
Yerevan State University,Informatics and Applied Mathematics (Part time),Bachelor,SAP Sales and Distribution,3,"Software Engineering, Hardware / Embedded, IT Support / Admin / ERP, DevOps / Cloud, Data / ML / AI, Security, QA / Testing, Technical Management, UX / Product Design"
Yerevan State University,Informatics and Applied Mathematics (Part time),Bachelor,Perl,7,"Software Engineering, Hardware / Embedded, IT Support / Admin / ERP, DevOps / Cloud, Data / ML / AI, Security, QA / Testing, Technical Management, UX / Product Design"
Yerevan State University,Informatics and Applied Mathematics (Part time),Bachelor,macOS,5,"Software Engineering, Hardware / Embedded, IT Support / Admin / ERP, DevOps / Cloud, Data / ML / AI, Security, QA / Testing, Technical Management, UX / Product Design"
Yerevan State University,Informatics and Applied Mathematics (Part time),Bachelor,Conversion Rate Optimization,2,"Software Engineering, Hardware / Embedded, IT Support / Admin / ERP, DevOps / Cloud, Data / ML / AI, Security, QA / Testing, Technical Management, UX / Product Design"
Yerevan State University,Informatics and Applied Mathematics (Part time),Bachelor,Quality Assurance,7,"Software Engineering, Hardware / Embedded, IT Support / Admin / ERP, DevOps / Cloud, Data / ML / AI, Security, QA / Testing, Technical Management, UX / Product Design"
Yerevan State University,Informatics and Applied Mathematics (Part time),Bachelor,Data Center Infrastructure Management (DCIM),5,"Software Engineering, Hardware / Embedded, IT Support / Admin / ERP, DevOps / Cloud, Data / ML / AI, Security, QA / Testing, Technical Management, UX / Product Design"
Yerevan State University,Informatics and Applied Mathematics (Part time),Bachelor,UX Motion Design,1,"Software Engineering, Hardware / Embedded, IT Support / Admin / ERP, DevOps / Cloud, Data / ML / AI, Security, QA / Testing, Technical Management, UX / Product Design"
Yerevan State University,Informatics and Applied Mathematics (Part time),Bachelor,Digital Forensics,1,"Software Engineering, Hardware / Embedded, IT Support / Admin / ERP, DevOps / Cloud, Data / ML / AI, Security, QA / Testing, Technical Management, UX / Product Design"
Yerevan State University,Informatics and Applied Mathematics (Part time),Bachelor,VLANs,2,"Software Engineering, Hardware / Embedded, IT Support / Admin / ERP, DevOps / Cloud, Data / ML / AI, Security, QA / Testing, Technical Management, UX / Product Design"
Yerevan State University,Informatics and Applied Mathematics (Part time),Bachelor,Business Intelligence,9,"Software Engineering, Hardware / Embedded, IT Support / Admin / ERP, DevOps / Cloud, Data / ML / AI, Security, QA / Testing, Technical Management, UX / Product Design"
Yerevan State University,Informatics and Applied Mathematics (Part time),Bachelor,PHP,24,"Software Engineering, Hardware / Embedded, IT Support / Admin / ERP, DevOps / Cloud, Data / ML / AI, Security, QA / Testing, Technical Management, UX / Product Design"
Yerevan State University,Informatics and Applied Mathematics (Part time),Bachelor,Prototyping,13,"Software Engineering, Hardware / Embedded, IT Support / Admin / ERP, DevOps / Cloud, Data / ML / AI, Security, QA / Testing, Technical Management, UX / Product Design"
Yerevan State University,Informatics and Applied Mathematics (Part time),Bachelor,Apache Airflow,10,"Software Engineering, Hardware / Embedded, IT Support / Admin / ERP, DevOps / Cloud, Data / ML / AI, Security, QA / Testing, Technical Management, UX / Product Design"
Yerevan State University,Informatics and Applied Mathematics (Part time),Bachelor,Compliance Frameworks,1,"Software Engineering, Hardware / Embedded, IT Support / Admin / ERP, DevOps / Cloud, Data / ML / AI, Security, QA / Testing, Technical Management, UX / Product Design"
Yerevan State University,Informatics and Applied Mathematics (Part time),Bachelor,Telecommunications,2,"Software Engineering, Hardware / Embedded, IT Support / Admin / ERP, DevOps / Cloud, Data / ML / AI, Security, QA / Testing, Technical Management, UX / Product Design"
Yerevan State University,Informatics and Applied Mathematics (Part time),Bachelor,Vulnerability Assessment,3,"Software Engineering, Hardware / Embedded, IT Support / Admin / ERP, DevOps / Cloud, Data / ML / AI, Security, QA / Testing, Technical Management, UX / Product Design"
Yerevan State University,Informatics and Applied Mathematics (Part time),Bachelor,EM/IR Analysis,4,"Software Engineering, Hardware / Embedded, IT Support / Admin / ERP, DevOps / Cloud, Data / ML / AI, Security, QA / Testing, Technical Management, UX / Product Design"
Yerevan State University,Informatics and Applied Mathematics (Part time),Bachelor,Mobile Security,1,"Software Engineering, Hardware / Embedded, IT Support / Admin / ERP, DevOps / Cloud, Data / ML / AI, Security, QA / Testing, Technical Management, UX / Product Design"
Yerevan State University,Informatics and Applied Mathematics (Part time),Bachelor,Cadence Virtuoso,3,"Software Engineering, Hardware / Embedded, IT Support / Admin / ERP, DevOps / Cloud, Data / ML / AI, Security, QA / Testing, Technical Management, UX / Product Design"
Yerevan State University,Informatics and Applied Mathematics (Part time),Bachelor,PostgreSQL,52,"Software Engineering, Hardware / Embedded, IT Support / Admin / ERP, DevOps / Cloud, Data / ML / AI, Security, QA / Testing, Technical Management, UX / Product Design"
Yerevan State University,Informatics and Applied Mathematics (Part time),Bachelor,Signal Integrity,3,"Software Engineering, Hardware / Embedded, IT Support / Admin / ERP, DevOps / Cloud, Data / ML / AI, Security, QA / Testing, Technical Management, UX / Product Design"
Yerevan State University,Informatics and Applied Mathematics (Part time),Bachelor,Natural Language Processing,11,"Software Engineering, Hardware / Embedded, IT Support / Admin / ERP, DevOps / Cloud, Data / ML / AI, Security, QA / Testing, Technical Management, UX / Product Design"
Yerevan State University,Informatics and Applied Mathematics (Part time),Bachelor,UI Testing,4,"Software Engineering, Hardware / Embedded, IT Support / Admin / ERP, DevOps / Cloud, Data / ML / AI, Security, QA / Testing, Technical Management, UX / Product Design"
Yerevan State University,Informatics and Applied Mathematics (Part time),Bachelor,Database Support,3,"Software Engineering, Hardware / Embedded, IT Support / Admin / ERP, DevOps / Cloud, Data / ML / AI, Security, QA / Testing, Technical Management, UX / Product Design"
Yerevan State University,Informatics and Applied Mathematics (Part time),Bachelor,Access Control,4,"Software Engineering, Hardware / Embedded, IT Support / Admin / ERP, DevOps / Cloud, Data / ML / AI, Security, QA / Testing, Technical Management, UX / Product Design"
Yerevan State University,Informatics and Applied Mathematics (Part time),Bachelor,Cypress,6,"Software Engineering, Hardware / Embedded, IT Support / Admin / ERP, DevOps / Cloud, Data / ML / AI, Security, QA / Testing, Technical Management, UX / Product Design"
Yerevan State University,Informatics and Applied Mathematics (Part time),Bachelor,MLOps,13,"Software Engineering, Hardware / Embedded, IT Support / Admin / ERP, DevOps / Cloud, Data / ML / AI, Security, QA / Testing, Technical Management, UX / Product Design"
Yerevan State University,Informatics and Applied Mathematics (Part time),Bachelor,Okta API Access Management,1,"Software Engineering, Hardware / Embedded, IT Support / Admin / ERP, DevOps / Cloud, Data / ML / AI, Security, QA / Testing, Technical Management, UX / Product Design"
Yerevan State University,Informatics and Applied Mathematics (Part time),Bachelor,Go,27,"Software Engineering, Hardware / Embedded, IT Support / Admin / ERP, DevOps / Cloud, Data / ML / AI, Security, QA / Testing, Technical Management, UX / Product Design"
Yerevan State University,Informatics and Applied Mathematics (Part time),Bachelor,Secure Architecture Design,1,"Software Engineering, Hardware / Embedded, IT Support / Admin / ERP, DevOps / Cloud, Data / ML / AI, Security, QA / Testing, Technical Management, UX / Product Design"
Yerevan State University,Informatics and Applied Mathematics (Part time),Bachelor,Social Media Design,1,"Software Engineering, Hardware / Embedded, IT Support / Admin / ERP, DevOps / Cloud, Data / ML / AI, Security, QA / Testing, Technical Management, UX / Product Design"
Yerevan State University,Informatics and Applied Mathematics (Part time),Bachelor,Observability,5,"Software Engineering, Hardware / Embedded, IT Support / Admin / ERP, DevOps / Cloud, Data / ML / AI, Security, QA / Testing, Technical Management, UX / Product Design"
Yerevan State University,Informatics and Applied Mathematics (Part time),Bachelor,Azure Virtual Desktop,1,"Software Engineering, Hardware / Embedded, IT Support / Admin / ERP, DevOps / Cloud, Data / ML / AI, Security, QA / Testing, Technical Management, UX / Product Design"
Yerevan State University,Informatics and Applied Mathematics (Part time),Bachelor,Redis,19,"Software Engineering, Hardware / Embedded, IT Support / Admin / ERP, DevOps / Cloud, Data / ML / AI, Security, QA / Testing, Technical Management, UX / Product Design"
Yerevan State University,Informatics and Applied Mathematics (Part time),Bachelor,PrimeTime,4,"Software Engineering, Hardware / Embedded, IT Support / Admin / ERP, DevOps / Cloud, Data / ML / AI, Security, QA / Testing, Technical Management, UX / Product Design"
Yerevan State University,Informatics and Applied Mathematics (Part time),Bachelor,Software Testing,8,"Software Engineering, Hardware / Embedded, IT Support / Admin / ERP, DevOps / Cloud, Data / ML / AI, Security, QA / Testing, Technical Management, UX / Product Design"
Yerevan State University,Informatics and Applied Mathematics (Part time),Bachelor,Video Camera Operation,2,"Software Engineering, Hardware / Embedded, IT Support / Admin / ERP, DevOps / Cloud, Data / ML / AI, Security, QA / Testing, Technical Management, UX / Product Design"
Yerevan State University,Informatics and Applied Mathematics (Part time),Bachelor,FastAPI,9,"Software Engineering, Hardware / Embedded, IT Support / Admin / ERP, DevOps / Cloud, Data / ML / AI, Security, QA / Testing, Technical Management, UX / Product Design"
Yerevan State University,Informatics and Applied Mathematics (Part time),Bachelor,Zabbix,5,"Software Engineering, Hardware / Embedded, IT Support / Admin / ERP, DevOps / Cloud, Data / ML / AI, Security, QA / Testing, Technical Management, UX / Product Design"
Yerevan State University,Informatics and Applied Mathematics (Part time),Bachelor,Postman,14,"Software Engineering, Hardware / Embedded, IT Support / Admin / ERP, DevOps / Cloud, Data / ML / AI, Security, QA / Testing, Technical Management, UX / Product Design"
Yerevan State University,Informatics and Applied Mathematics (Part time),Bachelor,Audio-Visual (AV) Infrastructure,2,"Software Engineering, Hardware / Embedded, IT Support / Admin / ERP, DevOps / Cloud, Data / ML / AI, Security, QA / Testing, Technical Management, UX / Product Design"
Yerevan State University,Informatics and Applied Mathematics (Part time),Bachelor,UI Design,12,"Software Engineering, Hardware / Embedded, IT Support / Admin / ERP, DevOps / Cloud, Data / ML / AI, Security, QA / Testing, Technical Management, UX / Product Design"
Yerevan State University,Informatics and Applied Mathematics (Part time),Bachelor,Static Application Security Testing,1,"Software Engineering, Hardware / Embedded, IT Support / Admin / ERP, DevOps / Cloud, Data / ML / AI, Security, QA / Testing, Technical Management, UX / Product Design"
Yerevan State University,Informatics and Applied Mathematics (Part time),Bachelor,Test Pattern Generation,3,"Software Engineering, Hardware / Embedded, IT Support / Admin / ERP, DevOps / Cloud, Data / ML / AI, Security, QA / Testing, Technical Management, UX / Product Design"
Yerevan State University,Informatics and Applied Mathematics (Part time),Bachelor,Product Analytics,7,"Software Engineering, Hardware / Embedded, IT Support / Admin / ERP, DevOps / Cloud, Data / ML / AI, Security, QA / Testing, Technical Management, UX / Product Design"
Yerevan State University,Informatics and Applied Mathematics (Part time),Bachelor,Cable Installation,3,"Software Engineering, Hardware / Embedded, IT Support / Admin / ERP, DevOps / Cloud, Data / ML / AI, Security, QA / Testing, Technical Management, UX / Product Design"
Yerevan State University,Informatics and Applied Mathematics (Part time),Bachelor,Place and Route,3,"Software Engineering, Hardware / Embedded, IT Support / Admin / ERP, DevOps / Cloud, Data / ML / AI, Security, QA / Testing, Technical Management, UX / Product Design"
Yerevan State University,Informatics and Applied Mathematics (Part time),Bachelor,System Testing,2,"Software Engineering, Hardware / Embedded, IT Support / Admin / ERP, DevOps / Cloud, Data / ML / AI, Security, QA / Testing, Technical Management, UX / Product Design"
Yerevan State University,Informatics and Applied Mathematics (Part time),Bachelor,CI/CD Pipelines,5,"Software Engineering, Hardware / Embedded, IT Support / Admin / ERP, DevOps / Cloud, Data / ML / AI, Security, QA / Testing, Technical Management, UX / Product Design"
Yerevan State University,Informatics and Applied Mathematics (Part time),Bachelor,SAP HANA,6,"Software Engineering, Hardware / Embedded, IT Support / Admin / ERP, DevOps / Cloud, Data / ML / AI, Security, QA / Testing, Technical Management, UX / Product Design"
Yerevan State University,Informatics and Applied Mathematics (Part time),Bachelor,Product Discovery,1,"Software Engineering, Hardware / Embedded, IT Support / Admin / ERP, DevOps / Cloud, Data / ML / AI, Security, QA / Testing, Technical Management, UX / Product Design"
Yerevan State University,Informatics and Applied Mathematics (Part time),Bachelor,TensorFlow,6,"Software Engineering, Hardware / Embedded, IT Support / Admin / ERP, DevOps / Cloud, Data / ML / AI, Security, QA / Testing, Technical Management, UX / Product Design"
Yerevan State University,Informatics and Applied Mathematics (Part time),Bachelor,Kotlin,14,"Software Engineering, Hardware / Embedded, IT Support / Admin / ERP, DevOps / Cloud, Data / ML / AI, Security, QA / Testing, Technical Management, UX / Product Design"
Yerevan State University,Informatics and Applied Mathematics (Part time),Bachelor,Regression Testing,11,"Software Engineering, Hardware / Embedded, IT Support / Admin / ERP, DevOps / Cloud, Data / ML / AI, Security, QA / Testing, Technical Management, UX / Product Design"
Yerevan State University,Informatics and Applied Mathematics (Part time),Bachelor,Data Engineering,9,"Software Engineering, Hardware / Embedded, IT Support / Admin / ERP, DevOps / Cloud, Data / ML / AI, Security, QA / Testing, Technical Management, UX / Product Design"
Yerevan State University,Informatics and Applied Mathematics (Part time),Bachelor,Landing Page Development,2,"Software Engineering, Hardware / Embedded, IT Support / Admin / ERP, DevOps / Cloud, Data / ML / AI, Security, QA / Testing, Technical Management, UX / Product Design"
Yerevan State University,Informatics and Applied Mathematics (Part time),Bachelor,Vulnerability Management,1,"Software Engineering, Hardware / Embedded, IT Support / Admin / ERP, DevOps / Cloud, Data / ML / AI, Security, QA / Testing, Technical Management, UX / Product Design"
Yerevan State University,Informatics and Applied Mathematics (Part time),Bachelor,Digital Design,3,"Software Engineering, Hardware / Embedded, IT Support / Admin / ERP, DevOps / Cloud, Data / ML / AI, Security, QA / Testing, Technical Management, UX / Product Design"
Yerevan State University,Informatics and Applied Mathematics (Part time),Bachelor,Gate-Level Netlist Synthesis,2,"Software Engineering, Hardware / Embedded, IT Support / Admin / ERP, DevOps / Cloud, Data / ML / AI, Security, QA / Testing, Technical Management, UX / Product Design"
Yerevan State University,Informatics and Applied Mathematics (Part time),Bachelor,Confluence,6,"Software Engineering, Hardware / Embedded, IT Support / Admin / ERP, DevOps / Cloud, Data / ML / AI, Security, QA / Testing, Technical Management, UX / Product Design"
Yerevan State University,Informatics and Applied Mathematics (Part time),Bachelor,Midjourney,1,"Software Engineering, Hardware / Embedded, IT Support / Admin / ERP, DevOps / Cloud, Data / ML / AI, Security, QA / Testing, Technical Management, UX / Product Design"
Yerevan State University,Informatics and Applied Mathematics (Part time),Bachelor,Software Bill of Materials,1,"Software Engineering, Hardware / Embedded, IT Support / Admin / ERP, DevOps / Cloud, Data / ML / AI, Security, QA / Testing, Technical Management, UX / Product Design"
Yerevan State University,Informatics and Applied Mathematics (Part time),Bachelor,Infrastructure as Code,10,"Software Engineering, Hardware / Embedded, IT Support / Admin / ERP, DevOps / Cloud, Data / ML / AI, Security, QA / Testing, Technical Management, UX / Product Design"
Yerevan State University,Informatics and Applied Mathematics (Part time),Bachelor,SAP Controlling,3,"Software Engineering, Hardware / Embedded, IT Support / Admin / ERP, DevOps / Cloud, Data / ML / AI, Security, QA / Testing, Technical Management, UX / Product Design"
Yerevan State University,Informatics and Applied Mathematics (Part time),Bachelor,Java,43,"Software Engineering, Hardware / Embedded, IT Support / Admin / ERP, DevOps / Cloud, Data / ML / AI, Security, QA / Testing, Technical Management, UX / Product Design"
Yerevan State University,Informatics and Applied Mathematics (Part time),Bachelor,Git,52,"Software Engineering, Hardware / Embedded, IT Support / Admin / ERP, DevOps / Cloud, Data / ML / AI, Security, QA / Testing, Technical Management, UX / Product Design"
Yerevan State University,Informatics and Applied Mathematics (Part time),Bachelor,GitHub Actions,11,"Software Engineering, Hardware / Embedded, IT Support / Admin / ERP, DevOps / Cloud, Data / ML / AI, Security, QA / Testing, Technical Management, UX / Product Design"
Yerevan State University,Informatics and Applied Mathematics (Part time),Bachelor,Kali Linux,1,"Software Engineering, Hardware / Embedded, IT Support / Admin / ERP, DevOps / Cloud, Data / ML / AI, Security, QA / Testing, Technical Management, UX / Product Design"
Yerevan State University,Informatics and Applied Mathematics (Part time),Bachelor,Static Timing Analysis,13,"Software Engineering, Hardware / Embedded, IT Support / Admin / ERP, DevOps / Cloud, Data / ML / AI, Security, QA / Testing, Technical Management, UX / Product Design"
Yerevan State University,Information Security,Bachelor,Microservices,2,Security
Yerevan State University,Information Security,Bachelor,F5,1,Security
Yerevan State University,Information Security,Bachelor,Terraform,3,Security
Yerevan State University,Information Security,Bachelor,Software Composition Analysis,1,Security
Yerevan State University,Information Security,Bachelor,Metasploit,1,Security
Yerevan State University,Information Security,Bachelor,Circuit Breakers,1,Security
Yerevan State University,Information Security,Bachelor,Single Sign-On,2,Security
Yerevan State University,Information Security,Bachelor,Endpoint Detection and Response/Extended Detection and Response,1,Security
Yerevan State University,Information Security,Bachelor,Digital Forensics,1,Security
Yerevan State University,Information Security,Bachelor,VLANs,1,Security
Yerevan State University,Information Security,Bachelor,CI/CD,3,Security
Yerevan State University,Information Security,Bachelor,Compliance Frameworks,1,Security
Yerevan State University,Information Security,Bachelor,Fortinet,1,Security
Yerevan State University,Information Security,Bachelor,ELK Stack,1,Security
Yerevan State University,Information Security,Bachelor,Incident Response,4,Security
Yerevan State University,Information Security,Bachelor,Palo Alto Networks,1,Security
Yerevan State University,Information Security,Bachelor,ISO 27001,1,Security
Yerevan State University,Information Security,Bachelor,Mobile Security,1,Security
Yerevan State University,Information Security,Bachelor,REST APIs,1,Security
Yerevan State University,Information Security,Bachelor,Secure Sdlc Practices,1,Security
Yerevan State University,Information Security,Bachelor,Model Context Protocol,1,Security
Yerevan State University,Information Security,Bachelor,Agile,1,Security
Yerevan State University,Information Security,Bachelor,GitHub Advanced Security,1,Security
Yerevan State University,Information Security,Bachelor,TCP/IP,2,Security
Yerevan State University,Information Security,Bachelor,Splunk,1,Security
Yerevan State University,Information Security,Bachelor,Windows 10/11,1,Security
Yerevan State University,Information Security,Bachelor,API Access Management,1,Security
Yerevan State University,Information Security,Bachelor,IT Auditing,1,Security
Yerevan State University,Information Security,Bachelor,Group Policy,1,Security
Yerevan State University,Information Security,Bachelor,Cloud Security,2,Security
Yerevan State University,Information Security,Bachelor,Penetration Testing,3,Security
Yerevan State University,Information Security,Bachelor,Distributed Systems,1,Security
Yerevan State University,Information Security,Bachelor,Linux,1,Security
Yerevan State University,Information Security,Bachelor,Burp Suite,1,Security
Yerevan State University,Information Security,Bachelor,Windows Autopilot,1,Security
Yerevan State University,Information Security,Bachelor,Okta,2,Security
Yerevan State University,Information Security,Bachelor,Design for Testability (DFT),1,Security
Yerevan State University,Information Security,Bachelor,Okta API Access Management,1,Security
Yerevan State University,Information Security,Bachelor,Secure Architecture Design,1,Security
Yerevan State University,Information Security,Bachelor,GitLab,2,Security
Yerevan State University,Information Security,Bachelor,Azure Virtual Desktop,1,Security
Yerevan State University,Information Security,Bachelor,Multi-Factor Authentication,2,Security
Yerevan State University,Information Security,Bachelor,Cisco,1,Security
Yerevan State University,Information Security,Bachelor,Google Workspace,2,Security
Yerevan State University,Information Security,Bachelor,Account Management,2,Security
Yerevan State University,Information Security,Bachelor,Security Auditing,2,Security
Yerevan State University,Information Security,Bachelor,Static Application Security Testing,1,Security
Yerevan State University,Information Security,Bachelor,Okta Universal Directory,2,Security
Yerevan State University,Information Security,Bachelor,DevSecOps,1,Security
Yerevan State University,Information Security,Bachelor,Bug Bounty Programs,1,Security
Yerevan State University,Information Security,Bachelor,Compliance,3,Security
Yerevan State University,Information Security,Bachelor,IT Governance,1,Security
Yerevan State University,Information Security,Bachelor,Physical Design,1,Security
Yerevan State University,Information Security,Bachelor,Risk Management,1,Security
Yerevan State University,Information Security,Bachelor,CI/CD Pipelines,1,Security
Yerevan State University,Information Security,Bachelor,Low-Latency Systems,1,Security
Yerevan State University,Information Security,Bachelor,Static Application Security Testing (SAST),1,Security
Yerevan State University,Information Security,Bachelor,"GRC (Governance, Risk & Compliance)",1,Security
Yerevan State University,Information Security,Bachelor,AWS,2,Security
Yerevan State University,Information Security,Bachelor,Okta Lifecycle Management,2,Security
Yerevan State University,Information Security,Bachelor,PowerShell,1,Security
Yerevan State University,Information Security,Bachelor,RTL Design,1,Security
Yerevan State University,Information Security,Bachelor,Tcl,1,Security
Yerevan State University,Information Security,Bachelor,Data Engineering,1,Security
Yerevan State University,Information Security,Bachelor,Vulnerability Management,1,Security
Yerevan State University,Information Security,Bachelor,Active Directory,2,Security
Yerevan State University,Information Security,Bachelor,ASIC Design,1,Security
Yerevan State University,Information Security,Bachelor,Real-Time Data Processing,1,Security
Yerevan State University,Information Security,Bachelor,Microsoft System Center Configuration Manager,1,Security
Yerevan State University,Information Security,Bachelor,Privilege Escalation,1,Security
Yerevan State University,Information Security,Bachelor,Software Bill of Materials,1,Security
Yerevan State University,Information Security,Bachelor,Security Information and Event Management (SIEM),2,Security
Yerevan State University,Information Security,Bachelor,Git,1,Security
Yerevan State University,Information Security,Bachelor,Microsoft Intune,1,Security
Yerevan State University,Information Security,Bachelor,Kali Linux,1,Security
Yerevan State University,Information Security,Bachelor,System Design,1,Security
Yerevan State University,Information Security,Bachelor,TypeScript,2,Security
Yerevan State University,Information Security,Bachelor,VLSI,1,Security
Yerevan State University,Information Security,Bachelor,SoC Design,1,Security
Yerevan State University,Information Systems Development,Master,CSS,21,"IT Support / Admin / ERP, Software Engineering"
Yerevan State University,Information Systems Development,Master,Kubernetes,16,"IT Support / Admin / ERP, Software Engineering"
Yerevan State University,Information Systems Development,Master,SAP Sales and Distribution,3,"IT Support / Admin / ERP, Software Engineering"
Yerevan State University,Information Systems Development,Master,Apache Kafka,17,"IT Support / Admin / ERP, Software Engineering"
Yerevan State University,Information Systems Development,Master,macOS,4,"IT Support / Admin / ERP, Software Engineering"
Yerevan State University,Information Systems Development,Master,Hardware Troubleshooting,5,"IT Support / Admin / ERP, Software Engineering"
Yerevan State University,Information Systems Development,Master,ASP.NET Core,18,"IT Support / Admin / ERP, Software Engineering"
Yerevan State University,Information Systems Development,Master,CI/CD,27,"IT Support / Admin / ERP, Software Engineering"
Yerevan State University,Information Systems Development,Master,Node.js,47,"IT Support / Admin / ERP, Software Engineering"
Yerevan State University,Information Systems Development,Master,React,55,"IT Support / Admin / ERP, Software Engineering"
Yerevan State University,Information Systems Development,Master,Technical Support,3,"IT Support / Admin / ERP, Software Engineering"
Yerevan State University,Information Systems Development,Master,SAP HANA Calculation Views,3,"IT Support / Admin / ERP, Software Engineering"
Yerevan State University,Information Systems Development,Master,SAP HANA,6,"IT Support / Admin / ERP, Software Engineering"
Yerevan State University,Information Systems Development,Master,SAP Financial Accounting,3,"IT Support / Admin / ERP, Software Engineering"
Yerevan State University,Information Systems Development,Master,SAP Configuration,8,"IT Support / Admin / ERP, Software Engineering"
Yerevan State University,Information Systems Development,Master,Angular,18,"IT Support / Admin / ERP, Software Engineering"
Yerevan State University,Information Systems Development,Master,SAP Logistics,6,"IT Support / Admin / ERP, Software Engineering"
Yerevan State University,Information Systems Development,Master,Help Desk Software,3,"IT Support / Admin / ERP, Software Engineering"
Yerevan State University,Information Systems Development,Master,PostgreSQL,35,"IT Support / Admin / ERP, Software Engineering"
Yerevan State University,Information Systems Development,Master,Docker,29,"IT Support / Admin / ERP, Software Engineering"
Yerevan State University,Information Systems Development,Master,Backend Development,21,"IT Support / Admin / ERP, Software Engineering"
Yerevan State University,Information Systems Development,Master,Next.js,14,"IT Support / Admin / ERP, Software Engineering"
Yerevan State University,Information Systems Development,Master,ABAP,7,"IT Support / Admin / ERP, Software Engineering"
Yerevan State University,Information Systems Development,Master,SAP Materials Management,4,"IT Support / Admin / ERP, Software Engineering"
Yerevan State University,Information Systems Development,Master,Windows OS,9,"IT Support / Admin / ERP, Software Engineering"
Yerevan State University,Information Systems Development,Master,Active Directory,3,"IT Support / Admin / ERP, Software Engineering"
Yerevan State University,Information Systems Development,Master,SAP FICO,6,"IT Support / Admin / ERP, Software Engineering"
Yerevan State University,Information Systems Development,Master,C++,18,"IT Support / Admin / ERP, Software Engineering"
Yerevan State University,Information Systems Development,Master,SAP Controlling,3,"IT Support / Admin / ERP, Software Engineering"
Yerevan State University,Information Systems Development,Master,SAP S/4HANA,14,"IT Support / Admin / ERP, Software Engineering"
Yerevan State University,Information Systems Development,Master,Project Based Learning,4,"IT Support / Admin / ERP, Software Engineering"
Yerevan State University,Information Systems Development,Master,Go,21,"IT Support / Admin / ERP, Software Engineering"
Yerevan State University,Information Systems Development,Master,Git,37,"IT Support / Admin / ERP, Software Engineering"
Yerevan State University,Information Systems Development,Master,SAP Retail,3,"IT Support / Admin / ERP, Software Engineering"
Yerevan State University,Information Systems Development,Master,LDAP,3,"IT Support / Admin / ERP, Software Engineering"
Yerevan State University,Information Systems Development,Master,Jira,6,"IT Support / Admin / ERP, Software Engineering"
Yerevan State University,Information Systems Development,Master,API Integration,6,"IT Support / Admin / ERP, Software Engineering"
Yerevan State University,Information Systems Development,Master,TypeScript,58,"IT Support / Admin / ERP, Software Engineering"
Yerevan State University,Information Systems Development,Master,Network Troubleshooting,3,"IT Support / Admin / ERP, Software Engineering"
Yerevan State University,Information Systems Development,Master,IT Infrastructure,3,"IT Support / Admin / ERP, Software Engineering"
Yerevan State University,Information Systems Development,Master,Google Workspace,4,"IT Support / Admin / ERP, Software Engineering"
Yerevan State University,Information Systems Development,Master,Redis,14,"IT Support / Admin / ERP, Software Engineering"
Yerevan State University,Information Systems Development,Master,Microsoft Office,4,"IT Support / Admin / ERP, Software Engineering"
Yerevan State University,Information Systems Development,Master,Master Data Management,3,"IT Support / Admin / ERP, Software Engineering"
Yerevan State University,Information Systems Development,Master,Software Troubleshooting,3,"IT Support / Admin / ERP, Software Engineering"
Yerevan State University,Information Systems Development,Master,Curriculum Development,3,"IT Support / Admin / ERP, Software Engineering"
Yerevan State University,Information Systems Development,Master,ABAP Core Data Services,3,"IT Support / Admin / ERP, Software Engineering"
Yerevan State University,Information Systems Development,Master,Incident Management,4,"IT Support / Admin / ERP, Software Engineering"
Yerevan State University,Information Systems Management,Master,Microsoft Azure,4,"IT Support / Admin / ERP, Technical Management"
Yerevan State University,Information Systems Management,Master,Kubernetes,5,"IT Support / Admin / ERP, Technical Management"
Yerevan State University,Information Systems Management,Master,Postman,4,"IT Support / Admin / ERP, Technical Management"
Yerevan State University,Information Systems Management,Master,SAP Sales and Distribution,3,"IT Support / Admin / ERP, Technical Management"
Yerevan State University,Information Systems Management,Master,macOS,3,"IT Support / Admin / ERP, Technical Management"
Yerevan State University,Information Systems Management,Master,Quality Assurance,4,"IT Support / Admin / ERP, Technical Management"
Yerevan State University,Information Systems Management,Master,Hardware Troubleshooting,5,"IT Support / Admin / ERP, Technical Management"
Yerevan State University,Information Systems Management,Master,Scrum,6,"IT Support / Admin / ERP, Technical Management"
Yerevan State University,Information Systems Management,Master,Node.js,4,"IT Support / Admin / ERP, Technical Management"
Yerevan State University,Information Systems Management,Master,React,4,"IT Support / Admin / ERP, Technical Management"
Yerevan State University,Information Systems Management,Master,MongoDB,4,"IT Support / Admin / ERP, Technical Management"
Yerevan State University,Information Systems Management,Master,Technical Support,3,"IT Support / Admin / ERP, Technical Management"
Yerevan State University,Information Systems Management,Master,SAP HANA Calculation Views,3,"IT Support / Admin / ERP, Technical Management"
Yerevan State University,Information Systems Management,Master,Prompt Engineering,4,"IT Support / Admin / ERP, Technical Management"
Yerevan State University,Information Systems Management,Master,SAP HANA,3,"IT Support / Admin / ERP, Technical Management"
Yerevan State University,Information Systems Management,Master,.NET,4,"IT Support / Admin / ERP, Technical Management"
Yerevan State University,Information Systems Management,Master,Project Management Professional (PMP),3,"IT Support / Admin / ERP, Technical Management"
Yerevan State University,Information Systems Management,Master,SAP Financial Accounting,3,"IT Support / Admin / ERP, Technical Management"
Yerevan State University,Information Systems Management,Master,SAP Configuration,8,"IT Support / Admin / ERP, Technical Management"
Yerevan State University,Information Systems Management,Master,SAP Logistics,6,"IT Support / Admin / ERP, Technical Management"
Yerevan State University,Information Systems Management,Master,Help Desk Software,3,"IT Support / Admin / ERP, Technical Management"
Yerevan State University,Information Systems Management,Master,Agile,10,"IT Support / Admin / ERP, Technical Management"
Yerevan State University,Information Systems Management,Master,Data Engineering,3,"IT Support / Admin / ERP, Technical Management"
Yerevan State University,Information Systems Management,Master,ABAP,4,"IT Support / Admin / ERP, Technical Management"
Yerevan State University,Information Systems Management,Master,SAP Materials Management,4,"IT Support / Admin / ERP, Technical Management"
Yerevan State University,Information Systems Management,Master,Windows OS,6,"IT Support / Admin / ERP, Technical Management"
Yerevan State University,Information Systems Management,Master,Active Directory,3,"IT Support / Admin / ERP, Technical Management"
Yerevan State University,Information Systems Management,Master,SAP FICO,6,"IT Support / Admin / ERP, Technical Management"
Yerevan State University,Information Systems Management,Master,Confluence,5,"IT Support / Admin / ERP, Technical Management"
Yerevan State University,Information Systems Management,Master,SAP Controlling,3,"IT Support / Admin / ERP, Technical Management"
Yerevan State University,Information Systems Management,Master,SAP S/4HANA,11,"IT Support / Admin / ERP, Technical Management"
Yerevan State University,Information Systems Management,Master,Project Based Learning,3,"IT Support / Admin / ERP, Technical Management"
Yerevan State University,Information Systems Management,Master,Go,3,"IT Support / Admin / ERP, Technical Management"
Yerevan State University,Information Systems Management,Master,Microsoft Project,3,"IT Support / Admin / ERP, Technical Management"
Yerevan State University,Information Systems Management,Master,SAP Retail,3,"IT Support / Admin / ERP, Technical Management"
Yerevan State University,Information Systems Management,Master,LDAP,3,"IT Support / Admin / ERP, Technical Management"
Yerevan State University,Information Systems Management,Master,Jira,8,"IT Support / Admin / ERP, Technical Management"
Yerevan State University,Information Systems Management,Master,API Integration,5,"IT Support / Admin / ERP, Technical Management"
Yerevan State University,Information Systems Management,Master,TypeScript,4,"IT Support / Admin / ERP, Technical Management"
Yerevan State University,Information Systems Management,Master,Network Troubleshooting,4,"IT Support / Admin / ERP, Technical Management"
Yerevan State University,Information Systems Management,Master,Google Workspace,3,"IT Support / Admin / ERP, Technical Management"
Yerevan State University,Information Systems Management,Master,Redis,4,"IT Support / Admin / ERP, Technical Management"
Yerevan State University,Information Systems Management,Master,Microsoft Office,4,"IT Support / Admin / ERP, Technical Management"
Yerevan State University,Information Systems Management,Master,Master Data Management,3,"IT Support / Admin / ERP, Technical Management"
Yerevan State University,Information Systems Management,Master,Software Troubleshooting,3,"IT Support / Admin / ERP, Technical Management"
Yerevan State University,Information Systems Management,Master,Curriculum Development,3,"IT Support / Admin / ERP, Technical Management"
Yerevan State University,Information Systems Management,Master,Full-Stack Development,5,"IT Support / Admin / ERP, Technical Management"
Yerevan State University,Information Systems Management,Master,ABAP Core Data Services,3,"IT Support / Admin / ERP, Technical Management"
Yerevan State University,Information Systems Management,Master,Incident Management,3,"IT Support / Admin / ERP, Technical Management"
Yerevan State University,"Mathematical and Software Development of Computing Machines, Complexes, Systems and Networks",Master,Microservices,36,"Software Engineering, DevOps / Cloud"
Yerevan State University,"Mathematical and Software Development of Computing Machines, Complexes, Systems and Networks",Master,Microsoft Azure,17,"Software Engineering, DevOps / Cloud"
Yerevan State University,"Mathematical and Software Development of Computing Machines, Complexes, Systems and Networks",Master,Kubernetes,31,"Software Engineering, DevOps / Cloud"
Yerevan State University,"Mathematical and Software Development of Computing Machines, Complexes, Systems and Networks",Master,Terraform,19,"Software Engineering, DevOps / Cloud"
Yerevan State University,"Mathematical and Software Development of Computing Machines, Complexes, Systems and Networks",Master,Bash,9,"Software Engineering, DevOps / Cloud"
Yerevan State University,"Mathematical and Software Development of Computing Machines, Complexes, Systems and Networks",Master,Azure DevOps,7,"Software Engineering, DevOps / Cloud"
Yerevan State University,"Mathematical and Software Development of Computing Machines, Complexes, Systems and Networks",Master,Prometheus,7,"Software Engineering, DevOps / Cloud"
Yerevan State University,"Mathematical and Software Development of Computing Machines, Complexes, Systems and Networks",Master,Data Center Infrastructure Management (DCIM),5,"Software Engineering, DevOps / Cloud"
Yerevan State University,"Mathematical and Software Development of Computing Machines, Complexes, Systems and Networks",Master,PHP,19,"Software Engineering, DevOps / Cloud"
Yerevan State University,"Mathematical and Software Development of Computing Machines, Complexes, Systems and Networks",Master,CI/CD,38,"Software Engineering, DevOps / Cloud"
Yerevan State University,"Mathematical and Software Development of Computing Machines, Complexes, Systems and Networks",Master,Patch Panel Configuration,4,"Software Engineering, DevOps / Cloud"
Yerevan State University,"Mathematical and Software Development of Computing Machines, Complexes, Systems and Networks",Master,Virtual Private Network,4,"Software Engineering, DevOps / Cloud"
Yerevan State University,"Mathematical and Software Development of Computing Machines, Complexes, Systems and Networks",Master,Grafana,8,"Software Engineering, DevOps / Cloud"
Yerevan State University,"Mathematical and Software Development of Computing Machines, Complexes, Systems and Networks",Master,REST APIs,93,"Software Engineering, DevOps / Cloud"
Yerevan State University,"Mathematical and Software Development of Computing Machines, Complexes, Systems and Networks",Master,JavaScript,66,"Software Engineering, DevOps / Cloud"
Yerevan State University,"Mathematical and Software Development of Computing Machines, Complexes, Systems and Networks",Master,Linux,26,"Software Engineering, DevOps / Cloud"
Yerevan State University,"Mathematical and Software Development of Computing Machines, Complexes, Systems and Networks",Master,Go,23,"Software Engineering, DevOps / Cloud"
Yerevan State University,"Mathematical and Software Development of Computing Machines, Complexes, Systems and Networks",Master,Observability,4,"Software Engineering, DevOps / Cloud"
Yerevan State University,"Mathematical and Software Development of Computing Machines, Complexes, Systems and Networks",Master,Redis,14,"Software Engineering, DevOps / Cloud"
Yerevan State University,"Mathematical and Software Development of Computing Machines, Complexes, Systems and Networks",Master,Datadog,5,"Software Engineering, DevOps / Cloud"
Yerevan State University,"Mathematical and Software Development of Computing Machines, Complexes, Systems and Networks",Master,Angular,18,"Software Engineering, DevOps / Cloud"
Yerevan State University,"Mathematical and Software Development of Computing Machines, Complexes, Systems and Networks",Master,Structured Cabling,5,"Software Engineering, DevOps / Cloud"
Yerevan State University,"Mathematical and Software Development of Computing Machines, Complexes, Systems and Networks",Master,Zabbix,4,"Software Engineering, DevOps / Cloud"
Yerevan State University,"Mathematical and Software Development of Computing Machines, Complexes, Systems and Networks",Master,Apache Kafka,16,"Software Engineering, DevOps / Cloud"
Yerevan State University,"Mathematical and Software Development of Computing Machines, Complexes, Systems and Networks",Master,Node.js,46,"Software Engineering, DevOps / Cloud"
Yerevan State University,"Mathematical and Software Development of Computing Machines, Complexes, Systems and Networks",Master,React,54,"Software Engineering, DevOps / Cloud"
Yerevan State University,"Mathematical and Software Development of Computing Machines, Complexes, Systems and Networks",Master,AWS,43,"Software Engineering, DevOps / Cloud"
Yerevan State University,"Mathematical and Software Development of Computing Machines, Complexes, Systems and Networks",Master,Server Hardware,5,"Software Engineering, DevOps / Cloud"
Yerevan State University,"Mathematical and Software Development of Computing Machines, Complexes, Systems and Networks",Master,PowerShell,5,"Software Engineering, DevOps / Cloud"
Yerevan State University,"Mathematical and Software Development of Computing Machines, Complexes, Systems and Networks",Master,Fiber Optic Networking,5,"Software Engineering, DevOps / Cloud"
Yerevan State University,"Mathematical and Software Development of Computing Machines, Complexes, Systems and Networks",Master,Windows Server,4,"Software Engineering, DevOps / Cloud"
Yerevan State University,"Mathematical and Software Development of Computing Machines, Complexes, Systems and Networks",Master,Cat5e/6/6a Cabling,4,"Software Engineering, DevOps / Cloud"
Yerevan State University,"Mathematical and Software Development of Computing Machines, Complexes, Systems and Networks",Master,Ansible,4,"Software Engineering, DevOps / Cloud"
Yerevan State University,"Mathematical and Software Development of Computing Machines, Complexes, Systems and Networks",Master,Docker,40,"Software Engineering, DevOps / Cloud"
Yerevan State University,"Mathematical and Software Development of Computing Machines, Complexes, Systems and Networks",Master,Backend Development,21,"Software Engineering, DevOps / Cloud"
Yerevan State University,"Mathematical and Software Development of Computing Machines, Complexes, Systems and Networks",Master,Next.js,14,"Software Engineering, DevOps / Cloud"
Yerevan State University,"Mathematical and Software Development of Computing Machines, Complexes, Systems and Networks",Master,C++,19,"Software Engineering, DevOps / Cloud"
Yerevan State University,"Mathematical and Software Development of Computing Machines, Complexes, Systems and Networks",Master,Infrastructure as Code,9,"Software Engineering, DevOps / Cloud"
Yerevan State University,"Mathematical and Software Development of Computing Machines, Complexes, Systems and Networks",Master,VMware,7,"Software Engineering, DevOps / Cloud"
Yerevan State University,"Mathematical and Software Development of Computing Machines, Complexes, Systems and Networks",Master,Git,39,"Software Engineering, DevOps / Cloud"
Yerevan State University,"Mathematical and Software Development of Computing Machines, Complexes, Systems and Networks",Master,Automation,6,"Software Engineering, DevOps / Cloud"
Yerevan State University,"Mathematical and Software Development of Computing Machines, Complexes, Systems and Networks",Master,GitHub Actions,7,"Software Engineering, DevOps / Cloud"
Yerevan State University,"Mathematical and Software Development of Computing Machines, Complexes, Systems and Networks",Master,DevOps,10,"Software Engineering, DevOps / Cloud"
Yerevan State University,"Mathematical and Software Development of Computing Machines, Complexes, Systems and Networks",Master,TypeScript,59,"Software Engineering, DevOps / Cloud"
Yerevan State University,"Mathematical and Software Development of Computing Machines, Complexes, Systems and Networks",Master,Network Troubleshooting,4,"Software Engineering, DevOps / Cloud"
Yerevan State University,Numerical Analysis and Mathematical Modelling,Master,FastAPI,9,"Data / ML / AI, Software Engineering"
Yerevan State University,Numerical Analysis and Mathematical Modelling,Master,Microservices,38,"Data / ML / AI, Software Engineering"
Yerevan State University,Numerical Analysis and Mathematical Modelling,Master,Kubernetes,19,"Data / ML / AI, Software Engineering"
Yerevan State University,Numerical Analysis and Mathematical Modelling,Master,ETL,15,"Data / ML / AI, Software Engineering"
Yerevan State University,Numerical Analysis and Mathematical Modelling,Master,Apache Kafka,19,"Data / ML / AI, Software Engineering"
Yerevan State University,Numerical Analysis and Mathematical Modelling,Master,Dashboard Development,9,"Data / ML / AI, Software Engineering"
Yerevan State University,Numerical Analysis and Mathematical Modelling,Master,Product Analytics,7,"Data / ML / AI, Software Engineering"
Yerevan State University,Numerical Analysis and Mathematical Modelling,Master,A/B Testing,20,"Data / ML / AI, Software Engineering"
Yerevan State University,Numerical Analysis and Mathematical Modelling,Master,Tableau,8,"Data / ML / AI, Software Engineering"
Yerevan State University,Numerical Analysis and Mathematical Modelling,Master,PyTorch,8,"Data / ML / AI, Software Engineering"
Yerevan State University,Numerical Analysis and Mathematical Modelling,Master,SQL,83,"Data / ML / AI, Software Engineering"
Yerevan State University,Numerical Analysis and Mathematical Modelling,Master,Business Intelligence,8,"Data / ML / AI, Software Engineering"
Yerevan State University,Numerical Analysis and Mathematical Modelling,Master,MySQL,25,"Data / ML / AI, Software Engineering"
Yerevan State University,Numerical Analysis and Mathematical Modelling,Master,PHP,19,"Data / ML / AI, Software Engineering"
Yerevan State University,Numerical Analysis and Mathematical Modelling,Master,CI/CD,27,"Data / ML / AI, Software Engineering"
Yerevan State University,Numerical Analysis and Mathematical Modelling,Master,Apache Airflow,7,"Data / ML / AI, Software Engineering"
Yerevan State University,Numerical Analysis and Mathematical Modelling,Master,Node.js,47,"Data / ML / AI, Software Engineering"
Yerevan State University,Numerical Analysis and Mathematical Modelling,Master,React,55,"Data / ML / AI, Software Engineering"
Yerevan State University,Numerical Analysis and Mathematical Modelling,Master,AWS,43,"Data / ML / AI, Software Engineering"
Yerevan State University,Numerical Analysis and Mathematical Modelling,Master,Retrieval-Augmented Generation,11,"Data / ML / AI, Software Engineering"
Yerevan State University,Numerical Analysis and Mathematical Modelling,Master,Power BI,11,"Data / ML / AI, Software Engineering"
Yerevan State University,Numerical Analysis and Mathematical Modelling,Master,TensorFlow,6,"Data / ML / AI, Software Engineering"
Yerevan State University,Numerical Analysis and Mathematical Modelling,Master,Large Language Models,30,"Data / ML / AI, Software Engineering"
Yerevan State University,Numerical Analysis and Mathematical Modelling,Master,Databricks,8,"Data / ML / AI, Software Engineering"
Yerevan State University,Numerical Analysis and Mathematical Modelling,Master,REST APIs,100,"Data / ML / AI, Software Engineering"
Yerevan State University,Numerical Analysis and Mathematical Modelling,Master,Docker,35,"Data / ML / AI, Software Engineering"
Yerevan State University,Numerical Analysis and Mathematical Modelling,Master,PostgreSQL,40,"Data / ML / AI, Software Engineering"
Yerevan State University,Numerical Analysis and Mathematical Modelling,Master,Backend Development,21,"Data / ML / AI, Software Engineering"
Yerevan State University,Numerical Analysis and Mathematical Modelling,Master,Next.js,14,"Data / ML / AI, Software Engineering"
Yerevan State University,Numerical Analysis and Mathematical Modelling,Master,Python,119,"Data / ML / AI, Software Engineering"
Yerevan State University,Numerical Analysis and Mathematical Modelling,Master,Natural Language Processing,11,"Data / ML / AI, Software Engineering"
Yerevan State University,Numerical Analysis and Mathematical Modelling,Master,JavaScript,68,"Data / ML / AI, Software Engineering"
Yerevan State University,Numerical Analysis and Mathematical Modelling,Master,C++,19,"Data / ML / AI, Software Engineering"
Yerevan State University,Numerical Analysis and Mathematical Modelling,Master,Generative AI,12,"Data / ML / AI, Software Engineering"
Yerevan State University,Numerical Analysis and Mathematical Modelling,Master,Analytics,6,"Data / ML / AI, Software Engineering"
Yerevan State University,Numerical Analysis and Mathematical Modelling,Master,Distributed Systems,26,"Data / ML / AI, Software Engineering"
Yerevan State University,Numerical Analysis and Mathematical Modelling,Master,MLOps,10,"Data / ML / AI, Software Engineering"
Yerevan State University,Numerical Analysis and Mathematical Modelling,Master,Go,21,"Data / ML / AI, Software Engineering"
Yerevan State University,Numerical Analysis and Mathematical Modelling,Master,Java,28,"Data / ML / AI, Software Engineering"
Yerevan State University,Numerical Analysis and Mathematical Modelling,Master,Git,39,"Data / ML / AI, Software Engineering"
Yerevan State University,Numerical Analysis and Mathematical Modelling,Master,Data Pipelines,15,"Data / ML / AI, Software Engineering"
Yerevan State University,Numerical Analysis and Mathematical Modelling,Master,Apache Spark,9,"Data / ML / AI, Software Engineering"
Yerevan State University,Numerical Analysis and Mathematical Modelling,Master,TypeScript,59,"Data / ML / AI, Software Engineering"
Yerevan State University,Numerical Analysis and Mathematical Modelling,Master,Redis,15,"Data / ML / AI, Software Engineering"
Yerevan State University,Numerical Analysis and Mathematical Modelling,Master,Microsoft SQL Server,21,"Data / ML / AI, Software Engineering"
Yerevan State University,Numerical Analysis and Mathematical Modelling,Master,Angular,18,"Data / ML / AI, Software Engineering"
Yerevan State University,Radiophysics and Computer Technology,Bachelor,Safety Procedures,2,Hardware / Embedded
Yerevan State University,Radiophysics and Computer Technology,Bachelor,Audio-Visual (AV) Infrastructure,2,Hardware / Embedded
Yerevan State University,Radiophysics and Computer Technology,Bachelor,Verdi,3,Hardware / Embedded
Yerevan State University,Radiophysics and Computer Technology,Bachelor,Test Pattern Generation,3,Hardware / Embedded
Yerevan State University,Radiophysics and Computer Technology,Bachelor,Perl,4,Hardware / Embedded
Yerevan State University,Radiophysics and Computer Technology,Bachelor,Technical Documentation,2,Hardware / Embedded
Yerevan State University,Radiophysics and Computer Technology,Bachelor,Layout Versus Schematic (LVS),2,Hardware / Embedded
Yerevan State University,Radiophysics and Computer Technology,Bachelor,Cable Installation,3,Hardware / Embedded
Yerevan State University,Radiophysics and Computer Technology,Bachelor,SystemVerilog,5,Hardware / Embedded
Yerevan State University,Radiophysics and Computer Technology,Bachelor,Place and Route,3,Hardware / Embedded
Yerevan State University,Radiophysics and Computer Technology,Bachelor,System Testing,2,Hardware / Embedded
Yerevan State University,Radiophysics and Computer Technology,Bachelor,SDC,2,Hardware / Embedded
Yerevan State University,Radiophysics and Computer Technology,Bachelor,Physical Design,3,Hardware / Embedded
Yerevan State University,Radiophysics and Computer Technology,Bachelor,Circuit Board Layout,2,Hardware / Embedded
Yerevan State University,Radiophysics and Computer Technology,Bachelor,Equipment Maintenance,2,Hardware / Embedded
Yerevan State University,Radiophysics and Computer Technology,Bachelor,Physical Verification,4,Hardware / Embedded
Yerevan State University,Radiophysics and Computer Technology,Bachelor,Production Video Switchers,2,Hardware / Embedded
Yerevan State University,Radiophysics and Computer Technology,Bachelor,Calibre LVS,2,Hardware / Embedded
Yerevan State University,Radiophysics and Computer Technology,Bachelor,Formal Verification,5,Hardware / Embedded
Yerevan State University,Radiophysics and Computer Technology,Bachelor,Audio-Visual Systems,2,Hardware / Embedded
Yerevan State University,Radiophysics and Computer Technology,Bachelor,EM/IR Analysis,4,Hardware / Embedded
Yerevan State University,Radiophysics and Computer Technology,Bachelor,Calibre DRC,2,Hardware / Embedded
Yerevan State University,Radiophysics and Computer Technology,Bachelor,Cadence Virtuoso,2,Hardware / Embedded
Yerevan State University,Radiophysics and Computer Technology,Bachelor,UVM,2,Hardware / Embedded
Yerevan State University,Radiophysics and Computer Technology,Bachelor,Tcl,7,Hardware / Embedded
Yerevan State University,Radiophysics and Computer Technology,Bachelor,Signal Integrity,3,Hardware / Embedded
Yerevan State University,Radiophysics and Computer Technology,Bachelor,Synthesis,4,Hardware / Embedded
Yerevan State University,Radiophysics and Computer Technology,Bachelor,Memory BIST (MBIST),2,Hardware / Embedded
Yerevan State University,Radiophysics and Computer Technology,Bachelor,ASIC Design,7,Hardware / Embedded
Yerevan State University,Radiophysics and Computer Technology,Bachelor,Clock Tree Synthesis,5,Hardware / Embedded
Yerevan State University,Radiophysics and Computer Technology,Bachelor,Gate-Level Netlist Synthesis,2,Hardware / Embedded
Yerevan State University,Radiophysics and Computer Technology,Bachelor,Design Rule Check (DRC),2,Hardware / Embedded
Yerevan State University,Radiophysics and Computer Technology,Bachelor,Power Performance Area (PPA) Optimization,2,Hardware / Embedded
Yerevan State University,Radiophysics and Computer Technology,Bachelor,Design for Testability (DFT),7,Hardware / Embedded
Yerevan State University,Radiophysics and Computer Technology,Bachelor,Serial Digital Interface (SDI),2,Hardware / Embedded
Yerevan State University,Radiophysics and Computer Technology,Bachelor,Equipment Installation,2,Hardware / Embedded
Yerevan State University,Radiophysics and Computer Technology,Bachelor,Video Surveillance Systems,2,Hardware / Embedded
Yerevan State University,Radiophysics and Computer Technology,Bachelor,HDMI,2,Hardware / Embedded
Yerevan State University,Radiophysics and Computer Technology,Bachelor,Floorplanning,4,Hardware / Embedded
Yerevan State University,Radiophysics and Computer Technology,Bachelor,Static Timing Analysis,10,Hardware / Embedded
Yerevan State University,Radiophysics and Computer Technology,Bachelor,Electrical Systems,2,Hardware / Embedded
Yerevan State University,Radiophysics and Computer Technology,Bachelor,Chroma Keying,2,Hardware / Embedded
Yerevan State University,Radiophysics and Computer Technology,Bachelor,PrimeTime,3,Hardware / Embedded
Yerevan State University,Radiophysics and Computer Technology,Bachelor,Microsoft Office,2,Hardware / Embedded
Yerevan State University,Radiophysics and Computer Technology,Bachelor,Structured Cabling,2,Hardware / Embedded
Yerevan State University,Radiophysics and Computer Technology,Bachelor,Video Camera Operation,2,Hardware / Embedded
