source_url,university,program_name,degree_type,semester,course_code,course_name_original,credits,component,source_language,notes
https://polytech.am/edu/computer_science/,National Polytechnic University of Armenia,Ինֆորմատիկա (Համակարգչային Գիտություն),Bachelor,,,Ճարտ. և համակարգչային գրաֆիկա,2,Ինֆորմատիկա (Համակարգչային Գիտություն),Armenian,
https://polytech.am/edu/computer_science/,National Polytechnic University of Armenia,Ինֆորմատիկա (Համակարգչային Գիտություն),Bachelor,,,Կիրառական մեխանիկա,5,Ինֆորմատիկա (Համակարգչային Գիտություն),Armenian,
https://polytech.am/edu/computer_science/,National Polytechnic University of Armenia,Ինֆորմատիկա (Համակարգչային Գիտություն),Bachelor,,,Ընդհանուր էլեկտրատեխնիկա,5,Ինֆորմատիկա (Համակարգչային Գիտություն),Armenian,
https://polytech.am/edu/computer_science/,National Polytechnic University of Armenia,Ինֆորմատիկա (Համակարգչային Գիտություն),Bachelor,,,Մաթեմատիկական անալիզ 3,5,Ինֆորմատիկա (Համակարգչային Գիտություն),Armenian,
https://polytech.am/edu/computer_science/,National Polytechnic University of Armenia,Ինֆորմատիկա (Համակարգչային Գիտություն),Bachelor,,,MATLAB ծրագրային փաթեթ 1,3,Ինֆորմատիկա (Համակարգչային Գիտություն),Armenian,
https://polytech.am/edu/computer_science/,National Polytechnic University of Armenia,Ինֆորմատիկա (Համակարգչային Գիտություն),Bachelor,,,Դիֆ. հավասարումներ,4,Ինֆորմատիկա (Համակարգչային Գիտություն),Armenian,
https://polytech.am/edu/computer_science/,National Polytechnic University of Armenia,Ինֆորմատիկա (Համակարգչային Գիտություն),Bachelor,,,Կոմպլեքս անալիզ,5,Ինֆորմատիկա (Համակարգչային Գիտություն),Armenian,
https://polytech.am/edu/computer_science/,National Polytechnic University of Armenia,Ինֆորմատիկա (Համակարգչային Գիտություն),Bachelor,,,"Հավանականությունների տեսություն և մաթ. վիճակագրություն 1,2",6,Ինֆորմատիկա (Համակարգչային Գիտություն),Armenian,
https://polytech.am/edu/computer_science/,National Polytechnic University of Armenia,Ինֆորմատիկա (Համակարգչային Գիտություն),Bachelor,,,Մաթ.ֆիզ. հավասարումներ,4,Ինֆորմատիկա (Համակարգչային Գիտություն),Armenian,
https://polytech.am/edu/computer_science/,National Polytechnic University of Armenia,Ինֆորմատիկա (Համակարգչային Գիտություն),Bachelor,,,Ֆունկցիոնալ անալիզ,4,Ինֆորմատիկա (Համակարգչային Գիտություն),Armenian,
https://polytech.am/edu/computer_science/,National Polytechnic University of Armenia,Ինֆորմատիկա (Համակարգչային Գիտություն),Bachelor,,,Մաթեմատիկական տրամաբանություն,5,Ինֆորմատիկա (Համակարգչային Գիտություն),Armenian,
https://polytech.am/edu/computer_science/,National Polytechnic University of Armenia,Ինֆորմատիկա (Համակարգչային Գիտություն),Bachelor,,,Ալգորիթմների տեսություն,5,Ինֆորմատիկա (Համակարգչային Գիտություն),Armenian,
https://polytech.am/edu/computer_science/,National Polytechnic University of Armenia,Ինֆորմատիկա (Համակարգչային Գիտություն),Bachelor,,,"Դիսկրետ մաթեմատիկա 1,2",9,Ինֆորմատիկա (Համակարգչային Գիտություն),Armenian,
https://polytech.am/edu/computer_science/,National Polytechnic University of Armenia,Ինֆորմատիկա (Համակարգչային Գիտություն),Bachelor,,,"Մաթեմատիկական ծրագրավորում 1,2",10,Ինֆորմատիկա (Համակարգչային Գիտություն),Armenian,
https://polytech.am/edu/computer_science/,National Polytechnic University of Armenia,Ինֆորմատիկա (Համակարգչային Գիտություն),Bachelor,,,"Թվային մեթոդներ 1,2",10,Ինֆորմատիկա (Համակարգչային Գիտություն),Armenian,
https://polytech.am/edu/computer_science/,National Polytechnic University of Armenia,Ինֆորմատիկա (Համակարգչային Գիտություն),Bachelor,,,Կիրառական դիֆերենցիալ երկրաչափություն,5,Ինֆորմատիկա (Համակարգչային Գիտություն),Armenian,
https://polytech.am/edu/computer_science/,National Polytechnic University of Armenia,Ինֆորմատիկա (Համակարգչային Գիտություն),Bachelor,,,Կոդավորման տեսություն,5,Ինֆորմատիկա (Համակարգչային Գիտություն),Armenian,
https://polytech.am/edu/computer_science/,National Polytechnic University of Armenia,Ինֆորմատիկա (Համակարգչային Գիտություն),Bachelor,,,Ինֆորմացիայի կիրառական տեսություն,4,Ինֆորմատիկա (Համակարգչային Գիտություն),Armenian,
https://polytech.am/edu/computer_science/,National Polytechnic University of Armenia,Ինֆորմատիկա (Համակարգչային Գիտություն),Bachelor,,,"Ծրագրավորման հիմունքներ 5,6",11,Ինֆորմատիկա (Համակարգչային Գիտություն),Armenian,
https://polytech.am/edu/computer_science/,National Polytechnic University of Armenia,Ինֆորմատիկա (Համակարգչային Գիտություն),Bachelor,,,Web ծրագրավորում,5,Ինֆորմատիկա (Համակարգչային Գիտություն),Armenian,
https://polytech.am/edu/computer_science/,National Polytechnic University of Armenia,Ինֆորմատիկա (Համակարգչային Գիտություն),Bachelor,,,ԷՀՄ ճարտարապետություն,5,Ինֆորմատիկա (Համակարգչային Գիտություն),Armenian,
https://polytech.am/edu/computer_science/,National Polytechnic University of Armenia,Ինֆորմատիկա (Համակարգչային Գիտություն),Bachelor,,,Ծրագրավորման տեխնոլոգիաներ,5,Ինֆորմատիկա (Համակարգչային Գիտություն),Armenian,
https://polytech.am/edu/computer_science/,National Polytechnic University of Armenia,Ինֆորմատիկա (Համակարգչային Գիտություն),Bachelor,,,Համակարգային ծրագրավորում,6,Ինֆորմատիկա (Համակարգչային Գիտություն),Armenian,
https://polytech.am/edu/computer_science/,National Polytechnic University of Armenia,Ինֆորմատիկա (Համակարգչային Գիտություն),Bachelor,,,Օպերացիոն համակարգեր,5,Ինֆորմատիկա (Համակարգչային Գիտություն),Armenian,
https://polytech.am/edu/computer_science/,National Polytechnic University of Armenia,Ինֆորմատիկա (Համակարգչային Գիտություն),Bachelor,,,Քոմփյութերային երկրաչափություն,5,Ինֆորմատիկա (Համակարգչային Գիտություն),Armenian,
https://polytech.am/edu/computer_science/,National Polytechnic University of Armenia,Ինֆորմատիկա (Համակարգչային Գիտություն),Bachelor,,,Տվյալների բազաներ,3,Ինֆորմատիկա (Համակարգչային Գիտություն),Armenian,
https://polytech.am/edu/information_technologies-2/,National Polytechnic University of Armenia,Տեղեկատվական Տեխնոլոգիաներ,Bachelor,,,Տվյալների կառուցվածքներ և Ալգորիթմներ,5,Տեղեկատվական Տեխնոլոգիաներ,Armenian,
https://polytech.am/edu/information_technologies-2/,National Polytechnic University of Armenia,Տեղեկատվական Տեխնոլոգիաներ,Bachelor,,,Կիրառական ծրագրեր,3,Տեղեկատվական Տեխնոլոգիաներ,Armenian,
https://polytech.am/edu/information_technologies-2/,National Polytechnic University of Armenia,Տեղեկատվական Տեխնոլոգիաներ,Bachelor,,,"Դիսկրետ մաթեմատիկա, ալգորիթմներ և ծրագրեր",5,Տեղեկատվական Տեխնոլոգիաներ,Armenian,
https://polytech.am/edu/information_technologies-2/,National Polytechnic University of Armenia,Տեղեկատվական Տեխնոլոգիաներ,Bachelor,,,Մարդ-մեքենա փոխգործակցություն,6,Տեղեկատվական Տեխնոլոգիաներ,Armenian,
https://polytech.am/edu/information_technologies-2/,National Polytechnic University of Armenia,Տեղեկատվական Տեխնոլոգիաներ,Bachelor,,,Web տեխնոլոգիաներ,12,Տեղեկատվական Տեխնոլոգիաներ,Armenian,
https://polytech.am/edu/information_technologies-2/,National Polytechnic University of Armenia,Տեղեկատվական Տեխնոլոգիաներ,Bachelor,,,Տվյալների բազաների կառավարման համակարգեր,11,Տեղեկատվական Տեխնոլոգիաներ,Armenian,
https://polytech.am/edu/information_technologies-2/,National Polytechnic University of Armenia,Տեղեկատվական Տեխնոլոգիաներ,Bachelor,,,Ճարտարագիտական մոդելավորում,6,Տեղեկատվական Տեխնոլոգիաներ,Armenian,
https://polytech.am/edu/information_technologies-2/,National Polytechnic University of Armenia,Տեղեկատվական Տեխնոլոգիաներ,Bachelor,,,ՏՏ-ի սոցիալական և էթիկական հարցերը,2,Տեղեկատվական Տեխնոլոգիաներ,Armenian,
https://polytech.am/edu/information_technologies-2/,National Polytechnic University of Armenia,Տեղեկատվական Տեխնոլոգիաներ,Bachelor,,,Ցանցային տեխնոլոգիաների կառավարում և կարգաբերում,5,Տեղեկատվական Տեխնոլոգիաներ,Armenian,
https://polytech.am/edu/information_technologies-2/,National Polytechnic University of Armenia,Տեղեկատվական Տեխնոլոգիաներ,Bachelor,,,ՏՏ ռեսուրսների պլանավորում,4,Տեղեկատվական Տեխնոլոգիաներ,Armenian,
https://polytech.am/edu/information_technologies-2/,National Polytechnic University of Armenia,Տեղեկատվական Տեխնոլոգիաներ,Bachelor,,,Պլատֆորմային Տեխնոլոգիաներ,4,Տեղեկատվական Տեխնոլոգիաներ,Armenian,
https://polytech.am/edu/information_technologies-2/,National Polytechnic University of Armenia,Տեղեկատվական Տեխնոլոգիաներ,Bachelor,,,Օպերացիոն համակարգերի կարգաբերում և օգտագործում,5,Տեղեկատվական Տեխնոլոգիաներ,Armenian,
https://polytech.am/edu/information_technologies-2/,National Polytechnic University of Armenia,Տեղեկատվական Տեխնոլոգիաներ,Bachelor,,,Մուլտիմեդիա տեխնոլոգիաներ,5,Տեղեկատվական Տեխնոլոգիաներ,Armenian,
https://polytech.am/edu/information_technologies-2/,National Polytechnic University of Armenia,Տեղեկատվական Տեխնոլոգիաներ,Bachelor,,,Տեխնիկական աջակցություն,3,Տեղեկատվական Տեխնոլոգիաներ,Armenian,
https://polytech.am/edu/information_technologies-2/,National Polytechnic University of Armenia,Տեղեկատվական Տեխնոլոգիաներ,Bachelor,,,"Անվտանգություն ներդրում, Կառավարում",6,Տեղեկատվական Տեխնոլոգիաներ,Armenian,
https://polytech.am/edu/information_technologies-2/,National Polytechnic University of Armenia,Տեղեկատվական Տեխնոլոգիաներ,Bachelor,,,SEO -որոնման համակարգի Օպտիմալացում,5,Տեղեկատվական Տեխնոլոգիաներ,Armenian,
https://polytech.am/edu/information_technologies-2/,National Polytechnic University of Armenia,Տեղեկատվական Տեխնոլոգիաներ,Bachelor,,,WEB տեխնոլոգիաներ,6,Տեղեկատվական Տեխնոլոգիաներ,Armenian,
https://polytech.am/edu/information_technologies-2/,National Polytechnic University of Armenia,Տեղեկատվական Տեխնոլոգիաներ,Bachelor,,,Մոբայլ տեխնոլոգիաներ,6,Տեղեկատվական Տեխնոլոգիաներ,Armenian,
https://polytech.am/edu/information_technologies-2/,National Polytechnic University of Armenia,Տեղեկատվական Տեխնոլոգիաներ,Bachelor,,,Ինտեգրման միջոցով համակարգերի մշակում,5,Տեղեկատվական Տեխնոլոգիաներ,Armenian,
https://polytech.am/edu/information_technologies-2/,National Polytechnic University of Armenia,Տեղեկատվական Տեխնոլոգիաներ,Bachelor,,,Համակարգերի կառավարում,6,Տեղեկատվական Տեխնոլոգիաներ,Armenian,
https://polytech.am/edu/information_technologies-2/,National Polytechnic University of Armenia,Տեղեկատվական Տեխնոլոգիաներ,Bachelor,,,Տվյալների բազաների կառավարման համակարգեր,6,Տեղեկատվական Տեխնոլոգիաներ,Armenian,
https://polytech.am/edu/computer-engineering/,National Polytechnic University of Armenia,Համակարգչային ճարտարագիտություն,Bachelor,,,Հաշվողական համակարգերի թվաբանական և տրամաբանական հիմունքներ,4,Համակարգչային ճարտարագիտություն,Armenian,
https://polytech.am/edu/computer-engineering/,National Polytechnic University of Armenia,Համակարգչային ճարտարագիտություն,Bachelor,,,Թվային սխեմաների նախագծման հիմունքներ,3,Համակարգչային ճարտարագիտություն,Armenian,
https://polytech.am/edu/computer-engineering/,National Polytechnic University of Armenia,Համակարգչային ճարտարագիտություն,Bachelor,,,Համակարգչային սխեմատեխնիկա,6,Համակարգչային ճարտարագիտություն,Armenian,
https://polytech.am/edu/computer-engineering/,National Polytechnic University of Armenia,Համակարգչային ճարտարագիտություն,Bachelor,,,Թվային համակարգերի նախագծում,6,Համակարգչային ճարտարագիտություն,Armenian,
https://polytech.am/edu/computer-engineering/,National Polytechnic University of Armenia,Համակարգչային ճարտարագիտություն,Bachelor,,,Քոմփյութերների կազմակերպում,1,Համակարգչային ճարտարագիտություն,Armenian,
https://polytech.am/edu/computer-engineering/,National Polytechnic University of Armenia,Համակարգչային ճարտարագիտություն,Bachelor,,,Հաշվողական համակարգերի Ճարտարապետություն,7,Համակարգչային ճարտարագիտություն,Armenian,
https://polytech.am/edu/computer-engineering/,National Polytechnic University of Armenia,Համակարգչային ճարտարագիտություն,Bachelor,,,Հաշվողական համակարգերի արատորոշում,6,Համակարգչային ճարտարագիտություն,Armenian,
https://polytech.am/edu/computer-engineering/,National Polytechnic University of Armenia,Համակարգչային ճարտարագիտություն,Bachelor,,,Համակարգչային ցանցերի հիմունքներ,4,Համակարգչային ճարտարագիտություն,Armenian,
https://polytech.am/edu/computer-engineering/,National Polytechnic University of Armenia,Համակարգչային ճարտարագիտություն,Bachelor,,,Համակարգչային ինտեգրալ սխեմաներ,4,Համակարգչային ճարտարագիտություն,Armenian,
https://polytech.am/edu/computer-engineering/,National Polytechnic University of Armenia,Համակարգչային ճարտարագիտություն,Bachelor,,,Համակարգչային ցանցերի կազմակերպում,6,Համակարգչային ճարտարագիտություն,Armenian,
https://polytech.am/edu/computer-engineering/,National Polytechnic University of Armenia,Համակարգչային ճարտարագիտություն,Bachelor,,,Ցանցային օպերացիոն համակարգեր,3,Համակարգչային ճարտարագիտություն,Armenian,
https://polytech.am/edu/computer-engineering/,National Polytechnic University of Armenia,Համակարգչային ճարտարագիտություն,Bachelor,,,Միկրոպրոցեսորային համակարգեր,5,Համակարգչային ճարտարագիտություն,Armenian,
https://polytech.am/edu/computer-engineering/,National Polytechnic University of Armenia,Համակարգչային ճարտարագիտություն,Bachelor,,,Համակարգչային մասնագիտացված սխեմաներ,4,Համակարգչային ճարտարագիտություն,Armenian,
https://polytech.am/edu/computer-engineering/,National Polytechnic University of Armenia,Համակարգչային ճարտարագիտություն,Bachelor,,,Ծրագրավորվող սարքերով հաշվողական համակարգերի նախագծում,4,Համակարգչային ճարտարագիտություն,Armenian,
https://polytech.am/edu/computer-engineering/,National Polytechnic University of Armenia,Համակարգչային ճարտարագիտություն,Bachelor,,,Տեղեկատվության պահպանման և ցանցային շրջանառման տեխնոլոգիաներ,5,Համակարգչային ճարտարագիտություն,Armenian,
https://polytech.am/edu/computer-engineering/,National Polytechnic University of Armenia,Համակարգչային ճարտարագիտություն,Bachelor,,,Համակարգչային ցանցերի մասնագիտացված օպերացիոն համակարգեր,6,Համակարգչային ճարտարագիտություն,Armenian,
https://polytech.am/edu/computer-engineering/,National Polytechnic University of Armenia,Համակարգչային ճարտարագիտություն,Bachelor,,,Էլեկտրոնային կառավարման ցանցային Համակարգեր,6,Համակարգչային ճարտարագիտություն,Armenian,
https://polytech.am/edu/computer-engineering/,National Polytechnic University of Armenia,Համակարգչային ճարտարագիտություն,Bachelor,,,Համակարգչային ցանցերի պաշտպանության ապարատածրագրային միջոցներ,5,Համակարգչային ճարտարագիտություն,Armenian,
https://polytech.am/edu/computer-engineering/,National Polytechnic University of Armenia,Համակարգչային ճարտարագիտություն,Bachelor,,,Բազմապրոցեսորային համակարգեր,5,Համակարգչային ճարտարագիտություն,Armenian,
https://polytech.am/edu/computer-engineering/,National Polytechnic University of Armenia,Համակարգչային ճարտարագիտություն,Bachelor,,,Համակարգիչների սնուցման երկրորդական աղբյուրների կազմակերպում,4,Համակարգչային ճարտարագիտություն,Armenian,
https://polytech.am/edu/computer-engineering/,National Polytechnic University of Armenia,Համակարգչային ճարտարագիտություն,Bachelor,,,Համակարգչային ցանցերի կառավարում և շահագործում,5,Համակարգչային ճարտարագիտություն,Armenian,
https://polytech.am/edu/electrical_engineering/,National Polytechnic University of Armenia,Էլեկտրատեխնիկա,Bachelor,,,Ճարտարագիտական և համակարգչային գրաֆիկա,5,Էլեկտրատեխնիկա,Armenian,
https://polytech.am/edu/electrical_engineering/,National Polytechnic University of Armenia,Էլեկտրատեխնիկա,Bachelor,,,Կիրառական մեխանիկա,12,Էլեկտրատեխնիկա,Armenian,
https://polytech.am/edu/electrical_engineering/,National Polytechnic University of Armenia,Էլեկտրատեխնիկա,Bachelor,,,Կոնստրուկցիոն նյութերի տեխնոլոգիա,4,Էլեկտրատեխնիկա,Armenian,
https://polytech.am/edu/electrical_engineering/,National Polytechnic University of Armenia,Էլեկտրատեխնիկա,Bachelor,,,Էլեկտրառադիոնյութեր,4,Էլեկտրատեխնիկա,Armenian,
https://polytech.am/edu/electrical_engineering/,National Polytechnic University of Armenia,Էլեկտրատեխնիկա,Bachelor,,,Չափագիտություն և սերտիֆիկացում,4,Էլեկտրատեխնիկա,Armenian,
https://polytech.am/edu/electrical_engineering/,National Polytechnic University of Armenia,Էլեկտրատեխնիկա,Bachelor,,,Էլեկտրատեխնիկայի տեսական հիմունքներ,10,Էլեկտրատեխնիկա,Armenian,
https://polytech.am/edu/electrical_engineering/,National Polytechnic University of Armenia,Էլեկտրատեխնիկա,Bachelor,,,Էլեկտրոնիկա,4,Էլեկտրատեխնիկա,Armenian,
https://polytech.am/edu/electrical_engineering/,National Polytechnic University of Armenia,Էլեկտրատեխնիկա,Bachelor,,,Էլ. մեքենաներ և տրանսֆորմատորներ,11,Էլեկտրատեխնիկա,Armenian,
https://polytech.am/edu/electrical_engineering/,National Polytechnic University of Armenia,Էլեկտրատեխնիկա,Bachelor,,,Էլեկտրական և էլեկտրոնային ապարատներ,7,Էլեկտրատեխնիկա,Armenian,
https://polytech.am/edu/electrical_engineering/,National Polytechnic University of Armenia,Էլեկտրատեխնիկա,Bachelor,,,Էլեկտրաբանեցման հիմունքներ,5,Էլեկտրատեխնիկա,Armenian,
https://polytech.am/edu/electrical_engineering/,National Polytechnic University of Armenia,Էլեկտրատեխնիկա,Bachelor,,,Ինֆորմացիոն տեխնոլոգիաներ և մաթեմա-տիկական մոդելավորում էլեկտրամեխանիկայում,6,Էլեկտրատեխնիկա,Armenian,
https://polytech.am/edu/electrical_engineering/,National Polytechnic University of Armenia,Էլեկտրատեխնիկա,Bachelor,,,Տեխնիկական հաշվարկի հիմունքները էլեկտրամեխանիկայում,6,Էլեկտրատեխնիկա,Armenian,
https://polytech.am/edu/electrical_engineering/,National Polytechnic University of Armenia,Էլեկտրատեխնիկա,Bachelor,,,ՈՒժային էլեկտրական և էլեկտրոնային ապարատներ,5,Էլեկտրատեխնիկա,Armenian,
https://polytech.am/edu/electrical_engineering/,National Polytechnic University of Armenia,Էլեկտրատեխնիկա,Bachelor,,,Էլեկտրամեկուսչային նյութերի և արտադրատեսակների փորձարկումներ,3,Էլեկտրատեխնիկա,Armenian,
https://polytech.am/edu/electrical_engineering/,National Polytechnic University of Armenia,Էլեկտրատեխնիկա,Bachelor,,,Էլեկտրատեխնիկական սարքերի փորձարկում շահագործում և նորոգում,5,Էլեկտրատեխնիկա,Armenian,
https://polytech.am/edu/electrical_engineering/,National Polytechnic University of Armenia,Էլեկտրատեխնիկա,Bachelor,,,Կենցաղային էլեկտրատեխնիկական սարքեր,4,Էլեկտրատեխնիկա,Armenian,
https://polytech.am/edu/electrical_engineering/,National Polytechnic University of Armenia,Էլեկտրատեխնիկա,Bachelor,,,Էլեկտրամեխանիկական համակարգերի և տեխնոլոգիական գործընթացների ավտոմատացման հիմունքներ,5,Էլեկտրատեխնիկա,Armenian,
https://polytech.am/edu/electrical_engineering/,National Polytechnic University of Armenia,Էլեկտրատեխնիկա,Bachelor,,,Էլեկտրամեկուսչային տեխնիկայի հիմունքներ,6,Էլեկտրատեխնիկա,Armenian,
https://polytech.am/edu/electrical_engineering/,National Polytechnic University of Armenia,Էլեկտրատեխնիկա,Bachelor,,,Էլեկտրատեխնոլոգիայի հիմունքներ,4,Էլեկտրատեխնիկա,Armenian,
https://polytech.am/edu/electrical_engineering/,National Polytechnic University of Armenia,Էլեկտրատեխնիկա,Bachelor,,,Էլեկտրոնային կերպափոխչային տեխնիկա,4,Էլեկտրատեխնիկա,Armenian,
https://polytech.am/edu/electrical_engineering/,National Polytechnic University of Armenia,Էլեկտրատեխնիկա,Bachelor,,,Կաբելային տեխնիկայի հիմունքներ և արտադրման տեխնոլոգիա,6,Էլեկտրատեխնիկա,Armenian,
https://polytech.am/edu/electrical_engineering/,National Polytechnic University of Armenia,Էլեկտրատեխնիկա,Bachelor,,,էլեկտրամատակարարում,2,Էլեկտրատեխնիկա,Armenian,
https://polytech.am/edu/electrical_engineering/,National Polytechnic University of Armenia,Էլեկտրատեխնիկա,Bachelor,,,ՈՒժային և կապի կաբելներ,6,Էլեկտրատեխնիկա,Armenian,
https://polytech.am/edu/electrical_engineering/,National Polytechnic University of Armenia,Էլեկտրատեխնիկա,Bachelor,,,Կոնդենսատորաշինություն,5,Էլեկտրատեխնիկա,Armenian,
https://polytech.am/edu/electrical_engineering/,National Polytechnic University of Armenia,Էլեկտրատեխնիկա,Bachelor,,,Դիէլեկտրիկների ֆիզիկա,3,Էլեկտրատեխնիկա,Armenian,
https://polytech.am/edu/electrical_engineering/,National Polytechnic University of Armenia,Էլեկտրատեխնիկա,Bachelor,,,Պոլիմերները էլեկտրամեկուսչային տեխնիկայում,6,Էլեկտրատեխնիկա,Armenian,
https://polytech.am/edu/electrical_engineering/,National Polytechnic University of Armenia,Էլեկտրատեխնիկա,Bachelor,,,Էլեկտրամեքենաշինության տեխնոլոգիա,3,Էլեկտրատեխնիկա,Armenian,
https://polytech.am/edu/electrical_engineering/,National Polytechnic University of Armenia,Էլեկտրատեխնիկա,Bachelor,,,Էլեկտրամեխանիկական համակարգերի ավտոմատացված նախագծման համակարգեր,5,Էլեկտրատեխնիկա,Armenian,
https://polytech.am/edu/electrical_engineering/,National Polytechnic University of Armenia,Էլեկտրատեխնիկա,Bachelor,,,Ավտոմատ համակարգերի էլեկտրոնային միկրոմեքենաներ,6,Էլեկտրատեխնիկա,Armenian,
https://polytech.am/edu/electrical_engineering/,National Polytechnic University of Armenia,Էլեկտրատեխնիկա,Bachelor,,,Էլեկտրամեխանիկական համակարերի ավտոմատիկայի իմպուլսային և թվային սարքեր,6,Էլեկտրատեխնիկա,Armenian,
https://polytech.am/edu/electrical_engineering/,National Polytechnic University of Armenia,Էլեկտրատեխնիկա,Bachelor,,,Կառավարման և պաշտպանության էլեկտրական ապարատներ,6,Էլեկտրատեխնիկա,Armenian,
https://polytech.am/edu/electrical_engineering/,National Polytechnic University of Armenia,Էլեկտրատեխնիկա,Bachelor,,,Էլեկտրաապարատաշինության տեխնոլոգիա,3,Էլեկտրատեխնիկա,Armenian,
https://polytech.am/edu/electrical_engineering/,National Polytechnic University of Armenia,Էլեկտրատեխնիկա,Bachelor,,,Էլեկտրական ապարատների ավտոմատացված նախագծման հիմունքներ,5,Էլեկտրատեխնիկա,Armenian,
https://polytech.am/edu/electrical_engineering/,National Polytechnic University of Armenia,Էլեկտրատեխնիկա,Bachelor,,,Ավտոմատիկայի իմպուլսային և թվային սարքեր,6,Էլեկտրատեխնիկա,Armenian,
https://polytech.am/edu/electrical_engineering/,National Polytechnic University of Armenia,Էլեկտրատեխնիկա,Bachelor,,,Կառավարման և պաշտպանության էլեկտրական ապարատներ,,Էլեկտրատեխնիկա,Armenian,
https://polytech.am/edu/electrical_engineering/,National Polytechnic University of Armenia,Էլեկտրատեխնիկա,Bachelor,,,Արդյունաբերական կայանքների ավտոմատացված էլեկտրաբանեցում,5,Էլեկտրատեխնիկա,Armenian,
https://polytech.am/edu/electrical_engineering/,National Polytechnic University of Armenia,Էլեկտրատեխնիկա,Bachelor,,,Քոմփյութերացված էլեկտրաբանեցումների ապարատածրագրային միջոցներ,9,Էլեկտրատեխնիկա,Armenian,
https://polytech.am/edu/electrical_engineering/,National Polytechnic University of Armenia,Էլեկտրատեխնիկա,Bachelor,,,Արտադրական կայանքների և տեխնոլոգիական համալիրների էլեկտրոնային և քոմփյութերային կառավարման համակարգեր,6,Էլեկտրատեխնիկա,Armenian,
https://polytech.am/edu/electronics/,National Polytechnic University of Armenia,Էլեկտրոնիկա,Bachelor,,,Պինդ մարմնի և կիսահաղորդիչների ֆիզիկա և Տեխնոլոգիա,6,Էլեկտրոնիկա,Armenian,
https://polytech.am/edu/electronics/,National Polytechnic University of Armenia,Էլեկտրոնիկա,Bachelor,,,Էլեկտրոնային նյութեր և բաղադրամասեր,4,Էլեկտրոնիկա,Armenian,
https://polytech.am/edu/electronics/,National Polytechnic University of Armenia,Էլեկտրոնիկա,Bachelor,,,Էլեկտրոնային սարքեր,5,Էլեկտրոնիկա,Armenian,
https://polytech.am/edu/electronics/,National Polytechnic University of Armenia,Էլեկտրոնիկա,Bachelor,,,Օպտոէլեկտրոնիկա,5,Էլեկտրոնիկա,Armenian,
https://polytech.am/edu/electronics/,National Polytechnic University of Armenia,Էլեկտրոնիկա,Bachelor,,,Լաբորատոր փորձարարության Հիմունքներ,5,Էլեկտրոնիկա,Armenian,
https://polytech.am/edu/electronics/,National Polytechnic University of Armenia,Էլեկտրոնիկա,Bachelor,,,Նանոէլեկտրոնիկայի ճարտարագիտության Հիմունքներ,4,Էլեկտրոնիկա,Armenian,
https://polytech.am/edu/electronics/,National Polytechnic University of Armenia,Էլեկտրոնիկա,Bachelor,,,Էլեկտրոնիկա և սխեմատեխնիկա,5,Էլեկտրոնիկա,Armenian,
https://polytech.am/edu/electronics/,National Polytechnic University of Armenia,Էլեկտրոնիկա,Bachelor,,,Թվային էլեկտրոնիկա,7,Էլեկտրոնիկա,Armenian,
https://polytech.am/edu/electronics/,National Polytechnic University of Armenia,Էլեկտրոնիկա,Bachelor,,,Երկրորդային էլեկտրասնման աղբյուրներ,4,Էլեկտրոնիկա,Armenian,
https://polytech.am/edu/electronics/,National Polytechnic University of Armenia,Էլեկտրոնիկա,Bachelor,,,Տեղեկատվական առաջնային կերպափոխիչներ,2,Էլեկտրոնիկա,Armenian,
https://polytech.am/edu/electronics/,National Polytechnic University of Armenia,Էլեկտրոնիկա,Bachelor,,,Էլեկտրոնային սխեմ. մեք. վեր. և հաշ.,5,Էլեկտրոնիկա,Armenian,
https://polytech.am/edu/electronics/,National Polytechnic University of Armenia,Էլեկտրոնիկա,Bachelor,,,Էլեկտրոնային համակարգերի ավտոմատացված նախագծում,4,Էլեկտրոնիկա,Armenian,
https://polytech.am/edu/electronics/,National Polytechnic University of Armenia,Էլեկտրոնիկա,Bachelor,,,Միկրոպրոցեսորների կիրառություններ,1,Էլեկտրոնիկա,Armenian,
https://polytech.am/edu/electronics/,National Polytechnic University of Armenia,Էլեկտրոնիկա,Bachelor,,,ԻՍ-ների տեխնոլոգիա,4,Էլեկտրոնիկա,Armenian,
https://polytech.am/edu/electronics/,National Polytechnic University of Armenia,Էլեկտրոնիկա,Bachelor,,,Միկրոկոնտրոլերներ,6,Էլեկտրոնիկա,Armenian,
https://polytech.am/edu/electronics/,National Polytechnic University of Armenia,Էլեկտրոնիկա,Bachelor,,,Էլեկտրոնային համակարգերի կառուցավորում,3,Էլեկտրոնիկա,Armenian,
https://polytech.am/edu/electronics/,National Polytechnic University of Armenia,Էլեկտրոնիկա,Bachelor,,,ԻՍ-ների նախագծում,6,Էլեկտրոնիկա,Armenian,
https://polytech.am/edu/electronics/,National Polytechnic University of Armenia,Էլեկտրոնիկա,Bachelor,,,Ազդանշանների թվային մշակում,4,Էլեկտրոնիկա,Armenian,
https://polytech.am/edu/electronics/,National Polytechnic University of Armenia,Էլեկտրոնիկա,Bachelor,,,Թվային համակարգերի տրամաբանական Նախագծում,5,Էլեկտրոնիկա,Armenian,
https://polytech.am/edu/electronics/,National Polytechnic University of Armenia,Էլեկտրոնիկա,Bachelor,,,Նախագծում միկրոկոնտրոլերներով,4,Էլեկտրոնիկա,Armenian,
https://polytech.am/edu/electronics/,National Polytechnic University of Armenia,Էլեկտրոնիկա,Bachelor,,,Տեղեկատվական արտապատկերման միջոցներ,4,Էլեկտրոնիկա,Armenian,
https://polytech.am/edu/electronics/,National Polytechnic University of Armenia,Էլեկտրոնիկա,Bachelor,,,Թվային սխեմաների թեսթավորում,6,Էլեկտրոնիկա,Armenian,
https://polytech.am/edu/electronics/,National Polytechnic University of Armenia,Էլեկտրոնիկա,Bachelor,,,Ինֆորմացիոն տեխնիկայի հիմունքներ,2,Էլեկտրոնիկա,Armenian,
https://polytech.am/edu/electronics/,National Polytechnic University of Armenia,Էլեկտրոնիկա,Bachelor,,,Ուժային էլեկտրոնիկա5,,Էլեկտրոնիկա,Armenian,
https://polytech.am/edu/electronics/,National Polytechnic University of Armenia,Էլեկտրոնիկա,Bachelor,,,Էլեկտրոնային համակ. Թեսթավորում,6,Էլեկտրոնիկա,Armenian,
https://polytech.am/edu/electronics/,National Polytechnic University of Armenia,Էլեկտրոնիկա,Bachelor,,,Էլեկտրոնային սարքավ. կառ. Համակարգեր,4,Էլեկտրոնիկա,Armenian,
https://polytech.am/edu/electronics/,National Polytechnic University of Armenia,Էլեկտրոնիկա,Bachelor,,,Ուժային կ/հ-ային սարքեր,2,Էլեկտրոնիկա,Armenian,
https://polytech.am/edu/electronics/,National Polytechnic University of Armenia,Էլեկտրոնիկա,Bachelor,,,Էլեկտրոնային սարքավոր. Մոդելավորում,4,Էլեկտրոնիկա,Armenian,
https://polytech.am/edu/electronics/,National Polytechnic University of Armenia,Էլեկտրոնիկա,Bachelor,,,Նանոկառուց. ֆիզիկական հիմունքներ,6,Էլեկտրոնիկա,Armenian,
https://polytech.am/edu/electronics/,National Polytechnic University of Armenia,Էլեկտրոնիկա,Bachelor,,,Թունել. երևույթները կիսահաղորդիչներում,3,Էլեկտրոնիկա,Armenian,
https://polytech.am/edu/electronics/,National Polytechnic University of Armenia,Էլեկտրոնիկա,Bachelor,,,Քվանտային էլեկտրոնիկա,3,Էլեկտրոնիկա,Armenian,
https://polytech.am/edu/electronics/,National Polytechnic University of Armenia,Էլեկտրոնիկա,Bachelor,,,Նանոսարքերի նախագծման հիմունքներ,3,Էլեկտրոնիկա,Armenian,
https://polytech.am/edu/electronics/,National Polytechnic University of Armenia,Էլեկտրոնիկա,Bachelor,,,Նանոկառուց. տեխնոլոգիայի հիմունքներ,3,Էլեկտրոնիկա,Armenian,
https://polytech.am/edu/electronics/,National Polytechnic University of Armenia,Էլեկտրոնիկա,Bachelor,,,Միկրո և նանոէլեկտրոն. հատուկ հարցեր,3,Էլեկտրոնիկա,Armenian,
https://polytech.am/edu/electronics/,National Polytechnic University of Armenia,Էլեկտրոնիկա,Bachelor,,,ԻՍ-ների հսկման և թեսթավոր. Մեթոդներ,3,Էլեկտրոնիկա,Armenian,
https://polytech.am/edu/electronics/,National Polytechnic University of Armenia,Էլեկտրոնիկա,Bachelor,,,ԻՍ-ների բաղադրիչների մոդելավորում,6,Էլեկտրոնիկա,Armenian,
https://polytech.am/edu/electronics/,National Polytechnic University of Armenia,Էլեկտրոնիկա,Bachelor,,,Ֆունկցիոնալ միկրոէլեկտր. Համակարգեր,3,Էլեկտրոնիկա,Armenian,
https://polytech.am/edu/electronics/,National Polytechnic University of Armenia,Էլեկտրոնիկա,Bachelor,,,Անալոգային և թվային ինտեգր. Սխեմաներ,3,Էլեկտրոնիկա,Armenian,
https://polytech.am/edu/electronics/,National Polytechnic University of Armenia,Էլեկտրոնիկա,Bachelor,,,ԳՄԻՍ-ների տեխնոլոգիա,3,Էլեկտրոնիկա,Armenian,
https://polytech.am/edu/electronics/,National Polytechnic University of Armenia,Էլեկտրոնիկա,Bachelor,,,ԳՄԻՍ-ների ավտոմատ նախագծում,3,Էլեկտրոնիկա,Armenian,
https://polytech.am/edu/electronics/,National Polytechnic University of Armenia,Էլեկտրոնիկա,Bachelor,,,Պինդ մարմնի և կիսհաղորդիչների ֆիզիկա և Տեխնոլոգիա,5,Էլեկտրոնիկա,Armenian,
https://polytech.am/edu/electronics/,National Polytechnic University of Armenia,Էլեկտրոնիկա,Bachelor,,,Լաբորատոր փորձարարութ. Հիմունքներ,5,Էլեկտրոնիկա,Armenian,
https://polytech.am/edu/electronics/,National Polytechnic University of Armenia,Էլեկտրոնիկա,Bachelor,,,Նանոէլեկտրոնիկայի ճարտ. Հիմունքներ,4,Էլեկտրոնիկա,Armenian,
https://polytech.am/edu/electronics/,National Polytechnic University of Armenia,Էլեկտրոնիկա,Bachelor,,,Կիսահաղորդչային տարրեր և սարքեր,3,Էլեկտրոնիկա,Armenian,
https://polytech.am/edu/electronics/,National Polytechnic University of Armenia,Էլեկտրոնիկա,Bachelor,,,Սխեմաների ներածություն,4,Էլեկտրոնիկա,Armenian,
https://polytech.am/edu/electronics/,National Polytechnic University of Armenia,Էլեկտրոնիկա,Bachelor,,,Կիսահաղորդչային տեխնոլոգիա,2,Էլեկտրոնիկա,Armenian,
https://polytech.am/edu/electronics/,National Polytechnic University of Armenia,Էլեկտրոնիկա,Bachelor,,,Տեխնիկական գրագրություն,3,Էլեկտրոնիկա,Armenian,
https://polytech.am/edu/electronics/,National Polytechnic University of Armenia,Էլեկտրոնիկա,Bachelor,,,Ինտեգրալ սխեմաների նախագծման Ներածություն,4,Էլեկտրոնիկա,Armenian,
https://polytech.am/edu/electronics/,National Polytechnic University of Armenia,Էլեկտրոնիկա,Bachelor,,,Թվային ինտեգրալ սխեմաներ,15,Էլեկտրոնիկա,Armenian,
https://polytech.am/edu/electronics/,National Polytechnic University of Armenia,Էլեկտրոնիկա,Bachelor,,,Անալոգային ինտեգրալ սխեմաներ,6,Էլեկտրոնիկա,Armenian,
https://polytech.am/edu/electronics/,National Polytechnic University of Armenia,Էլեկտրոնիկա,Bachelor,,,Ինտեգրալ սխեմաների և հանգույցների ֆիզիկական նախագծում,3,Էլեկտրոնիկա,Armenian,
https://polytech.am/edu/electronics/,National Polytechnic University of Armenia,Էլեկտրոնիկա,Bachelor,,,Հեռանկարային ինտեգրալ սխեմաների Նախագծում,5,Էլեկտրոնիկա,Armenian,
https://polytech.am/edu/electronics/,National Polytechnic University of Armenia,Էլեկտրոնիկա,Bachelor,,,Տրամաբանական նախագծում,9,Էլեկտրոնիկա,Armenian,
https://polytech.am/edu/electronics/,National Polytechnic University of Armenia,Էլեկտրոնիկա,Bachelor,,,Միկրոպրոցեսորային համակարգեր,7,Էլեկտրոնիկա,Armenian,
https://polytech.am/edu/electronics/,National Polytechnic University of Armenia,Էլեկտրոնիկա,Bachelor,,,Քոմփյութերների ճարտարապետություն և օպերացիոն համակարգեր,2,Էլեկտրոնիկա,Armenian,
https://polytech.am/edu/electronics/,National Polytechnic University of Armenia,Էլեկտրոնիկա,Bachelor,,,Սկրիպտավորման լեզուներ,3,Էլեկտրոնիկա,Armenian,
https://polytech.am/edu/electronics/,National Polytechnic University of Armenia,Էլեկտրոնիկա,Bachelor,,,Սկրիպտավորման լեզուներ,2,Էլեկտրոնիկա,Armenian,
https://polytech.am/edu/electronics/,National Polytechnic University of Armenia,Էլեկտրոնիկա,Bachelor,,,Ինտեգրալ սխեմաների մոդելավորման տեսություն,2,Էլեկտրոնիկա,Armenian,
https://polytech.am/edu/electronics/,National Polytechnic University of Armenia,Էլեկտրոնիկա,Bachelor,,,Ինտեգրալ սխեմաների թեստավորում,4,Էլեկտրոնիկա,Armenian,
https://polytech.am/edu/electronics/,National Polytechnic University of Armenia,Էլեկտրոնիկա,Bachelor,,,Թվային ինտեգրալ սխեմաների սինթեզ և օպտիմալացում,3,Էլեկտրոնիկա,Armenian,
https://polytech.am/edu/electronics/,National Polytechnic University of Armenia,Էլեկտրոնիկա,Bachelor,,,Օրգանական և ամորֆ կիսահաղորդիչներ,4,Էլեկտրոնիկա,Armenian,
https://polytech.am/edu/electronics/,National Polytechnic University of Armenia,Էլեկտրոնիկա,Bachelor,,,Նուրբ թաղանթների ֆիզիկա և տեխնոլոգիա,5,Էլեկտրոնիկա,Armenian,
https://polytech.am/edu/electronics/,National Polytechnic University of Armenia,Էլեկտրոնիկա,Bachelor,,,Կիսահաղորդիչների ֆիզիկա և միկրոէլեկտրոնիկա,7,Էլեկտրոնիկա,Armenian,
https://polytech.am/edu/electronics/,National Polytechnic University of Armenia,Էլեկտրոնիկա,Bachelor,,,Պինդ մարմնային սարքերի ֆիզկական հիմունքներ,6,Էլեկտրոնիկա,Armenian,
https://polytech.am/edu/electronics/,National Polytechnic University of Armenia,Էլեկտրոնիկա,Bachelor,,,Մակերևույթի և կոնդենսացված վիճակների ֆիզիկա ու ախտորոշում,5,Էլեկտրոնիկա,Armenian,
https://polytech.am/edu/electronics/,National Polytechnic University of Armenia,Էլեկտրոնիկա,Bachelor,,,ՄԴԿ կառուցվածքների ֆիզիկա,5,Էլեկտրոնիկա,Armenian,
https://polytech.am/edu/electronics/,National Polytechnic University of Armenia,Էլեկտրոնիկա,Bachelor,,,Կիսահաղորդչային սարքերի և ինտեգրալ սխեմաների տեխնոլոգիա,4,Էլեկտրոնիկա,Armenian,
https://polytech.am/edu/electronics/,National Polytechnic University of Armenia,Էլեկտրոնիկա,Bachelor,,,Միկրո- և նանոէլեկտրոնիկայի ճարտարագիտական հիմունքներ,5,Էլեկտրոնիկա,Armenian,
https://polytech.am/edu/electronics/,National Polytechnic University of Armenia,Էլեկտրոնիկա,Bachelor,,,Կիսահաղորդիչների և նանոնյութերի հետազոտման և հսկման մեթոդներ,3,Էլեկտրոնիկա,Armenian,
https://polytech.am/edu/electronics/,National Polytechnic University of Armenia,Էլեկտրոնիկա,Bachelor,,,Հետերոանցումների ֆոտոէլեկտրական և օպտիկական հատկություններ,4,Էլեկտրոնիկա,Armenian,
https://polytech.am/edu/electronics/,National Polytechnic University of Armenia,Էլեկտրոնիկա,Bachelor,,,Ֆունկցիոնալ միկրոէլեկտրոնիկայի հիմունքներ,2,Էլեկտրոնիկա,Armenian,
https://polytech.am/edu/electronics/,National Polytechnic University of Armenia,Էլեկտրոնիկա,Bachelor,,,Կիսահաղորդչային սարքերի ֆիզիկական և կոնստրուկտորա-տեխնոլոգիական մոդելավորում,5,Էլեկտրոնիկա,Armenian,
https://polytech.am/edu/electronics/,National Polytechnic University of Armenia,Էլեկտրոնիկա,Bachelor,,,Միկրո- և նանոէլեկտրոնիկայի տեխնոլոգիական գործընթացների մոդելավորում,5,Էլեկտրոնիկա,Armenian,
https://polytech.am/edu/electronics/,National Polytechnic University of Armenia,Էլեկտրոնիկա,Bachelor,,,Միկրոսխեմատեխնիկա,6,Էլեկտրոնիկա,Armenian,
https://polytech.am/edu/electronics/,National Polytechnic University of Armenia,Էլեկտրոնիկա,Bachelor,,,Ինտեգրալ սխեմաների և բաղադրիչների մոդելավորում,9,Էլեկտրոնիկա,Armenian,
https://polytech.am/edu/electronics/,National Polytechnic University of Armenia,Էլեկտրոնիկա,Bachelor,,,Նանոէլեկտրոնիկայի տարրեր և սարքեր,4,Էլեկտրոնիկա,Armenian,
https://polytech.am/edu/electronics/,National Polytechnic University of Armenia,Էլեկտրոնիկա,Bachelor,,,Կիսահաղորդչային սարքերի և ինտեգրալ սխեմաների նախագծում և Կոնստրուկտավորում,7,Էլեկտրոնիկա,Armenian,
https://polytech.am/edu/electronics/,National Polytechnic University of Armenia,Էլեկտրոնիկա,Bachelor,,,Անալոգային և թվային ինտեգրալ սխեմաներ,4,Էլեկտրոնիկա,Armenian,
https://polytech.am/edu/electronics/,National Polytechnic University of Armenia,Էլեկտրոնիկա,Bachelor,,,Վակուումային և պլազմային սարքեր և սարքավորումներ,2,Էլեկտրոնիկա,Armenian,
https://polytech.am/edu/electronics/,National Polytechnic University of Armenia,Էլեկտրոնիկա,Bachelor,,,Քվանտային և օպտոէլեկտրոնային սարքեր և սարքավորումներ,3,Էլեկտրոնիկա,Armenian,
https://polytech.am/edu/information_security/,National Polytechnic University of Armenia,Տեղեկատվական Անվտանգություն,Bachelor,,,Ինֆորմատիկայի մաթեմատիկական Հիմունքներ,4,Տեղեկատվական Անվտանգություն,Armenian,
https://polytech.am/edu/information_security/,National Polytechnic University of Armenia,Տեղեկատվական Անվտանգություն,Bachelor,,,Ավտոմատների կիրառական տեսություն,5,Տեղեկատվական Անվտանգություն,Armenian,
https://polytech.am/edu/information_security/,National Polytechnic University of Armenia,Տեղեկատվական Անվտանգություն,Bachelor,,,Թվերի տեսություն,3,Տեղեկատվական Անվտանգություն,Armenian,
https://polytech.am/edu/information_security/,National Polytechnic University of Armenia,Տեղեկատվական Անվտանգություն,Bachelor,,,Հաշվողական համակարգերի ծրագրային ապահովում և ճարտարապետություն,7,Տեղեկատվական Անվտանգություն,Armenian,
https://polytech.am/edu/information_security/,National Polytechnic University of Armenia,Տեղեկատվական Անվտանգություն,Bachelor,,,Համակարգային ծրագրավորում,5,Տեղեկատվական Անվտանգություն,Armenian,
https://polytech.am/edu/information_security/,National Polytechnic University of Armenia,Տեղեկատվական Անվտանգություն,Bachelor,,,Օպերացիոն համակարգեր,8,Տեղեկատվական Անվտանգություն,Armenian,
https://polytech.am/edu/information_security/,National Polytechnic University of Armenia,Տեղեկատվական Անվտանգություն,Bachelor,,,Տեղեկատվության գաղտնագրային և թաքնագրային պաշտպանություն,13,Տեղեկատվական Անվտանգություն,Armenian,
https://polytech.am/edu/information_security/,National Polytechnic University of Armenia,Տեղեկատվական Անվտանգություն,Bachelor,,,Տվյալների բազաների նախագծման տեխնոլագիաներ և պաշտպանություն,5,Տեղեկատվական Անվտանգություն,Armenian,
https://polytech.am/edu/information_security/,National Polytechnic University of Armenia,Տեղեկատվական Անվտանգություն,Bachelor,,,Քոմփյութերային ցանցերի կազմակերպում և պաշտպանություն,8,Տեղեկատվական Անվտանգություն,Armenian,
https://polytech.am/edu/information_security/,National Polytechnic University of Armenia,Տեղեկատվական Անվտանգություն,Bachelor,,,Ծրագրավորման տեխնոլոգիա,10,Տեղեկատվական Անվտանգություն,Armenian,
https://polytech.am/edu/information_security/,National Polytechnic University of Armenia,Տեղեկատվական Անվտանգություն,Bachelor,,,Հաշվողական համակարգերի հակավիրուսային պաշտպանություն,5,Տեղեկատվական Անվտանգություն,Armenian,
https://polytech.am/edu/information_security/,National Polytechnic University of Armenia,Տեղեկատվական Անվտանգություն,Bachelor,,,Օբյեկտ-կողմնորոշված և կոմպոնենտային ծրագրավորում,5,Տեղեկատվական Անվտանգություն,Armenian,
https://polytech.am/edu/information_security/,National Polytechnic University of Armenia,Տեղեկատվական Անվտանգություն,Bachelor,,,Տվյալների պաշտպանությունը չարտոված մուտքերից,6,Տեղեկատվական Անվտանգություն,Armenian,
https://polytech.am/edu/information_security/,National Polytechnic University of Armenia,Տեղեկատվական Անվտանգություն,Bachelor,,,Ցանցային կիրառությունների ծրագրային ապահովում,4,Տեղեկատվական Անվտանգություն,Armenian,
https://polytech.am/edu/information_security/,National Polytechnic University of Armenia,Տեղեկատվական Անվտանգություն,Bachelor,,,Ծրագրերի թեստավորում,5,Տեղեկատվական Անվտանգություն,Armenian,
https://polytech.am/edu/information_security/,National Polytechnic University of Armenia,Տեղեկատվական Անվտանգություն,Bachelor,,,Տեղեկատվական անվտանգության ռիսկերի կառավարում,6,Տեղեկատվական Անվտանգություն,Armenian,
https://polytech.am/edu/information_systems/,National Polytechnic University of Armenia,Տեղեկատվական Համակարգեր,Bachelor,,,Կառավարման տեղեկատվական համակարգեր,1,Տեղեկատվական Համակարգեր,Armenian,
https://polytech.am/edu/information_systems/,National Polytechnic University of Armenia,Տեղեկատվական Համակարգեր,Bachelor,,,Հաշվողական մեթոդների կիրառական տեսություն,11,Տեղեկատվական Համակարգեր,Armenian,
https://polytech.am/edu/information_systems/,National Polytechnic University of Armenia,Տեղեկատվական Համակարգեր,Bachelor,,,Ինֆորմացիայի կիրառական տեսություն,3,Տեղեկատվական Համակարգեր,Armenian,
https://polytech.am/edu/information_systems/,National Polytechnic University of Armenia,Տեղեկատվական Համակարգեր,Bachelor,,,Բաշխված տեղեկատվական համակարգեր,5,Տեղեկատվական Համակարգեր,Armenian,
https://polytech.am/edu/information_systems/,National Polytechnic University of Armenia,Տեղեկատվական Համակարգեր,Bachelor,,,Տեղեկատվական համակարգերի գործառույթների օպտիմալացում,3,Տեղեկատվական Համակարգեր,Armenian,
https://polytech.am/edu/information_systems/,National Polytechnic University of Armenia,Տեղեկատվական Համակարգեր,Bachelor,,,Համակարգային վերլուծություն և գոր- ծողությունների հետազոտում,13,Տեղեկատվական Համակարգեր,Armenian,
https://polytech.am/edu/information_systems/,National Polytechnic University of Armenia,Տեղեկատվական Համակարգեր,Bachelor,,,Համակարգերի մոդելավորում,13,Տեղեկատվական Համակարգեր,Armenian,
https://polytech.am/edu/information_systems/,National Polytechnic University of Armenia,Տեղեկատվական Համակարգեր,Bachelor,,,Արհեստական բանականություն և մեքենայական ուսուցում,6,Տեղեկատվական Համակարգեր,Armenian,
https://polytech.am/edu/information_systems/,National Polytechnic University of Armenia,Տեղեկատվական Համակարգեր,Bachelor,,,Վճիռների կայացման մեթոդներ և Սցենարներ,6,Տեղեկատվական Համակարգեր,Armenian,
https://polytech.am/edu/information_systems/,National Polytechnic University of Armenia,Տեղեկատվական Համակարգեր,Bachelor,,,Տվյալների բազաների կառավարման համակարգեր,5,Տեղեկատվական Համակարգեր,Armenian,
https://polytech.am/edu/information_systems/,National Polytechnic University of Armenia,Տեղեկատվական Համակարգեր,Bachelor,,,Մեծածավալ տվյալներ,5,Տեղեկատվական Համակարգեր,Armenian,
https://polytech.am/edu/information_systems/,National Polytechnic University of Armenia,Տեղեկատվական Համակարգեր,Bachelor,,,Բանկային գործի և դրամաշրջանառության օպտիմալացում և ավտոմատացում,6,Տեղեկատվական Համակարգեր,Armenian,
https://polytech.am/edu/information_systems/,National Polytechnic University of Armenia,Տեղեկատվական Համակարգեր,Bachelor,,,Բանկերի ավտոմատացված կառավարում,5,Տեղեկատվական Համակարգեր,Armenian,
https://polytech.am/edu/information_systems/,National Polytechnic University of Armenia,Տեղեկատվական Համակարգեր,Bachelor,,,Ֆինանսաբանկային ավտոմատացված կառավարման համակարգերի նախագծում,9,Տեղեկատվական Համակարգեր,Armenian,
https://polytech.am/edu/information_systems/,National Polytechnic University of Armenia,Տեղեկատվական Համակարգեր,Bachelor,,,Ավտոմատացված հաշվապահական Համակարգեր,4,Տեղեկատվական Համակարգեր,Armenian,
https://polytech.am/edu/information_systems/,National Polytechnic University of Armenia,Տեղեկատվական Համակարգեր,Bachelor,,,Բանկային մարքեթինգի ավտոմա- տացված համակարգեր,6,Տեղեկատվական Համակարգեր,Armenian,
https://polytech.am/edu/information_systems/,National Polytechnic University of Armenia,Տեղեկատվական Համակարգեր,Bachelor,,,"Բիզնես գործառույթների կառավարում, էլեկտրոնային կառավարում",7,Տեղեկատվական Համակարգեր,Armenian,
https://polytech.am/edu/information_systems/,National Polytechnic University of Armenia,Տեղեկատվական Համակարգեր,Bachelor,,,"Ֆինանսական, ինվեստիցիոն, ստրատեգիական, համեմատական մենեջմենթի ավտոմատացված համակարգեր",4,Տեղեկատվական Համակարգեր,Armenian,
https://polytech.am/edu/information_systems/,National Polytechnic University of Armenia,Տեղեկատվական Համակարգեր,Bachelor,,,Էլեկտրոնային բիզնես և առևտուր,10,Տեղեկատվական Համակարգեր,Armenian,
https://polytech.am/edu/information_systems/,National Polytechnic University of Armenia,Տեղեկատվական Համակարգեր,Bachelor,,,Ինֆորմացիոն ցանցերի վարչարա րություն,9,Տեղեկատվական Համակարգեր,Armenian,
https://polytech.am/edu/information_systems/,National Polytechnic University of Armenia,Տեղեկատվական Համակարգեր,Bachelor,,,Կազմակերպչական կառավարման համակարգերի ինֆորմացիոն և ծրագրային ապահովում,7,Տեղեկատվական Համակարգեր,Armenian,
https://polytech.am/edu/information_systems/,National Polytechnic University of Armenia,Տեղեկատվական Համակարգեր,Bachelor,,,Ինֆորմացիոն մշակման և կառավարման ավտոմատացված համակարգերի հիմունքներ և նախագծում,8,Տեղեկատվական Համակարգեր,Armenian,
https://polytech.am/edu/information_systems/,National Polytechnic University of Armenia,Տեղեկատվական Համակարգեր,Bachelor,,,Համակարգային վերլու ծության մեթոդների կիրառումը ԿԿՀ-ում,8,Տեղեկատվական Համակարգեր,Armenian,
https://polytech.am/edu/information_systems/,National Polytechnic University of Armenia,Տեղեկատվական Համակարգեր,Bachelor,,,Ավտոմատացված համակարգերի հուսալիություն,7,Տեղեկատվական Համակարգեր,Armenian,
https://polytech.am/edu/information_systems/,National Polytechnic University of Armenia,Տեղեկատվական Համակարգեր,Bachelor,,,Տեղեկատվության մշակման և կառավարման իրական ժամանակի համակարգեր,7,Տեղեկատվական Համակարգեր,Armenian,
https://polytech.am/edu/information_systems/,National Polytechnic University of Armenia,Տեղեկատվական Համակարգեր,Bachelor,,,Տեղեկատվության մշակման և կառավարման ինտեգրված համակարգեր,8,Տեղեկատվական Համակարգեր,Armenian,
https://polytech.am/edu/information_systems/,National Polytechnic University of Armenia,Տեղեկատվական Համակարգեր,Bachelor,,,Տեղեկատվության մշակման և կառավարման բաշխված համակարգեր,8,Տեղեկատվական Համակարգեր,Armenian,
https://polytech.am/edu/information_systems/,National Polytechnic University of Armenia,Տեղեկատվական Համակարգեր,Bachelor,,,Տեխնոլոգիական գործընթացների կառավարման համակարգերի հուսալիություն,7,Տեղեկատվական Համակարգեր,Armenian,
https://polytech.am/edu/master-informatics-computer-science/,National Polytechnic University of Armenia,Ինֆորմատիկա (Համակարգչային գիտություն),Master,,,Ընդհանուր հանրահաշիվ,5,Ինֆորմատիկա (Համակարգչային գիտություն),Armenian,
https://polytech.am/edu/master-informatics-computer-science/,National Polytechnic University of Armenia,Ինֆորմատիկա (Համակարգչային գիտություն),Master,,,Հարմոնիկ անալիզ,5,Ինֆորմատիկա (Համակարգչային գիտություն),Armenian,
https://polytech.am/edu/master-informatics-computer-science/,National Polytechnic University of Armenia,Ինֆորմատիկա (Համակարգչային գիտություն),Master,,,Դիֆերենցիալ հավասարումների լուծման թվային մեթոդներ,3,Ինֆորմատիկա (Համակարգչային գիտություն),Armenian,
https://polytech.am/edu/master-informatics-computer-science/,National Polytechnic University of Armenia,Ինֆորմատիկա (Համակարգչային գիտություն),Master,,,Մաթ.ֆիզ. հավասարումների լրացուցիչ բաժիններ,5,Ինֆորմատիկա (Համակարգչային գիտություն),Armenian,
https://polytech.am/edu/master-informatics-computer-science/,National Polytechnic University of Armenia,Ինֆորմատիկա (Համակարգչային գիտություն),Master,,,Կոմպլեքս անալիզի լրացուցիչ բաժիններ,4,Ինֆորմատիկա (Համակարգչային գիտություն),Armenian,
https://polytech.am/edu/master-informatics-computer-science/,National Polytechnic University of Armenia,Ինֆորմատիկա (Համակարգչային գիտություն),Master,,,Ալգորիթմների բարդություն,3,Ինֆորմատիկա (Համակարգչային գիտություն),Armenian,
https://polytech.am/edu/master-informatics-computer-science/,National Polytechnic University of Armenia,Ինֆորմատիկա (Համակարգչային գիտություն),Master,,,Ազդանշանների մշակման մաթեմատիկական հիմունքներ,4,Ինֆորմատիկա (Համակարգչային գիտություն),Armenian,
https://polytech.am/edu/master-informatics-computer-science/,National Polytechnic University of Armenia,Ինֆորմատիկա (Համակարգչային գիտություն),Master,,,Դիսկրետ մաթեմատիկայի լրացուցիչ բաժիններ,,Ինֆորմատիկա (Համակարգչային գիտություն),Armenian,
https://polytech.am/edu/master-informatics-computer-science/,National Polytechnic University of Armenia,Ինֆորմատիկա (Համակարգչային գիտություն),Master,,,MATLAB ծրագրային փաթեթ 2,,Ինֆորմատիկա (Համակարգչային գիտություն),Armenian,
https://polytech.am/edu/master-informatics-computer-science/,National Polytechnic University of Armenia,Ինֆորմատիկա (Համակարգչային գիտություն),Master,,,Ստացիոնար պատահական պրոցեսների վիճակագրություն և գուշակում,,Ինֆորմատիկա (Համակարգչային գիտություն),Armenian,
https://polytech.am/edu/master-informatics-computer-science/,National Polytechnic University of Armenia,Ինֆորմատիկա (Համակարգչային գիտություն),Master,,,Եզրային խնդիրներ մասնական ածանցյալներով դիֆերենցիալ հավասարումների համար,,Ինֆորմատիկա (Համակարգչային գիտություն),Armenian,
https://polytech.am/edu/master-informatics-computer-science/,National Polytechnic University of Armenia,Ինֆորմատիկա (Համակարգչային գիտություն),Master,,,Դիսկրետ ձևափոխությունների կիրառություններ ազդանշանների թվային մշակման համար,,Ինֆորմատիկա (Համակարգչային գիտություն),Armenian,
https://polytech.am/edu/master-informatics-computer-science/,National Polytechnic University of Armenia,Ինֆորմատիկա (Համակարգչային գիտություն),Master,,,Ինֆորմացիայի տեսություն,,Ինֆորմատիկա (Համակարգչային գիտություն),Armenian,
https://polytech.am/edu/master-informatics-computer-science/,National Polytechnic University of Armenia,Ինֆորմատիկա (Համակարգչային գիտություն),Master,,,Կորերի և մակերևույթների երկրաչափություն,,Ինֆորմատիկա (Համակարգչային գիտություն),Armenian,
https://polytech.am/edu/master_computer_engineering/,National Polytechnic University of Armenia,Համակարգչային Ճարտարագիտություն,Master,,,Ցանցային համակարգերի պաշտպանություն և անվտանգություն,5,Համակարգչային Ճարտարագիտություն,Armenian,
https://polytech.am/edu/master_computer_engineering/,National Polytechnic University of Armenia,Համակարգչային Ճարտարագիտություն,Master,,,Համակարգչային ցանցերի նախագծում և իրականացում,5,Համակարգչային Ճարտարագիտություն,Armenian,
https://polytech.am/edu/master_computer_engineering/,National Polytechnic University of Armenia,Համակարգչային Ճարտարագիտություն,Master,,,Ժամանակակից ցանցային օպերացիոն համակարգերի համատեղելիության մեթոդներ և միջոցներ,5,Համակարգչային Ճարտարագիտություն,Armenian,
https://polytech.am/edu/master_computer_engineering/,National Polytechnic University of Armenia,Համակարգչային Ճարտարագիտություն,Master,,,Ցանցային համակարգերի կառավարման մեթոդներ և միջոցներ,5,Համակարգչային Ճարտարագիտություն,Armenian,
https://polytech.am/edu/master_computer_engineering/,National Polytechnic University of Armenia,Համակարգչային Ճարտարագիտություն,Master,,,Զուգահեռ համակարգչային ճարտարապետություններ,5,Համակարգչային Ճարտարագիտություն,Armenian,
https://polytech.am/edu/master_computer_engineering/,National Polytechnic University of Armenia,Համակարգչային Ճարտարագիտություն,Master,,,Կլաստերային համակարգեր և գրիդ տեխնոլոգաներ,4,Համակարգչային Ճարտարագիտություն,Armenian,
https://polytech.am/edu/master_computer_engineering/,National Polytechnic University of Armenia,Համակարգչային Ճարտարագիտություն,Master,,,Ժամանակակից պրոցեսորներում գաղտնագրման մեթոդների ապարատային իրականացում,,Համակարգչային Ճարտարագիտություն,Armenian,
https://polytech.am/edu/master_computer_engineering/,National Polytechnic University of Armenia,Համակարգչային Ճարտարագիտություն,Master,,,Հաշվողական համակարգերի և ցանցերի սերվերներ,,Համակարգչային Ճարտարագիտություն,Armenian,
https://polytech.am/edu/master_computer_engineering/,National Polytechnic University of Armenia,Համակարգչային Ճարտարագիտություն,Master,,,Հաշվողական համակարգերի թեստավորման ապարատածրագրային միջոցներ,,Համակարգչային Ճարտարագիտություն,Armenian,
https://polytech.am/edu/master_computer_engineering/,National Polytechnic University of Armenia,Համակարգչային Ճարտարագիտություն,Master,,,Նոր սերնդի ցանցային տեխնոլոգիաներ,,Համակարգչային Ճարտարագիտություն,Armenian,
https://polytech.am/edu/master_computer_engineering/,National Polytechnic University of Armenia,Համակարգչային Ճարտարագիտություն,Master,,,Հեռահաղորդակցական ցանցային սարքերի և սարքավորումների ընտրության գործիքամիջոցներ,,Համակարգչային Ճարտարագիտություն,Armenian,
https://polytech.am/edu/master_computer_engineering/,National Polytechnic University of Armenia,Համակարգչային Ճարտարագիտություն,Master,,,Նեյրոնային ցանցեր,,Համակարգչային Ճարտարագիտություն,Armenian,
https://polytech.am/edu/master_computer_engineering/,National Polytechnic University of Armenia,Համակարգչային Ճարտարագիտություն,Master,,,Հաշվողական համակարգերի արտաքին սարքեր,,Համակարգչային Ճարտարագիտություն,Armenian,
https://polytech.am/edu/master_computer_engineering/,National Polytechnic University of Armenia,Համակարգչային Ճարտարագիտություն,Master,,,Հաշվողական միջոցների ժամանակակից էլեմենտային բազա,,Համակարգչային Ճարտարագիտություն,Armenian,
https://polytech.am/edu/master_computer_engineering/,National Polytechnic University of Armenia,Համակարգչային Ճարտարագիտություն,Master,,,Հաշվողական համակարգերի և ցանցերի չափագրման գործիքամիջոցներ,,Համակարգչային Ճարտարագիտություն,Armenian,
https://polytech.am/edu/master_electronics/,National Polytechnic University of Armenia,Էլեկտրոնիկա,Master,,,Էլեկտրոնային շղթաների նախագծում (Էլեկտրոնիկա և Կիսահաղորդիչների ֆիզիկա և միկրոէլեկտրոնիկա ԿԾ-ի համար),5,Էլեկտրոնիկա,Armenian,
https://polytech.am/edu/master_electronics/,National Polytechnic University of Armenia,Էլեկտրոնիկա,Master,,,Նանոէլեկտրոնիկայի ֆիզիկական և ճարտարագիտական հիմունքներ (Էլեկտրոնիկա և Կիսահաղորդիչների ֆիզիկա և միկրոէլեկտրոնիկա ԿԾ-ի համար),5,Էլեկտրոնիկա,Armenian,
https://polytech.am/edu/master_electronics/,National Polytechnic University of Armenia,Էլեկտրոնիկա,Master,,,Միկրո և նանոկառուցվածքների ֆիզիկա,5,Էլեկտրոնիկա,Armenian,
https://polytech.am/edu/master_electronics/,National Polytechnic University of Armenia,Էլեկտրոնիկա,Master,,,Միկրոկոնտրոլերային սարքավորումներ,5,Էլեկտրոնիկա,Armenian,
https://polytech.am/edu/master_electronics/,National Polytechnic University of Armenia,Էլեկտրոնիկա,Master,,,Միկրո և նանոկառուցվածքների տեխնոլոգիայի մոդելավորում,5,Էլեկտրոնիկա,Armenian,
https://polytech.am/edu/master_electronics/,National Polytechnic University of Armenia,Էլեկտրոնիկա,Master,,,Թվային համակարգերի նախագծում,4,Էլեկտրոնիկա,Armenian,
https://polytech.am/edu/master_electronics/,National Polytechnic University of Armenia,Էլեկտրոնիկա,Master,,,ՄԴԿ կառուցվածքների ‎ֆիզիկա և մասշտաբավորում,5,Էլեկտրոնիկա,Armenian,
https://polytech.am/edu/master_electronics/,National Polytechnic University of Armenia,Էլեկտրոնիկա,Master,,,ԿՄՕԿ անալոգային և թվային սխեմաների տրամաբանական և սխեմատեխնիկական նախագծում,5,Էլեկտրոնիկա,Armenian,
https://polytech.am/edu/master_electronics/,National Polytechnic University of Armenia,Էլեկտրոնիկա,Master,,,Կիսահաղորդչային հետերոկառուցվածքներ և քվանտային սարքեր,5,Էլեկտրոնիկա,Armenian,
https://polytech.am/edu/master_electronics/,National Polytechnic University of Armenia,Էլեկտրոնիկա,Master,,,Գերմեծ ինտեգրալ սխեմաների և համակարգերի նախագծում,4,Էլեկտրոնիկա,Armenian,
https://polytech.am/edu/master_electronics/,National Polytechnic University of Armenia,Էլեկտրոնիկա,Master,,,Մասնագիտացված մուտք/ելքի սարքերի նախագծում,5,Էլեկտրոնիկա,Armenian,
https://polytech.am/edu/master_electronics/,National Polytechnic University of Armenia,Էլեկտրոնիկա,Master,,,Թեստավորմանը կողմորոշված նախագծում,5,Էլեկտրոնիկա,Armenian,
https://polytech.am/edu/master_electronics/,National Polytechnic University of Armenia,Էլեկտրոնիկա,Master,,,Ցածր հզորության սխեմաների նախագծում,5,Էլեկտրոնիկա,Armenian,
https://polytech.am/edu/master_electronics/,National Polytechnic University of Armenia,Էլեկտրոնիկա,Master,,,Ներդրված համակարգեր,4,Էլեկտրոնիկա,Armenian,
https://polytech.am/edu/master_electronics/,National Polytechnic University of Armenia,Էլեկտրոնիկա,Master,,,Ազդանշանների կերպափոխիչներ,,Էլեկտրոնիկա,Armenian,
https://polytech.am/edu/master_electronics/,National Polytechnic University of Armenia,Էլեկտրոնիկա,Master,,,Էլեկտրոնային համակարգերի թեսթավորում և արատորոշում,,Էլեկտրոնիկա,Armenian,
https://polytech.am/edu/master_electronics/,National Polytechnic University of Armenia,Էլեկտրոնիկա,Master,,,Երկրորդային էլեկտրասնման համակարգեր,,Էլեկտրոնիկա,Armenian,
https://polytech.am/edu/master_electronics/,National Polytechnic University of Armenia,Էլեկտրոնիկա,Master,,,Միկրոկոնտրոլերների կիրառություններ,,Էլեկտրոնիկա,Armenian,
https://polytech.am/edu/master_electronics/,National Polytechnic University of Armenia,Էլեկտրոնիկա,Master,,,Միկրոպրոցեսորային համակարգերի նախագծում,,Էլեկտրոնիկա,Armenian,
https://polytech.am/edu/master_electronics/,National Polytechnic University of Armenia,Էլեկտրոնիկա,Master,,,Ազդանշանների մշակում,,Էլեկտրոնիկա,Armenian,
https://polytech.am/edu/master_electronics/,National Polytechnic University of Armenia,Էլեկտրոնիկա,Master,,,Օպտոէլեկտրոնային սարքեր,,Էլեկտրոնիկա,Armenian,
https://polytech.am/edu/master_electronics/,National Polytechnic University of Armenia,Էլեկտրոնիկա,Master,,,Պինդ մարմնային ԳԲՀ էլեկտրոնիկա,,Էլեկտրոնիկա,Armenian,
https://polytech.am/edu/master_electronics/,National Polytechnic University of Armenia,Էլեկտրոնիկա,Master,,,Ալիքային ֆունկցիաների և էներգետիկ սպեկտրների մոդելավորում,,Էլեկտրոնիկա,Armenian,
https://polytech.am/edu/master_electronics/,National Polytechnic University of Armenia,Էլեկտրոնիկա,Master,,,"Նանոմասնիկներ, նանոխողովակներ, կլաստերներ",,Էլեկտրոնիկա,Armenian,
https://polytech.am/edu/master_electronics/,National Polytechnic University of Armenia,Էլեկտրոնիկա,Master,,,Նանոկառուցվածքների ֆիզիկական երևույթների մոդելավորում,,Էլեկտրոնիկա,Armenian,
https://polytech.am/edu/master_electronics/,National Polytechnic University of Armenia,Էլեկտրոնիկա,Master,,,Նանոկառուցվածքների տեխնոլոգիայի հատուկ հարցեր,,Էլեկտրոնիկա,Armenian,
https://polytech.am/edu/master_electronics/,National Polytechnic University of Armenia,Էլեկտրոնիկա,Master,,,Ռադիացիոն կայուն ինտեգրալ սխեմաների նախագծում,,Էլեկտրոնիկա,Armenian,
https://polytech.am/edu/master_electronics/,National Polytechnic University of Armenia,Էլեկտրոնիկա,Master,,,Քվանտային և օպտոէլեկտրոնային սարքեր,,Էլեկտրոնիկա,Armenian,
https://polytech.am/edu/master_electronics/,National Polytechnic University of Armenia,Էլեկտրոնիկա,Master,,,Ձեռնարկատիրությունը տեղեկատվական տեխնոլոգիաների բնագավառում,,Էլեկտրոնիկա,Armenian,
https://polytech.am/edu/master_electronics/,National Polytechnic University of Armenia,Էլեկտրոնիկա,Master,,,Փոխազդեցություններ և աղմուկներ,,Էլեկտրոնիկա,Armenian,
https://polytech.am/edu/master_electronics/,National Polytechnic University of Armenia,Էլեկտրոնիկա,Master,,,Գերմեծ ինտեգրալ սխեմաների միջմիացումների մոդելավորում և օպտիմալացում,,Էլեկտրոնիկա,Armenian,
https://polytech.am/edu/master_electronics/,National Polytechnic University of Armenia,Էլեկտրոնիկա,Master,,,Էլեկտրոնային համակարգերի հուսալիություն,,Էլեկտրոնիկա,Armenian,
https://polytech.am/edu/master_electronics/,National Polytechnic University of Armenia,Էլեկտրոնիկա,Master,,,Ուժային էլեկտրոնային սարքավորումներ,,Էլեկտրոնիկա,Armenian,
https://polytech.am/edu/master_electronics/,National Polytechnic University of Armenia,Էլեկտրոնիկա,Master,,,Հետերոկառուցվածքների ֆիզիկա,,Էլեկտրոնիկա,Armenian,
https://polytech.am/edu/master_electronics/,National Polytechnic University of Armenia,Էլեկտրոնիկա,Master,,,Նանոկառուցվածքների հետազոտման մեթոդներ,,Էլեկտրոնիկա,Armenian,
https://polytech.am/edu/master_electronics/,National Polytechnic University of Armenia,Էլեկտրոնիկա,Master,,,Մակերևույթի ֆիզիկա և զոնդային տեխնոլոգիաներ,,Էլեկտրոնիկա,Armenian,
https://polytech.am/edu/master_electronics/,National Polytechnic University of Armenia,Էլեկտրոնիկա,Master,,,Կերամիկական և կոմպոզիցիոն նյութերի ֆ‎իզիկա և տեխնոլոգիա,,Էլեկտրոնիկա,Armenian,
https://polytech.am/edu/master_electronics/,National Polytechnic University of Armenia,Էլեկտրոնիկա,Master,,,Ինտեգրալային օպտիկա,,Էլեկտրոնիկա,Armenian,
https://polytech.am/edu/master_electronics/,National Polytechnic University of Armenia,Էլեկտրոնիկա,Master,,,Ավտոմատացված նախագծման մաթեմատ. մեթոդներ,,Էլեկտրոնիկա,Armenian,
https://polytech.am/edu/master_electronics/,National Polytechnic University of Armenia,Էլեկտրոնիկա,Master,,,Էլեկտրոնային ավտոմատացված նախագծման ծրագրային գործիքային միջոցներ,,Էլեկտրոնիկա,Armenian,
https://polytech.am/edu/master_electronics/,National Polytechnic University of Armenia,Էլեկտրոնիկա,Master,,,Ազդանշանների թվային մշակում,,Էլեկտրոնիկա,Armenian,
https://polytech.am/edu/master_electronics/,National Polytechnic University of Armenia,Էլեկտրոնիկա,Master,,,Էլեկտրոնային սարքավորումների ավտոմատ նախագծում,,Էլեկտրոնիկա,Armenian,
https://polytech.am/edu/master_electronics/,National Polytechnic University of Armenia,Էլեկտրոնիկա,Master,,,Էլեկտրոնային սարքավորումների կառավարման համակարգեր,,Էլեկտրոնիկա,Armenian,
https://polytech.am/edu/master_electronics/,National Polytechnic University of Armenia,Էլեկտրոնիկա,Master,,,Նանոկառուցվածքների օպտիկական հատկություններ,,Էլեկտրոնիկա,Armenian,
https://polytech.am/edu/master_electronics/,National Polytechnic University of Armenia,Էլեկտրոնիկա,Master,,,Միկրոէլեկտրոնային սարքերի համակարգչային մոդելավորում և նախագծում,,Էլեկտրոնիկա,Armenian,
https://polytech.am/edu/master_electronics/,National Polytechnic University of Armenia,Էլեկտրոնիկա,Master,,,Միկրո- և նանոէլեկտրոնիկայի հատուկ հարցեր,,Էլեկտրոնիկա,Armenian,
https://polytech.am/edu/master_electronics/,National Polytechnic University of Armenia,Էլեկտրոնիկա,Master,,,Ռադիոհաճախականային ինտեգրալ սխեմաների նախագծում,,Էլեկտրոնիկա,Armenian,
https://polytech.am/edu/master_electronics/,National Polytechnic University of Armenia,Էլեկտրոնիկա,Master,,,Գերմեծ ինտեգրալ սխեմաների ֆիզիկական նախագծման ալգորիթմներ,,Էլեկտրոնիկա,Armenian,
https://polytech.am/edu/master_information_systems/,National Polytechnic University of Armenia,Տեղեկատվական Համակարգեր,Master,,,Համակարգային վերլուծություն և մաթեմատիկական մոդելավորում,5,Տեղեկատվական Համակարգեր,Armenian,
https://polytech.am/edu/master_information_systems/,National Polytechnic University of Armenia,Տեղեկատվական Համակարգեր,Master,,,"Վճիռների կայացման տեսություն, նեյրոնային ցանցեր, գենետիկ ալգորիթմներ",5,Տեղեկատվական Համակարգեր,Armenian,
https://polytech.am/edu/master_information_systems/,National Polytechnic University of Armenia,Տեղեկատվական Համակարգեր,Master,,,Տեղեկատվական համակարգերի նախագծում,5,Տեղեկատվական Համակարգեր,Armenian,
https://polytech.am/edu/master_information_systems/,National Polytechnic University of Armenia,Տեղեկատվական Համակարգեր,Master,,,IT նախագծերի կառավարում,5,Տեղեկատվական Համակարգեր,Armenian,
https://polytech.am/edu/master_information_systems/,National Polytechnic University of Armenia,Տեղեկատվական Համակարգեր,Master,,,Ծրագրային ճարտարագիտության մեթոդներ և միջոցներ,5,Տեղեկատվական Համակարգեր,Armenian,
https://polytech.am/edu/master_information_systems/,National Polytechnic University of Armenia,Տեղեկատվական Համակարգեր,Master,,,Դիֆերենցիալ ձևափոխություններ,4,Տեղեկատվական Համակարգեր,Armenian,
https://polytech.am/edu/master_information_systems/,National Polytechnic University of Armenia,Տեղեկատվական Համակարգեր,Master,,,Կորպորատիվ տեղեկատվական համակարգեր,,Տեղեկատվական Համակարգեր,Armenian,
https://polytech.am/edu/master_information_systems/,National Polytechnic University of Armenia,Տեղեկատվական Համակարգեր,Master,,,Ինտելեկտուալ տեղեկատվական համակարգեր,,Տեղեկատվական Համակարգեր,Armenian,
https://polytech.am/edu/master_information_systems/,National Polytechnic University of Armenia,Տեղեկատվական Համակարգեր,Master,,,Բիզնես մոդելավորում,,Տեղեկատվական Համակարգեր,Armenian,
https://polytech.am/edu/master_information_systems/,National Polytechnic University of Armenia,Տեղեկատվական Համակարգեր,Master,,,Սոցիալ տնտեսական համակարգերի վերլուծություն և բազմաագենտ մոդելավորում,,Տեղեկատվական Համակարգեր,Armenian,
https://polytech.am/edu/master_information_systems/,National Polytechnic University of Armenia,Տեղեկատվական Համակարգեր,Master,,,Տվյալների մշակման ալգորիթմների կառուցում և վերլուծություն,,Տեղեկատվական Համակարգեր,Armenian,
https://polytech.am/edu/master_information_systems/,National Polytechnic University of Armenia,Տեղեկատվական Համակարգեր,Master,,,Գրաֆիկական ինֆորմացիայի մշակման ծրագրասարքավորումային միջոցներ,,Տեղեկատվական Համակարգեր,Armenian,
https://polytech.am/edu/master_information_systems/,National Polytechnic University of Armenia,Տեղեկատվական Համակարգեր,Master,,,Ճարտարագիտական խնդիրների լուծման կիրառական ծրագրերի փաթեթներ,,Տեղեկատվական Համակարգեր,Armenian,
https://polytech.am/edu/master_information_systems/,National Polytechnic University of Armenia,Տեղեկատվական Համակարգեր,Master,,,Համակարգերի ինֆորմացիոն տեսություն,,Տեղեկատվական Համակարգեր,Armenian,
https://polytech.am/edu/master_information_systems/,National Polytechnic University of Armenia,Տեղեկատվական Համակարգեր,Master,,,Տեխնիկական փաստաթղթերի մշակման ժամանակակից տեխնոլոգիաներ,,Տեղեկատվական Համակարգեր,Armenian,
https://polytech.am/edu/master_information_systems/,National Polytechnic University of Armenia,Տեղեկատվական Համակարգեր,Master,,,Ռազմավարական նախագծերի վերլուծություն,,Տեղեկատվական Համակարգեր,Armenian,
https://polytech.am/edu/master_information_systems/,National Polytechnic University of Armenia,Տեղեկատվական Համակարգեր,Master,,,Ինտելեկտուալ սեփականության պաշտպանություն,,Տեղեկատվական Համակարգեր,Armenian,
https://polytech.am/edu/master_mechanical_engineering/,National Polytechnic University of Armenia,Մեքենագիտություն,Master,,,Հուսալիություն,5,Մեքենագիտություն,Armenian,
https://polytech.am/edu/master_mechanical_engineering/,National Polytechnic University of Armenia,Մեքենագիտություն,Master,,,Տեխնիկաական համակարգերի քոմփյութերային նախագծում,5,Մեքենագիտություն,Armenian,
https://polytech.am/edu/master_mechanical_engineering/,National Polytechnic University of Armenia,Մեքենագիտություն,Master,,,Տեխնոլոգիական գործընթացների ավտոմատ նախագծման համակարգեր,5,Մեքենագիտություն,Armenian,
https://polytech.am/edu/master_mechanical_engineering/,National Polytechnic University of Armenia,Մեքենագիտություն,Master,,,Տեխնոլոգիական մեխանիկա,4,Մեքենագիտություն,Armenian,
https://polytech.am/edu/master_mechanical_engineering/,National Polytechnic University of Armenia,Մեքենագիտություն,Master,,,Անալիտիկ դինամիկա,5,Մեքենագիտություն,Armenian,
https://polytech.am/edu/master_mechanical_engineering/,National Polytechnic University of Armenia,Մեքենագիտություն,Master,,,Մեքենաների նախագծման տես. և կիրառ. հիմունքներ,5,Մեքենագիտություն,Armenian,
https://polytech.am/edu/master_mechanical_engineering/,National Polytechnic University of Armenia,Մեքենագիտություն,Master,,,Քոմփյութերային պոլիգրաֆիական տեխնոլոգիաներ,5,Մեքենագիտություն,Armenian,
https://polytech.am/edu/master_mechanical_engineering/,National Polytechnic University of Armenia,Մեքենագիտություն,Master,,,Պոլիգրաֆիական արտադրանքի ծրագրային փաթեթներ,4,Մեքենագիտություն,Armenian,
https://polytech.am/edu/master_mechanical_engineering/,National Polytechnic University of Armenia,Մեքենագիտություն,Master,,,Հրատարակչական նյութերի խմբագրում,5,Մեքենագիտություն,Armenian,
https://polytech.am/edu/master_mechanical_engineering/,National Polytechnic University of Armenia,Մեքենագիտություն,Master,,,Պոլիգրաֆիական արտադրության կազմակերպում և կառավարում,5,Մեքենագիտություն,Armenian,
https://polytech.am/edu/master_mechanical_engineering/,National Polytechnic University of Armenia,Մեքենագիտություն,Master,,,Օպտիմալ նախագծման և կառավարման հիմունքներ,5,Մեքենագիտություն,Armenian,
https://polytech.am/edu/master_mechanical_engineering/,National Polytechnic University of Armenia,Մեքենագիտություն,Master,,,Մեքենաների կառուցվածքային ամրություն,4,Մեքենագիտություն,Armenian,
https://polytech.am/edu/master_mechanical_engineering/,National Polytechnic University of Armenia,Մեքենագիտություն,Master,,,Շարժման վիբրացիոն կերպափոխիչներ,5,Մեքենագիտություն,Armenian,
https://polytech.am/edu/master_mechanical_engineering/,National Polytechnic University of Armenia,Մեքենագիտություն,Master,,,Մեքենաների դինամիկա,5,Մեքենագիտություն,Armenian,
https://polytech.am/edu/master_mechanical_engineering/,National Polytechnic University of Armenia,Մեքենագիտություն,Master,,,Ռոբոտատեխնիկական սարքերի նախագծում,5,Մեքենագիտություն,Armenian,
https://polytech.am/edu/master_mechanical_engineering/,National Polytechnic University of Armenia,Մեքենագիտություն,Master,,,Հիդրոպնևմոավտոմատիկա,4,Մեքենագիտություն,Armenian,
https://polytech.am/edu/master_mechanical_engineering/,National Polytechnic University of Armenia,Մեքենագիտություն,Master,,,Մեխատրոնիկա,5,Մեքենագիտություն,Armenian,
https://polytech.am/edu/master_mechanical_engineering/,National Polytechnic University of Armenia,Մեքենագիտություն,Master,,,Մանիպուլյացիոն մեխանիզմներ,5,Մեքենագիտություն,Armenian,
https://polytech.am/edu/master_mechanical_engineering/,National Polytechnic University of Armenia,Մեքենագիտություն,Master,,,Վերջավոր տարրերի մեթոդը մեխանիկայում,,Մեքենագիտություն,Armenian,
https://polytech.am/edu/master_mechanical_engineering/,National Polytechnic University of Armenia,Մեքենագիտություն,Master,,,Հոծ միջավայրի և քայքայման մեխանիկա,,Մեքենագիտություն,Armenian,
https://polytech.am/edu/master_mechanical_engineering/,National Polytechnic University of Armenia,Մեքենագիտություն,Master,,,Տարաների և փաթեթների նախագծում և ձևավորում,,Մեքենագիտություն,Armenian,
https://polytech.am/edu/master_mechanical_engineering/,National Polytechnic University of Armenia,Մեքենագիտություն,Master,,,Հեղուկների և գազերի դինամիկա,,Մեքենագիտություն,Armenian,
https://polytech.am/edu/master_mechanical_engineering/,National Polytechnic University of Armenia,Մեքենագիտություն,Master,,,Հոգնածային երևույթները տեխնիկայում,,Մեքենագիտություն,Armenian,
https://polytech.am/edu/master_mechanical_engineering/,National Polytechnic University of Armenia,Մեքենագիտություն,Master,,,Լոգիստիկա,,Մեքենագիտություն,Armenian,
https://polytech.am/edu/master_mechanical_engineering/,National Polytechnic University of Armenia,Մեքենագիտություն,Master,,,Գունավոր տպագրության տեխնոլոգիա,,Մեքենագիտություն,Armenian,
https://polytech.am/edu/master_mechanical_engineering/,National Polytechnic University of Armenia,Մեքենագիտություն,Master,,,Տեխնոլոգիական մեխանիկա 2,,Մեքենագիտություն,Armenian,
https://polytech.am/edu/master_mechanical_engineering/,National Polytechnic University of Armenia,Մեքենագիտություն,Master,,,Սալերի և թաղանթների տեսություն,,Մեքենագիտություն,Armenian,
https://polytech.am/edu/master_mechanical_engineering/,National Polytechnic University of Armenia,Մեքենագիտություն,Master,,,Վիբրատեխնիկա,,Մեքենագիտություն,Armenian,
https://polytech.am/edu/master_mechanical_engineering/,National Polytechnic University of Armenia,Մեքենագիտություն,Master,,,Օպերատիվ պոլիգրաֆիա,,Մեքենագիտություն,Armenian,
https://polytech.am/edu/master_mechanical_engineering/,National Polytechnic University of Armenia,Մեքենագիտություն,Master,,,Նյութերի փորձարարական մեխանիկա,,Մեքենագիտություն,Armenian,
https://polytech.am/edu/master_radioengineering_and_communication/,National Polytechnic University of Armenia,Ռադիոտեխնիկա Եվ Կապ,Master,,,Ազդանշանների ընդհանրացված վերլուծություն,5,Ռադիոտեխնիկա Եվ Կապ,Armenian,
https://polytech.am/edu/master_radioengineering_and_communication/,National Polytechnic University of Armenia,Ռադիոտեխնիկա Եվ Կապ,Master,,,Թվային հեռուստատեսություն,5,Ռադիոտեխնիկա Եվ Կապ,Armenian,
https://polytech.am/edu/master_radioengineering_and_communication/,National Polytechnic University of Armenia,Ռադիոտեխնիկա Եվ Կապ,Master,,,"Միկրո-, նանո- տեխնոլոգիաներ և սխեմատեխնիկա",5,Ռադիոտեխնիկա Եվ Կապ,Armenian,
https://polytech.am/edu/master_radioengineering_and_communication/,National Polytechnic University of Armenia,Ռադիոտեխնիկա Եվ Կապ,Master,,,Ինֆորմացիայի հաղորդման թվային համակարգեր,4,Ռադիոտեխնիկա Եվ Կապ,Armenian,
https://polytech.am/edu/master_radioengineering_and_communication/,National Polytechnic University of Armenia,Ռադիոտեխնիկա Եվ Կապ,Master,,,Աղմկային ազդանշանների ընդունում և մշակում,5,Ռադիոտեխնիկա Եվ Կապ,Armenian,
https://polytech.am/edu/master_radioengineering_and_communication/,National Polytechnic University of Armenia,Ռադիոտեխնիկա Եվ Կապ,Master,,,Ռադիոռելեային և արբանյակային հաղորդման համակարգեր,5,Ռադիոտեխնիկա Եվ Կապ,Armenian,
https://polytech.am/edu/master_radioengineering_and_communication/,National Polytechnic University of Armenia,Ռադիոտեխնիկա Եվ Կապ,Master,,,Մանրաթելային օպտիկական կապի գծեր և հաղորդման համակարգեր,4,Ռադիոտեխնիկա Եվ Կապ,Armenian,
https://polytech.am/edu/master_radioengineering_and_communication/,National Polytechnic University of Armenia,Ռադիոտեխնիկա Եվ Կապ,Master,,,Կապի ցանցեր,5,Ռադիոտեխնիկա Եվ Կապ,Armenian,
https://polytech.am/edu/master_radioengineering_and_communication/,National Polytechnic University of Armenia,Ռադիոտեխնիկա Եվ Կապ,Master,,,Թվային կապի հիմունքներ,5,Ռադիոտեխնիկա Եվ Կապ,Armenian,
https://polytech.am/edu/master_radioengineering_and_communication/,National Polytechnic University of Armenia,Ռադիոտեխնիկա Եվ Կապ,Master,,,Շարժական կապի համակարգեր,,Ռադիոտեխնիկա Եվ Կապ,Armenian,
https://polytech.am/edu/master_radioengineering_and_communication/,National Polytechnic University of Armenia,Ռադիոտեխնիկա Եվ Կապ,Master,,,Գերբարձր հաճախականային էլեկտրոնիկա,,Ռադիոտեխնիկա Եվ Կապ,Armenian,
https://polytech.am/edu/master_radioengineering_and_communication/,National Polytechnic University of Armenia,Ռադիոտեխնիկա Եվ Կապ,Master,,,Ազդանշանների և պատկերների թվային մշակման տեսություն,,Ռադիոտեխնիկա Եվ Կապ,Armenian,
https://polytech.am/edu/master_radioengineering_and_communication/,National Polytechnic University of Armenia,Ռադիոտեխնիկա Եվ Կապ,Master,,,Անտենային համակարգեր,,Ռադիոտեխնիկա Եվ Կապ,Armenian,
https://polytech.am/edu/master_radioengineering_and_communication/,National Polytechnic University of Armenia,Ռադիոտեխնիկա Եվ Կապ,Master,,,Կոմուտացիայի թվային համակարգեր,,Ռադիոտեխնիկա Եվ Կապ,Armenian,
https://polytech.am/edu/master_radioengineering_and_communication/,National Polytechnic University of Armenia,Ռադիոտեխնիկա Եվ Կապ,Master,,,Բարձր հզորության ԳԲՀ սարքեր,,Ռադիոտեխնիկա Եվ Կապ,Armenian,
https://polytech.am/edu/master_radioengineering_and_communication/,National Polytechnic University of Armenia,Ռադիոտեխնիկա Եվ Կապ,Master,,,Հեղուկ բյուրեղային ֆոտոնիկա,,Ռադիոտեխնիկա Եվ Կապ,Armenian,
https://polytech.am/edu/master_radioengineering_and_communication/,National Polytechnic University of Armenia,Ռադիոտեխնիկա Եվ Կապ,Master,,,Կապի միջոցների և ցանցերի նախագծում,,Ռադիոտեխնիկա Եվ Կապ,Armenian,
https://polytech.am/edu/master_radioengineering_and_communication/,National Polytechnic University of Armenia,Ռադիոտեխնիկա Եվ Կապ,Master,,,Կապի միջոցների նախագծում և տեխնոլոգիա,,Ռադիոտեխնիկա Եվ Կապ,Armenian,
https://polytech.am/edu/master_radioengineering_and_communication/,National Polytechnic University of Armenia,Ռադիոտեխնիկա Եվ Կապ,Master,,,Ինֆորմացիոն տեխնոլոգիաները ռադիոէլեկտրոնիկայում,,Ռադիոտեխնիկա Եվ Կապ,Armenian,
https://polytech.am/edu/master_radioengineering_and_communication/,National Polytechnic University of Armenia,Ռադիոտեխնիկա Եվ Կապ,Master,,,Հեռահաղորդակցության ցանցեր,,Ռադիոտեխնիկա Եվ Կապ,Armenian,
https://polytech.am/edu/master_radioengineering_and_communication/,National Polytechnic University of Armenia,Ռադիոտեխնիկա Եվ Կապ,Master,,,Օբյեկտների նույնականացման ռադիոտեխնիկական համակարգեր,,Ռադիոտեխնիկա Եվ Կապ,Armenian,
https://polytech.am/edu/master_radioengineering_and_communication/,National Polytechnic University of Armenia,Ռադիոտեխնիկա Եվ Կապ,Master,,,Կապի համակարգերի վիճակագրական մոդելավորում,,Ռադիոտեխնիկա Եվ Կապ,Armenian,
https://polytech.am/edu/master_radioengineering_and_communication/,National Polytechnic University of Armenia,Ռադիոտեխնիկա Եվ Կապ,Master,,,Նանո-օպտիկական տարրերը կապի համակարգերում,,Ռադիոտեխնիկա Եվ Կապ,Armenian,
https://polytech.am/edu/master_radioengineering_and_communication/,National Polytechnic University of Armenia,Ռադիոտեխնիկա Եվ Կապ,Master,,,Ազդանշանների համակարգչային մշակումը ռադիոէլեկտրոնային համակարգերում,,Ռադիոտեխնիկա Եվ Կապ,Armenian,
https://polytech.am/edu/master_radioengineering_and_communication/,National Polytechnic University of Armenia,Ռադիոտեխնիկա Եվ Կապ,Master,,,Լայնաշերտ ինտերակտիվ ցանցեր,,Ռադիոտեխնիկա Եվ Կապ,Armenian,
https://polytech.am/edu/master_radioengineering_and_communication/,National Polytechnic University of Armenia,Ռադիոտեխնիկա Եվ Կապ,Master,,,Օբյեկտների տեղորոշման և նույնականացման միջոցներ և համակարգեր,,Ռադիոտեխնիկա Եվ Կապ,Armenian,
https://polytech.am/edu/master_radioengineering_and_communication/,National Polytechnic University of Armenia,Ռադիոտեխնիկա Եվ Կապ,Master,,,Կապի միջոցների էլեկտրամագնիսական համատեղելիություն և հուսալիություն,,Ռադիոտեխնիկա Եվ Կապ,Armenian,
https://polytech.am/edu/master_radioengineering_and_communication/,National Polytechnic University of Armenia,Ռադիոտեխնիկա Եվ Կապ,Master,,,Հեռահաղորդակցական համակարգերի նախագծման և մոդելավորման հիմունքներ,,Ռադիոտեխնիկա Եվ Կապ,Armenian,
https://polytech.am/edu/master_radioengineering_and_communication/,National Polytechnic University of Armenia,Ռադիոտեխնիկա Եվ Կապ,Master,,,Ազդանշանների մշակման սխեմատեխնիկական հիմունքներ,,Ռադիոտեխնիկա Եվ Կապ,Armenian,
https://polytech.am/edu/master_radioengineering_and_communication/,National Polytechnic University of Armenia,Ռադիոտեխնիկա Եվ Կապ,Master,,,Շտկող կոդերի հիմունքներ,,Ռադիոտեխնիկա Եվ Կապ,Armenian,
https://polytech.am/edu/master_radioengineering_and_communication/,National Polytechnic University of Armenia,Ռադիոտեխնիկա Եվ Կապ,Master,,,Ինֆորմացիայի տեսություն և կոդավորման հիմունքներ,,Ռադիոտեխնիկա Եվ Կապ,Armenian,
https://polytech.am/edu/master_radioengineering_and_communication/,National Polytechnic University of Armenia,Ռադիոտեխնիկա Եվ Կապ,Master,,,Նախագծերի կառավարումը կապի ոլորտում,,Ռադիոտեխնիկա Եվ Կապ,Armenian,
https://polytech.am/edu/master_radioengineering_and_communication/,National Polytechnic University of Armenia,Ռադիոտեխնիկա Եվ Կապ,Master,,,Ինտեգրալային օպտոէլեկտրոնիկա,,Ռադիոտեխնիկա Եվ Կապ,Armenian,
https://polytech.am/edu/master_radioengineering_and_communication/,National Polytechnic University of Armenia,Ռադիոտեխնիկա Եվ Կապ,Master,,,Ռադիոկապի համակարգեր,,Ռադիոտեխնիկա Եվ Կապ,Armenian,
https://polytech.am/edu/master_radioengineering_and_communication/,National Polytechnic University of Armenia,Ռադիոտեխնիկա Եվ Կապ,Master,,,Թվային կապի հիմունքներ,,Ռադիոտեխնիկա Եվ Կապ,Armenian,
https://polytech.am/edu/master_radioengineering_and_communication/,National Polytechnic University of Armenia,Ռադիոտեխնիկա Եվ Կապ,Master,,,Պլազմոնիկա և նանոանտենաներ,,Ռադիոտեխնիկա Եվ Կապ,Armenian,
https://polytech.am/edu/master_radioengineering_and_communication/,National Polytechnic University of Armenia,Ռադիոտեխնիկա Եվ Կապ,Master,,,Կապի միջոցների կոնստրուկտավորման ալգորիթմական հիմունքներ,,Ռադիոտեխնիկա Եվ Կապ,Armenian,
https://polytech.am/edu/master_radioengineering_and_communication/,National Polytechnic University of Armenia,Ռադիոտեխնիկա Եվ Կապ,Master,,,Ինֆոկոմունիկացիոն ցանցերի կառուցման հիմունքներ,,Ռադիոտեխնիկա Եվ Կապ,Armenian,
https://polytech.am/edu/master_radioengineering_and_communication/,National Polytechnic University of Armenia,Ռադիոտեխնիկա Եվ Կապ,Master,,,Ռադիոհաճախականային ինտեգրալ սխեմաների նախագծում,,Ռադիոտեխնիկա Եվ Կապ,Armenian,
https://polytech.am/edu/master_software_engineering-2/,National Polytechnic University of Armenia,Ծրագրային Ճարտարագիտություն,Master,,,Որոնման տեղեկատվական համակարգեր (Ծրագրային ճարտարագիտություն ԿԾ-ի համար),5,Ծրագրային Ճարտարագիտություն,Armenian,
https://polytech.am/edu/master_software_engineering-2/,National Polytechnic University of Armenia,Ծրագրային Ճարտարագիտություն,Master,,,Ծրագրային ճարտարագիտության մեթոդաբանություն (Ծրագրային ճարտարագիտություն ԿԾ-ի համար),5,Ծրագրային Ճարտարագիտություն,Armenian,
https://polytech.am/edu/master_software_engineering-2/,National Polytechnic University of Armenia,Ծրագրային Ճարտարագիտություն,Master,,,Որոշումների կայացման տեսություն,5,Ծրագրային Ճարտարագիտություն,Armenian,
https://polytech.am/edu/master_software_engineering-2/,National Polytechnic University of Armenia,Ծրագրային Ճարտարագիտություն,Master,,,Ծրագրավորման ոճեր և մեթոդներ,4,Ծրագրային Ճարտարագիտություն,Armenian,
https://polytech.am/edu/master_software_engineering-2/,National Polytechnic University of Armenia,Ծրագրային Ճարտարագիտություն,Master,,,Ալգորիթմների տեսություն և տվյալների կառուցվածք,5,Ծրագրային Ճարտարագիտություն,Armenian,
https://polytech.am/edu/master_software_engineering-2/,National Polytechnic University of Armenia,Ծրագրային Ճարտարագիտություն,Master,,,Առաջադեմ Web – տեխնոլոգիաներ,5,Ծրագրային Ճարտարագիտություն,Armenian,
https://polytech.am/edu/master_software_engineering-2/,National Polytechnic University of Armenia,Ծրագրային Ճարտարագիտություն,Master,,,ներդրված համակարգեր,4,Ծրագրային Ճարտարագիտություն,Armenian,
https://polytech.am/edu/master_software_engineering-2/,National Polytechnic University of Armenia,Ծրագրային Ճարտարագիտություն,Master,,,Ծրագրային միջոցների մշակման ժամանակակից գրադարաններ,5,Ծրագրային Ճարտարագիտություն,Armenian,
https://polytech.am/edu/master_software_engineering-2/,National Polytechnic University of Armenia,Ծրագրային Ճարտարագիտություն,Master,,,Ծրագրային գործիքային միջոցների ստուգում և գնահատում,5,Ծրագրային Ճարտարագիտություն,Armenian,
https://polytech.am/edu/master_software_engineering-2/,National Polytechnic University of Armenia,Ծրագրային Ճարտարագիտություն,Master,,,Տվյալների բազաներ,5,Ծրագրային Ճարտարագիտություն,Armenian,
https://polytech.am/edu/master_software_engineering-2/,National Polytechnic University of Armenia,Ծրագրային Ճարտարագիտություն,Master,,,Մասնագիտացված հատուկ սարքավորումների ծրագրավորում,,Ծրագրային Ճարտարագիտություն,Armenian,
https://polytech.am/edu/master_software_engineering-2/,National Polytechnic University of Armenia,Ծրագրային Ճարտարագիտություն,Master,,,Web – տեխնոլոգիաներ,,Ծրագրային Ճարտարագիտություն,Armenian,
https://polytech.am/edu/master_software_engineering-2/,National Polytechnic University of Armenia,Ծրագրային Ճարտարագիտություն,Master,,,Արհեստական բանականության ծրագրա-գործիքային միջոցներ,,Ծրագրային Ճարտարագիտություն,Armenian,
https://polytech.am/edu/master_software_engineering-2/,National Polytechnic University of Armenia,Ծրագրային Ճարտարագիտություն,Master,,,Ձեռնարկատիրությունը ծրագրային ճարտարագիտության ոլորտում,,Ծրագրային Ճարտարագիտություն,Armenian,
https://polytech.am/edu/master_software_engineering-2/,National Polytechnic University of Armenia,Ծրագրային Ճարտարագիտություն,Master,,,Ձեռնարկատիրությունը տեղեկատվական տեխնոլոգիաների բնագավառում,,Ծրագրային Ճարտարագիտություն,Armenian,
https://polytech.am/edu/master_software_engineering-2/,National Polytechnic University of Armenia,Ծրագրային Ճարտարագիտություն,Master,,,Գործողությունների հետազոտում,,Ծրագրային Ճարտարագիտություն,Armenian,
https://polytech.am/edu/master_software_engineering-2/,National Polytechnic University of Armenia,Ծրագրային Ճարտարագիտություն,Master,,,Գերմեծ ինտեգրալ սխեմաների միջմիացումների մոդելավորում և օպտիմալացում,,Ծրագրային Ճարտարագիտություն,Armenian,
https://polytech.am/edu/master_software_engineering-2/,National Polytechnic University of Armenia,Ծրագրային Ճարտարագիտություն,Master,,,Տեղեկատվության պաշտպանություն և անվտանգություն,,Ծրագրային Ճարտարագիտություն,Armenian,
https://polytech.am/edu/master_software_engineering-2/,National Polytechnic University of Armenia,Ծրագրային Ճարտարագիտություն,Master,,,Մասնագիտացված հաշվողական միջոցներ,,Ծրագրային Ճարտարագիտություն,Armenian,
https://polytech.am/edu/master_software_engineering-2/,National Polytechnic University of Armenia,Ծրագրային Ճարտարագիտություն,Master,,,Հաշվողական համակարգերի և ցանցերի ապարատածրագրային միջոցներ,,Ծրագրային Ճարտարագիտություն,Armenian,
https://polytech.am/edu/master_software_engineering-2/,National Polytechnic University of Armenia,Ծրագրային Ճարտարագիտություն,Master,,,Տեղեկատվության մշակման և հաղորդման օպտոէլեկտրոնային տարրեր,,Ծրագրային Ճարտարագիտություն,Armenian,
https://polytech.am/edu/master_software_engineering-2/,National Polytechnic University of Armenia,Ծրագրային Ճարտարագիտություն,Master,,,Ավտոմատացված նախագծման մաթեմատիկական մեթոդներ,,Ծրագրային Ճարտարագիտություն,Armenian,
https://polytech.am/edu/master_software_engineering-2/,National Polytechnic University of Armenia,Ծրագրային Ճարտարագիտություն,Master,,,Էլեկտրոնային ավտոմատացված նախագծման ծրագրային գործիքային միջոցներ,,Ծրագրային Ճարտարագիտություն,Armenian,
https://polytech.am/edu/master_software_engineering-2/,National Polytechnic University of Armenia,Ծրագրային Ճարտարագիտություն,Master,,,Ազդանշանների թվային մշակում,,Ծրագրային Ճարտարագիտություն,Armenian,
https://polytech.am/edu/master_software_engineering-2/,National Polytechnic University of Armenia,Ծրագրային Ճարտարագիտություն,Master,,,Զուգահեռ ընթացակարգերի ծրագրավորում,,Ծրագրային Ճարտարագիտություն,Armenian,
https://polytech.am/edu/master_software_engineering-2/,National Polytechnic University of Armenia,Ծրագրային Ճարտարագիտություն,Master,,,Ամպային հաշվարկներ,,Ծրագրային Ճարտարագիտություն,Armenian,
https://polytech.am/edu/master_software_engineering-2/,National Polytechnic University of Armenia,Ծրագրային Ճարտարագիտություն,Master,,,Համակարգային վերլուծություն և գործընթացների մաթեմատիկական մոդելներ,,Ծրագրային Ճարտարագիտություն,Armenian,
https://polytech.am/edu/master_software_engineering-2/,National Polytechnic University of Armenia,Ծրագրային Ճարտարագիտություն,Master,,,Հաշվողական միջոցների ժամանակակից էլեմենտային բազա,,Ծրագրային Ճարտարագիտություն,Armenian,
https://polytech.am/edu/master_software_engineering-2/,National Polytechnic University of Armenia,Ծրագրային Ճարտարագիտություն,Master,,,Ավտոմատացված նախագծման համակարգեր,,Ծրագրային Ճարտարագիտություն,Armenian,
https://polytech.am/edu/master_software_engineering-2/,National Polytechnic University of Armenia,Ծրագրային Ճարտարագիտություն,Master,,,Գերմեծ ինտեգրալ սխեմաների ֆիզիկական նախագծման ալգորիթմներ,,Ծրագրային Ճարտարագիտություն,Armenian,
https://polytech.am/edu/master_software_engineering-2/,National Polytechnic University of Armenia,Ծրագրային Ճարտարագիտություն,Master,,,Գերմեծ ինտեգրալ սխեմաների ստուգման ալգորիթմներ,,Ծրագրային Ճարտարագիտություն,Armenian,
https://polytech.am/edu/master_transportation_engineering/,National Polytechnic University of Armenia,Տրանսպորտային Մեքենաշինություն,Master,,,Ավտոտրանսպորտային միջոցի ակտիվ և պասիվ անվտանգություն,5,Տրանսպորտային Մեքենաշինություն,Armenian,
https://polytech.am/edu/master_transportation_engineering/,National Polytechnic University of Armenia,Տրանսպորտային Մեքենաշինություն,Master,,,Ժամանակակից ավտոտրանսպորտային միջոցներ,5,Տրանսպորտային Մեքենաշինություն,Armenian,
https://polytech.am/edu/master_transportation_engineering/,National Polytechnic University of Armenia,Տրանսպորտային Մեքենաշինություն,Master,,,Վերջավոր տարրերի մեթոդի կիրառումը ավտոմոբիլաշինությունում,5,Տրանսպորտային Մեքենաշինություն,Armenian,
https://polytech.am/edu/master_transportation_engineering/,National Polytechnic University of Armenia,Տրանսպորտային Մեքենաշինություն,Master,,,Ավտոտրանսպորտային միջոցի կառավարման դինամիկա,5,Տրանսպորտային Մեքենաշինություն,Armenian,
https://polytech.am/edu/master_transportation_engineering/,National Polytechnic University of Armenia,Տրանսպորտային Մեքենաշինություն,Master,,,Ավտոտրանսպորտային միջոցի վառելիքային շահավետության գնահատումը,5,Տրանսպորտային Մեքենաշինություն,Armenian,
https://polytech.am/edu/master_transportation_engineering/,National Polytechnic University of Armenia,Տրանսպորտային Մեքենաշինություն,Master,,,Ավտոտրանսպորտային միջոցի արգելակման դինամիկա,4,Տրանսպորտային Մեքենաշինություն,Armenian,
https://polytech.am/edu/master_transportation_engineering/,National Polytechnic University of Armenia,Տրանսպորտային Մեքենաշինություն,Master,,,Ավտոտրանսպորտային միջոցի քարշաարագային դինամիկա,,Տրանսպորտային Մեքենաշինություն,Armenian,
https://polytech.am/edu/master_transportation_engineering/,National Polytechnic University of Armenia,Տրանսպորտային Մեքենաշինություն,Master,,,Ավտոտոմբիլային տրանսպորտի բնապահպանական անվտանգությունը,,Տրանսպորտային Մեքենաշինություն,Armenian,
https://polytech.am/edu/master_transportation_engineering/,National Polytechnic University of Armenia,Տրանսպորտային Մեքենաշինություն,Master,,,Ավտոմոբիլային տրանսպորտի զարգացման ռազմավարություն,,Տրանսպորտային Մեքենաշինություն,Armenian,
https://polytech.am/edu/master_transportation_engineering/,National Polytechnic University of Armenia,Տրանսպորտային Մեքենաշինություն,Master,,,Ավտոտրանսպորտային միջոցի կրող համակարգերի քոմփյութերացված նախագծում,,Տրանսպորտային Մեքենաշինություն,Armenian,
https://polytech.am/edu/master_transportation_engineering/,National Polytechnic University of Armenia,Տրանսպորտային Մեքենաշինություն,Master,,,Ավտոտրանսպորտային միջոցի օգտագործման արդյունավետությունը,,Տրանսպորտային Մեքենաշինություն,Armenian,
https://polytech.am/edu/master_transportation_engineering/,National Polytechnic University of Armenia,Տրանսպորտային Մեքենաշինություն,Master,,,Ավտոտրանսպորտային միջոցի փորձարկում,,Տրանսպորտային Մեքենաշինություն,Armenian,
https://polytech.am/edu/master_transportation_engineering/,National Polytechnic University of Armenia,Տրանսպորտային Մեքենաշինություն,Master,,,Ավտոտրանսպորտային միջոցի հիդրոպնևմատիկ համակարգեր,,Տրանսպորտային Մեքենաշինություն,Armenian,
https://polytech.am/edu/master_transportation_engineering/,National Polytechnic University of Armenia,Տրանսպորտային Մեքենաշինություն,Master,,,Ավտոտրանսպորտային միջոցի արդյունավետ տեխնիկական շահագործական համակարգի մշակում,,Տրանսպորտային Մեքենաշինություն,Armenian,
https://polytech.am/edu/master_transportation_engineering/,National Polytechnic University of Armenia,Տրանսպորտային Մեքենաշինություն,Master,,,Ավտոտրանսպորտային միջոցի էլեկտրոնային համակարգեր,,Տրանսպորտային Մեքենաշինություն,Armenian,
https://polytech.am/edu/master_transportation_systems/,National Polytechnic University of Armenia,Տրանսպորտային Համակարգեր,Master,,,Ավտոտրանսպորտային միջոցի ակտիվ և պասիվ անվտանգություն,5,Տրանսպորտային Համակարգեր,Armenian,
https://polytech.am/edu/master_transportation_systems/,National Polytechnic University of Armenia,Տրանսպորտային Համակարգեր,Master,,,Ժամանակակից ավտոտրանսպորտային միջոցներ,5,Տրանսպորտային Համակարգեր,Armenian,
https://polytech.am/edu/master_transportation_systems/,National Polytechnic University of Armenia,Տրանսպորտային Համակարգեր,Master,,,Վերջավոր տարրերի մեթոդի կիրառումը ավտոմոբիլաշինությունում,5,Տրանսպորտային Համակարգեր,Armenian,
https://polytech.am/edu/master_transportation_systems/,National Polytechnic University of Armenia,Տրանսպորտային Համակարգեր,Master,,,Ավտոտրանսպորտային միջոցի կառավարման դինամիկա,4,Տրանսպորտային Համակարգեր,Armenian,
https://polytech.am/edu/master_transportation_systems/,National Polytechnic University of Armenia,Տրանսպորտային Համակարգեր,Master,,,Ավտոտրանսպորտային միջոցի վառելիքային շահավետության գնահատումը,5,Տրանսպորտային Համակարգեր,Armenian,
https://polytech.am/edu/master_transportation_systems/,National Polytechnic University of Armenia,Տրանսպորտային Համակարգեր,Master,,,Ավտոտրանսպորտային միջոցի արգելակման դինամիկա,5,Տրանսպորտային Համակարգեր,Armenian,
https://polytech.am/edu/master_transportation_systems/,National Polytechnic University of Armenia,Տրանսպորտային Համակարգեր,Master,,,Ապահովագրումը տրանսպորտում,5,Տրանսպորտային Համակարգեր,Armenian,
https://polytech.am/edu/master_transportation_systems/,National Polytechnic University of Armenia,Տրանսպորտային Համակարգեր,Master,,,Մաքսային գործ,4,Տրանսպորտային Համակարգեր,Armenian,
https://polytech.am/edu/master_transportation_systems/,National Polytechnic University of Armenia,Տրանսպորտային Համակարգեր,Master,,,Ճանապարհատրանսպորտային պատահարների վերլուծություն,5,Տրանսպորտային Համակարգեր,Armenian,
https://polytech.am/edu/master_transportation_systems/,National Polytechnic University of Armenia,Տրանսպորտային Համակարգեր,Master,,,Ավտոտրանսպորտային գործընթացը և դրա տարրերի օպտիմալացումը,5,Տրանսպորտային Համակարգեր,Armenian,
https://polytech.am/edu/master_transportation_systems/,National Polytechnic University of Armenia,Տրանսպորտային Համակարգեր,Master,,,Տրանսպորտային և հետիոտնային հոսքերի կառավարում,5,Տրանսպորտային Համակարգեր,Armenian,
https://polytech.am/edu/master_transportation_systems/,National Polytechnic University of Armenia,Տրանսպորտային Համակարգեր,Master,,,Ճանապարհային երթևեկության գործընթացի կորուստները,4,Տրանսպորտային Համակարգեր,Armenian,
https://polytech.am/edu/master_transportation_systems/,National Polytechnic University of Armenia,Տրանսպորտային Համակարգեր,Master,,,Ավտոտրանսպորտային համակարգի էկոլոգիական խնդիրներ,5,Տրանսպորտային Համակարգեր,Armenian,
https://polytech.am/edu/master_transportation_systems/,National Polytechnic University of Armenia,Տրանսպորտային Համակարգեր,Master,,,Լիցենզավորումը և սերտիֆիկացումը տրանսպորտում,5,Տրանսպորտային Համակարգեր,Armenian,
https://polytech.am/edu/master_transportation_systems/,National Polytechnic University of Armenia,Տրանսպորտային Համակարգեր,Master,,,Ավտոտրանսպորտային միջոցի քարշաարագային դինամիկա,,Տրանսպորտային Համակարգեր,Armenian,
https://polytech.am/edu/master_transportation_systems/,National Polytechnic University of Armenia,Տրանսպորտային Համակարգեր,Master,,,Ավտոտրանսպորտային միջոցի էլեկտրոնային համակարգեր,,Տրանսպորտային Համակարգեր,Armenian,
https://polytech.am/edu/master_transportation_systems/,National Polytechnic University of Armenia,Տրանսպորտային Համակարգեր,Master,,,Տրանսպորտի զարգացման ռազմավարություն,,Տրանսպորտային Համակարգեր,Armenian,
https://polytech.am/edu/master_transportation_systems/,National Polytechnic University of Armenia,Տրանսպորտային Համակարգեր,Master,,,Տրանսպորտի աշխատանքի հաշվառումը սեփա¬կա¬նութ-յան տարբեր ձևերի ընկերություններում,,Տրանսպորտային Համակարգեր,Armenian,
https://polytech.am/edu/master_transportation_systems/,National Polytechnic University of Armenia,Տրանսպորտային Համակարգեր,Master,,,Տրանսպորտային միջոցի կրող համակարգերի քոմփյութերացված նախագծում,,Տրանսպորտային Համակարգեր,Armenian,
https://polytech.am/edu/master_transportation_systems/,National Polytechnic University of Armenia,Տրանսպորտային Համակարգեր,Master,,,Տրանսպորտային միջոցի օգտագործման արդյունավետությունը,,Տրանսպորտային Համակարգեր,Armenian,
https://polytech.am/edu/master_transportation_systems/,National Polytechnic University of Armenia,Տրանսպորտային Համակարգեր,Master,,,Տրանսպորտային ծառայությունների շուկան և տրանսպորտային սպասարկման որակը,,Տրանսպորտային Համակարգեր,Armenian,
https://polytech.am/edu/master_transportation_systems/,National Polytechnic University of Armenia,Տրանսպորտային Համակարգեր,Master,,,Տրանսպորտա-առաքչային սպասարկում,,Տրանսպորտային Համակարգեր,Armenian,
https://polytech.am/edu/master_transportation_systems/,National Polytechnic University of Armenia,Տրանսպորտային Համակարգեր,Master,,,Տրանսպորտային միջոցի հիդրոպնևմատիկ համակարգեր,,Տրանսպորտային Համակարգեր,Armenian,
https://polytech.am/edu/master_transportation_systems/,National Polytechnic University of Armenia,Տրանսպորտային Համակարգեր,Master,,,Տրանսպորտային միջոցի արդյունավետ տեխնիկական շահագործական համակարգի մշակում,,Տրանսպորտային Համակարգեր,Armenian,
https://polytech.am/edu/master_transportation_systems/,National Polytechnic University of Armenia,Տրանսպորտային Համակարգեր,Master,,,Կոմերցիոն աշխատանքների կազմակերպումը տրանս¬-պորտում,,Տրանսպորտային Համակարգեր,Armenian,
https://polytech.am/edu/master_transportation_systems/,National Polytechnic University of Armenia,Տրանսպորտային Համակարգեր,Master,,,Քաղաքային ուղևորատար ավտոփոխադրումների առանձնահատկությունները,,Տրանսպորտային Համակարգեր,Armenian,
https://polytech.am/edu/mechanical_engineering/,National Polytechnic University of Armenia,Մեքենագիտություն,Bachelor,,,Ճարտարագիտական և համակարգչային գրաֆիկա,5,Մեքենագիտություն,Armenian,
https://polytech.am/edu/mechanical_engineering/,National Polytechnic University of Armenia,Մեքենագիտություն,Bachelor,,,Ընդհանուր էլեկտրատեխնիկա,5,Մեքենագիտություն,Armenian,
https://polytech.am/edu/mechanical_engineering/,National Polytechnic University of Armenia,Մեքենագիտություն,Bachelor,,,Նյութագիտություն (Մեխանիկական համակարգերի քոմփյութերային նախագծում և Ռոբատոտեխնիկա և մեխատրոնիկա ԿԾ-ի համար),4,Մեքենագիտություն,Armenian,
https://polytech.am/edu/mechanical_engineering/,National Polytechnic University of Armenia,Մեքենագիտություն,Bachelor,,,Տեխնոլոգիական չափումներ և ստանդարտացում,4,Մեքենագիտություն,Armenian,
https://polytech.am/edu/mechanical_engineering/,National Polytechnic University of Armenia,Մեքենագիտություն,Bachelor,,,Կոնստրուկցիոն նյութերի տեխնոլոգիա (Մեխանիկական համակարգերի քոմփյութերային նախագծում և Ռոբատոտեխնիկա և մեխատրոնիկա ԿԾ-ի համար),4,Մեքենագիտություն,Armenian,
https://polytech.am/edu/mechanical_engineering/,National Polytechnic University of Armenia,Մեքենագիտություն,Bachelor,,,Թերմոդինամիկա և ջերմափոխանցում,4,Մեքենագիտություն,Armenian,
https://polytech.am/edu/mechanical_engineering/,National Polytechnic University of Armenia,Մեքենագիտություն,Bachelor,,,Տեսական մեխանիկա,9,Մեքենագիտություն,Armenian,
https://polytech.am/edu/mechanical_engineering/,National Polytechnic University of Armenia,Մեքենագիտություն,Bachelor,,,Նյութերի դիմադրություն,10,Մեքենագիտություն,Armenian,
https://polytech.am/edu/mechanical_engineering/,National Polytechnic University of Armenia,Մեքենագիտություն,Bachelor,,,Մեխանիզմների և մեքենաների տեսություն,7,Մեքենագիտություն,Armenian,
https://polytech.am/edu/mechanical_engineering/,National Polytechnic University of Armenia,Մեքենագիտություն,Bachelor,,,Մեքենաների մասեր,7,Մեքենագիտություն,Armenian,
https://polytech.am/edu/mechanical_engineering/,National Polytechnic University of Armenia,Մեքենագիտություն,Bachelor,,,Քոմփյութերային նախագծում,7,Մեքենագիտություն,Armenian,
https://polytech.am/edu/mechanical_engineering/,National Polytechnic University of Armenia,Մեքենագիտություն,Bachelor,,,Մեխանիկակական համակարգերի մոդելավորում,3,Մեքենագիտություն,Armenian,
https://polytech.am/edu/mechanical_engineering/,National Polytechnic University of Armenia,Մեքենագիտություն,Bachelor,,,Նախագծման հիմունքներ,12,Մեքենագիտություն,Armenian,
https://polytech.am/edu/mechanical_engineering/,National Polytechnic University of Armenia,Մեքենագիտություն,Bachelor,,,Մեքենաների և սարքերի դինամիկա,5,Մեքենագիտություն,Armenian,
https://polytech.am/edu/mechanical_engineering/,National Polytechnic University of Armenia,Մեքենագիտություն,Bachelor,,,Մեքենաների կառուցվածքային ամրություն,10,Մեքենագիտություն,Armenian,
https://polytech.am/edu/mechanical_engineering/,National Polytechnic University of Armenia,Մեքենագիտություն,Bachelor,,,Էլեկտրոնիկա,4,Մեքենագիտություն,Armenian,
https://polytech.am/edu/mechanical_engineering/,National Polytechnic University of Armenia,Մեքենագիտություն,Bachelor,,,Փորձարարական մեխանիկա,6,Մեքենագիտություն,Armenian,
https://polytech.am/edu/mechanical_engineering/,National Polytechnic University of Armenia,Մեքենագիտություն,Bachelor,,,Տեխնոլոգիա և սարքավորումներ,10,Մեքենագիտություն,Armenian,
https://polytech.am/edu/mechanical_engineering/,National Polytechnic University of Armenia,Մեքենագիտություն,Bachelor,,,Կիրառական առաձգականություն և պլաստիկություն,5,Մեքենագիտություն,Armenian,
https://polytech.am/edu/mechanical_engineering/,National Polytechnic University of Armenia,Մեքենագիտություն,Bachelor,,,Կիրառական առաձգականություն և պլաստիկություն,6,Մեքենագիտություն,Armenian,
https://polytech.am/edu/mechanical_engineering/,National Polytechnic University of Armenia,Մեքենագիտություն,Bachelor,,,Հեղուկների և գազերի կիրառական մեխանիկա,5,Մեքենագիտություն,Armenian,
https://polytech.am/edu/mechanical_engineering/,National Polytechnic University of Armenia,Մեքենագիտություն,Bachelor,,,Մեխանիկական տատանումներ,6,Մեքենագիտություն,Armenian,
https://polytech.am/edu/mechanical_engineering/,National Polytechnic University of Armenia,Մեքենագիտություն,Bachelor,,,Փորձարարական տվյալների մշակման մեթոդներ,3,Մեքենագիտություն,Armenian,
https://polytech.am/edu/mechanical_engineering/,National Polytechnic University of Armenia,Մեքենագիտություն,Bachelor,,,Տպագրական արտադրանքի նախագծում,7,Մեքենագիտություն,Armenian,
https://polytech.am/edu/mechanical_engineering/,National Polytechnic University of Armenia,Մեքենագիտություն,Bachelor,,,Հրատարակչական գործ,10,Մեքենագիտություն,Armenian,
https://polytech.am/edu/mechanical_engineering/,National Polytechnic University of Armenia,Մեքենագիտություն,Bachelor,,,Մեխատրոնային համակարգեր,5,Մեքենագիտություն,Armenian,
https://polytech.am/edu/mechanical_engineering/,National Polytechnic University of Armenia,Մեքենագիտություն,Bachelor,,,Էլեկտրոնիկա,7,Մեքենագիտություն,Armenian,
https://polytech.am/edu/mechanical_engineering/,National Polytechnic University of Armenia,Մեքենագիտություն,Bachelor,,,Նախատպագրական գործընթացների տեխնոլոգիա և սարքավորում,5,Մեքենագիտություն,Armenian,
https://polytech.am/edu/mechanical_engineering/,National Polytechnic University of Armenia,Մեքենագիտություն,Bachelor,,,Հետտպագրական գործընթացների տեխնոլոգիա և սարքավորում,5,Մեքենագիտություն,Armenian,
https://polytech.am/edu/mechanical_engineering/,National Polytechnic University of Armenia,Մեքենագիտություն,Bachelor,,,Լուսատեխնիկա,4,Մեքենագիտություն,Armenian,
https://polytech.am/edu/mechanical_engineering/,National Polytechnic University of Armenia,Մեքենագիտություն,Bachelor,,,Պոլիգրաֆիական արտադրության տեխնոլոգիա,10,Մեքենագիտություն,Armenian,
https://polytech.am/edu/mechanical_engineering/,National Polytechnic University of Armenia,Մեքենագիտություն,Bachelor,,,Տեխնիկական գործընթացների կառավարման ավտոմատացված համակարգեր,4,Մեքենագիտություն,Armenian,
https://polytech.am/edu/mechanical_engineering/,National Polytechnic University of Armenia,Մեքենագիտություն,Bachelor,,,Որակի վերահսկում և կառավարում,4,Մեքենագիտություն,Armenian,
https://polytech.am/edu/mechanical_engineering/,National Polytechnic University of Armenia,Մեքենագիտություն,Bachelor,,,Տպագրական գործընթացների սարքավորումների սպասարկում և շահագործում,10,Մեքենագիտություն,Armenian,
https://polytech.am/edu/mechanical_engineering/,National Polytechnic University of Armenia,Մեքենագիտություն,Bachelor,,,Մանիպուլյացիոն մեխանիզմներ,5,Մեքենագիտություն,Armenian,
https://polytech.am/edu/mechanical_engineering/,National Polytechnic University of Armenia,Մեքենագիտություն,Bachelor,,,Մեխատրոնային համակարգեր,10,Մեքենագիտություն,Armenian,
https://polytech.am/edu/mechanical_engineering/,National Polytechnic University of Armenia,Մեքենագիտություն,Bachelor,,,Վերականգնողական տեխնիկա,7,Մեքենագիտություն,Armenian,
https://polytech.am/edu/mechanical_engineering/,National Polytechnic University of Armenia,Մեքենագիտություն,Bachelor,,,Շարժման կերպափոխիչներ,5,Մեքենագիտություն,Armenian,
https://polytech.am/edu/mechanical_engineering/,National Polytechnic University of Armenia,Մեքենագիտություն,Bachelor,,,Ինֆորմացիոն չափիչ տեխնիկայի հիմունքներ,4,Մեքենագիտություն,Armenian,
https://polytech.am/edu/mechanical_engineering/,National Polytechnic University of Armenia,Մեքենագիտություն,Bachelor,,,"Մաթեմատիկական փաթեթներ (MatLab, MathCAD)",4,Մեքենագիտություն,Armenian,
https://polytech.am/edu/mechanical_engineering/,National Polytechnic University of Armenia,Մեքենագիտություն,Bachelor,,,Ռոբոտոտեխնիկական համակարգերի կառավարման հիմունքներ,5,Մեքենագիտություն,Armenian,
https://polytech.am/edu/mechanical_engineering/,National Polytechnic University of Armenia,Մեքենագիտություն,Bachelor,,,Մանիպուլյատորների և ռոբոտոտեխնիկական համակարգերի նախագծում,5,Մեքենագիտություն,Armenian,
https://polytech.am/edu/mechanical_engineering/,National Polytechnic University of Armenia,Մեքենագիտություն,Bachelor,,,Ռոբոտացված գործընթացների մոդելավորում,5,Մեքենագիտություն,Armenian,
https://polytech.am/edu/mechanical_engineering/,National Polytechnic University of Armenia,Մեքենագիտություն,Bachelor,,,LabView տեխնոլոգիա Կենսամեխանիկա Բժշկական ռոբոտներ,5,Մեքենագիտություն,Armenian,
https://polytech.am/edu/mechanical_engineering/,National Polytechnic University of Armenia,Մեքենագիտություն,Bachelor,,,Կենսամեխանիկա,5,Մեքենագիտություն,Armenian,
https://polytech.am/edu/mechanical_engineering/,National Polytechnic University of Armenia,Մեքենագիտություն,Bachelor,,,Բժշկական ռոբոտներ,5,Մեքենագիտություն,Armenian,
https://polytech.am/edu/radioengineering_and_communication/,National Polytechnic University of Armenia,Ռադիոտեխնիկա և կապ,Bachelor,,,Անտենաներ,5,Ռադիոտեխնիկա և կապ,Armenian,
https://polytech.am/edu/radioengineering_and_communication/,National Polytechnic University of Armenia,Ռադիոտեխնիկա և կապ,Bachelor,,,Ռադիոէլեկտրոնիկայի հիմունքներ,8,Ռադիոտեխնիկա և կապ,Armenian,
https://polytech.am/edu/radioengineering_and_communication/,National Polytechnic University of Armenia,Ռադիոտեխնիկա և կապ,Bachelor,,,Էլեկտրադինամիկա և ռադիոալիքների Տարածում,4,Ռադիոտեխնիկա և կապ,Armenian,
https://polytech.am/edu/radioengineering_and_communication/,National Polytechnic University of Armenia,Ռադիոտեխնիկա և կապ,Bachelor,,,Ռադիոտեխնիկական շղթաներ և ազդանշաններ,8,Ռադիոտեխնիկա և կապ,Armenian,
https://polytech.am/edu/radioengineering_and_communication/,National Polytechnic University of Armenia,Ռադիոտեխնիկա և կապ,Bachelor,,,Ռադիոհաղորդիչ սարքեր,5,Ռադիոտեխնիկա և կապ,Armenian,
https://polytech.am/edu/radioengineering_and_communication/,National Polytechnic University of Armenia,Ռադիոտեխնիկա և կապ,Bachelor,,,Ռադիոընդունիչ սարքեր,5,Ռադիոտեխնիկա և կապ,Armenian,
https://polytech.am/edu/radioengineering_and_communication/,National Polytechnic University of Armenia,Ռադիոտեխնիկա և կապ,Bachelor,,,Կապի միջոցների ավտոմատ նախագծման հիմունքներ,4,Ռադիոտեխնիկա և կապ,Armenian,
https://polytech.am/edu/radioengineering_and_communication/,National Polytechnic University of Armenia,Ռադիոտեխնիկա և կապ,Bachelor,,,"Միկրո, նանո ռադիոէլեկտրոնային սարքեր և համակարգեր",4,Ռադիոտեխնիկա և կապ,Armenian,
https://polytech.am/edu/radioengineering_and_communication/,National Polytechnic University of Armenia,Ռադիոտեխնիկա և կապ,Bachelor,,,Ռադիոէլեկտրոնային միջոցների համակարգչային մոդելավորման հիմունքներ,4,Ռադիոտեխնիկա և կապ,Armenian,
https://polytech.am/edu/radioengineering_and_communication/,National Polytechnic University of Armenia,Ռադիոտեխնիկա և կապ,Bachelor,,,Անալոգային էլեկտրոնային Սխեմատեխնիկա,5,Ռադիոտեխնիկա և կապ,Armenian,
https://polytech.am/edu/radioengineering_and_communication/,National Polytechnic University of Armenia,Ռադիոտեխնիկա և կապ,Bachelor,,,Էլեկտրաձևափոխիչ սարքեր,3,Ռադիոտեխնիկա և կապ,Armenian,
https://polytech.am/edu/radioengineering_and_communication/,National Polytechnic University of Armenia,Ռադիոտեխնիկա և կապ,Bachelor,,,Կապի միջոցների կոնստրուկտավորում և Տեխնոլոգիա,3,Ռադիոտեխնիկա և կապ,Armenian,
https://polytech.am/edu/radioengineering_and_communication/,National Polytechnic University of Armenia,Ռադիոտեխնիկա և կապ,Bachelor,,,Թվային սարքեր և միկրոպրոցեսորներ,6,Ռադիոտեխնիկա և կապ,Armenian,
https://polytech.am/edu/radioengineering_and_communication/,National Polytechnic University of Armenia,Ռադիոտեխնիկա և կապ,Bachelor,,,Օպտիկական կապի հիմունքներ,4,Ռադիոտեխնիկա և կապ,Armenian,
https://polytech.am/edu/radioengineering_and_communication/,National Polytechnic University of Armenia,Ռադիոտեխնիկա և կապ,Bachelor,,,Գերբարձր հաճախականային սարքեր,4,Ռադիոտեխնիկա և կապ,Armenian,
https://polytech.am/edu/radioengineering_and_communication/,National Polytechnic University of Armenia,Ռադիոտեխնիկա և կապ,Bachelor,,,Բջջային կապի հիմունքներ,4,Ռադիոտեխնիկա և կապ,Armenian,
https://polytech.am/edu/radioengineering_and_communication/,National Polytechnic University of Armenia,Ռադիոտեխնիկա և կապ,Bachelor,,,Հեռուստատեսության հիմունքներ,4,Ռադիոտեխնիկա և կապ,Armenian,
https://polytech.am/edu/radioengineering_and_communication/,National Polytechnic University of Armenia,Ռադիոտեխնիկա և կապ,Bachelor,,,Oպտոէլեկտրոնային տարրեր և Համակարգեր,5,Ռադիոտեխնիկա և կապ,Armenian,
https://polytech.am/edu/radioengineering_and_communication/,National Polytechnic University of Armenia,Ռադիոտեխնիկա և կապ,Bachelor,,,Ռադիոավտոմատիկա,4,Ռադիոտեխնիկա և կապ,Armenian,
https://polytech.am/edu/radioengineering_and_communication/,National Polytechnic University of Armenia,Ռադիոտեխնիկա և կապ,Bachelor,,,Ազդանշանների թվային մշակում,4,Ռադիոտեխնիկա և կապ,Armenian,
https://polytech.am/edu/radioengineering_and_communication/,National Polytechnic University of Armenia,Ռադիոտեխնիկա և կապ,Bachelor,,,Ռադիոտեխնիկական համակարգեր,8,Ռադիոտեխնիկա և կապ,Armenian,
https://polytech.am/edu/radioengineering_and_communication/,National Polytechnic University of Armenia,Ռադիոտեխնիկա և կապ,Bachelor,,,Շարժական կապի հաղորդիչ ընդունիչ Սարքեր,3,Ռադիոտեխնիկա և կապ,Armenian,
https://polytech.am/edu/radioengineering_and_communication/,National Polytechnic University of Armenia,Ռադիոտեխնիկա և կապ,Bachelor,,,Հեռուստատեսային համակարգեր,5,Ռադիոտեխնիկա և կապ,Armenian,
https://polytech.am/edu/radioengineering_and_communication/,National Polytechnic University of Armenia,Ռադիոտեխնիկա և կապ,Bachelor,,,Ռադիոմետրեր,4,Ռադիոտեխնիկա և կապ,Armenian,
https://polytech.am/edu/radioengineering_and_communication/,National Polytechnic University of Armenia,Ռադիոտեխնիկա և կապ,Bachelor,,,Ավտոմատ կառավարման Ռադիոհամակարգեր,4,Ռադիոտեխնիկա և կապ,Armenian,
https://polytech.am/edu/radioengineering_and_communication/,National Polytechnic University of Armenia,Ռադիոտեխնիկա և կապ,Bachelor,,,Թվային կապի տեխնիկա,4,Ռադիոտեխնիկա և կապ,Armenian,
https://polytech.am/edu/radioengineering_and_communication/,National Polytechnic University of Armenia,Ռադիոտեխնիկա և կապ,Bachelor,,,Ռադիոհեռախոսային արբանյակային կապ,5,Ռադիոտեխնիկա և կապ,Armenian,
https://polytech.am/edu/radioengineering_and_communication/,National Polytechnic University of Armenia,Ռադիոտեխնիկա և կապ,Bachelor,,,Կոդավորման հիմունքները շարժական Կապում,4,Ռադիոտեխնիկա և կապ,Armenian,
https://polytech.am/edu/radioengineering_and_communication/,National Polytechnic University of Armenia,Ռադիոտեխնիկա և կապ,Bachelor,,,Բջջային կապի համակարգեր,8,Ռադիոտեխնիկա և կապ,Armenian,
https://polytech.am/edu/radioengineering_and_communication/,National Polytechnic University of Armenia,Ռադիոտեխնիկա և կապ,Bachelor,,,Շարժական կապի տրանսիվերներ,3,Ռադիոտեխնիկա և կապ,Armenian,
https://polytech.am/edu/radioengineering_and_communication/,National Polytechnic University of Armenia,Ռադիոտեխնիկա և կապ,Bachelor,,,Ռադիողեկավարման ավտոմատ Համակարգեր,4,Ռադիոտեխնիկա և կապ,Armenian,
https://polytech.am/edu/radioengineering_and_communication/,National Polytechnic University of Armenia,Ռադիոտեխնիկա և կապ,Bachelor,,,Ռադիոռելեային կապի գծեր,4,Ռադիոտեխնիկա և կապ,Armenian,
https://polytech.am/edu/radioengineering_and_communication/,National Polytechnic University of Armenia,Ռադիոտեխնիկա և կապ,Bachelor,,,Ինֆորմացիայի հաղորդման համակարգեր,8,Ռադիոտեխնիկա և կապ,Armenian,
https://polytech.am/edu/radioengineering_and_communication/,National Polytechnic University of Armenia,Ռադիոտեխնիկա և կապ,Bachelor,,,Բջջային ռադիոկապի ընդունիչներ,3,Ռադիոտեխնիկա և կապ,Armenian,
https://polytech.am/edu/radioengineering_and_communication/,National Polytechnic University of Armenia,Ռադիոտեխնիկա և կապ,Bachelor,,,Ազդանշանների գրանցման և վերարտադրման սարքեր,5,Ռադիոտեխնիկա և կապ,Armenian,
https://polytech.am/edu/radioengineering_and_communication/,National Polytechnic University of Armenia,Ռադիոտեխնիկա և կապ,Bachelor,,,Միկրոսխեմատեխնիկա,4,Ռադիոտեխնիկա և կապ,Armenian,
https://polytech.am/edu/radioengineering_and_communication/,National Polytechnic University of Armenia,Ռադիոտեխնիկա և կապ,Bachelor,,,Թվային ազդանշանների հաղորդման Հիմունքներ,4,Ռադիոտեխնիկա և կապ,Armenian,
https://polytech.am/edu/radioengineering_and_communication/,National Polytechnic University of Armenia,Ռադիոտեխնիկա և կապ,Bachelor,,,Օպտիկական թվային հեռահաղորդակցության համակարգեր,5,Ռադիոտեխնիկա և կապ,Armenian,
https://polytech.am/edu/radioengineering_and_communication/,National Polytechnic University of Armenia,Ռադիոտեխնիկա և կապ,Bachelor,,,Մանրաթելային օպտիկական կապի գծեր և նրանց բաղադրամասերը,6,Ռադիոտեխնիկա և կապ,Armenian,
https://polytech.am/edu/radioengineering_and_communication/,National Polytechnic University of Armenia,Ռադիոտեխնիկա և կապ,Bachelor,,,Ինֆորմացիայի հաղորդման տեսություն,3,Ռադիոտեխնիկա և կապ,Armenian,
https://polytech.am/edu/radioengineering_and_communication/,National Polytechnic University of Armenia,Ռադիոտեխնիկա և կապ,Bachelor,,,Հաղորդման օպտիկական համակարգեր,4,Ռադիոտեխնիկա և կապ,Armenian,
https://polytech.am/edu/radioengineering_and_communication/,National Polytechnic University of Armenia,Ռադիոտեխնիկա և կապ,Bachelor,,,Քվանտային սարքեր,3,Ռադիոտեխնիկա և կապ,Armenian,
https://polytech.am/edu/radioengineering_and_communication/,National Polytechnic University of Armenia,Ռադիոտեխնիկա և կապ,Bachelor,,,Թվային ազդանշանների հաղորդման համակարգեր և ցանցեր,,Ռադիոտեխնիկա և կապ,Armenian,
https://polytech.am/edu/radioengineering_and_communication/,National Polytechnic University of Armenia,Ռադիոտեխնիկա և կապ,Bachelor,,,Ռադիոէլեկտրոնիկայի և կապի հիմունքներ,4,Ռադիոտեխնիկա և կապ,Armenian,
https://polytech.am/edu/radioengineering_and_communication/,National Polytechnic University of Armenia,Ռադիոտեխնիկա և կապ,Bachelor,,,Կապի միջոցներ նախագծման սխեմատեխնիկական հիմունքներ,4,Ռադիոտեխնիկա և կապ,Armenian,
https://polytech.am/edu/radioengineering_and_communication/,National Polytechnic University of Armenia,Ռադիոտեխնիկա և կապ,Bachelor,,,Կապի միջոցների տեխնոլոգիական հիմունքներ,5,Ռադիոտեխնիկա և կապ,Armenian,
https://polytech.am/edu/radioengineering_and_communication/,National Polytechnic University of Armenia,Ռադիոտեխնիկա և կապ,Bachelor,,,Օբյեկտների տեղորոշման միջոցներ,5,Ռադիոտեխնիկա և կապ,Armenian,
https://polytech.am/edu/radioengineering_and_communication/,National Polytechnic University of Armenia,Ռադիոտեխնիկա և կապ,Bachelor,,,Այլընտրանքային Էներգիայի միջոցների կիրառումը կապի համակարգերում,3,Ռադիոտեխնիկա և կապ,Armenian,
https://polytech.am/edu/radioengineering_and_communication/,National Polytechnic University of Armenia,Ռադիոտեխնիկա և կապ,Bachelor,,,Կապի միջոցների փորձարկում և հուսալիություն,4,Ռադիոտեխնիկա և կապ,Armenian,
https://polytech.am/edu/radioengineering_and_communication/,National Polytechnic University of Armenia,Ռադիոտեխնիկա և կապ,Bachelor,,,Ռադիոնյութեր և ռադիոտարրեր,3,Ռադիոտեխնիկա և կապ,Armenian,
https://polytech.am/edu/radioengineering_and_communication/,National Polytechnic University of Armenia,Ռադիոտեխնիկա և կապ,Bachelor,,,Արբանյակային և ռադիոռելեային կապի համակարգեր,4,Ռադիոտեխնիկա և կապ,Armenian,
https://polytech.am/edu/radioengineering_and_communication/,National Polytechnic University of Armenia,Ռադիոտեխնիկա և կապ,Bachelor,,,Հեռահաղորդակցման համակարգեր և ցանցեր,6,Ռադիոտեխնիկա և կապ,Armenian,
https://polytech.am/edu/radioengineering_and_communication/,National Polytechnic University of Armenia,Ռադիոտեխնիկա և կապ,Bachelor,,,Հեռահաղորդակցական համակարգերի և ցանցերի կառուցման հիմունքներ,2,Ռադիոտեխնիկա և կապ,Armenian,
https://polytech.am/edu/radioengineering_and_communication/,National Polytechnic University of Armenia,Ռադիոտեխնիկա և կապ,Bachelor,,,Էլեկրամագնիսական համատեղելիություն,4,Ռադիոտեխնիկա և կապ,Armenian,
https://polytech.am/edu/radioengineering_and_communication/,National Polytechnic University of Armenia,Ռադիոտեխնիկա և կապ,Bachelor,,,Ռադիոլոկացիոն և ռադիոնավագնացային Համակարգեր,3,Ռադիոտեխնիկա և կապ,Armenian,
https://polytech.am/edu/radioengineering_and_communication/,National Polytechnic University of Armenia,Ռադիոտեխնիկա և կապ,Bachelor,,,Կառավարման ռադիոհամակարգեր,4,Ռադիոտեխնիկա և կապ,Armenian,
https://polytech.am/edu/radioengineering_and_communication/,National Polytechnic University of Armenia,Ռադիոտեխնիկա և կապ,Bachelor,,,Ռադիոէլեկտրոնային պաշտպանությունը հեռահաղորդակցման համակարգերում,3,Ռադիոտեխնիկա և կապ,Armenian,
https://polytech.am/edu/radioengineering_and_communication/,National Polytechnic University of Armenia,Ռադիոտեխնիկա և կապ,Bachelor,,,Տեղեկատվական համակարգերի հիմունքներ,2,Ռադիոտեխնիկա և կապ,Armenian,
https://polytech.am/edu/radioengineering_and_communication/,National Polytechnic University of Armenia,Ռադիոտեխնիկա և կապ,Bachelor,,,Անալոգային ազդանշանների մշակում,4,Ռադիոտեխնիկա և կապ,Armenian,
https://polytech.am/edu/radioengineering_and_communication/,National Polytechnic University of Armenia,Ռադիոտեխնիկա և կապ,Bachelor,,,Ձայնային և տեսաազդանշանների մշակում,5,Ռադիոտեխնիկա և կապ,Armenian,
https://polytech.am/edu/radioengineering_and_communication/,National Polytechnic University of Armenia,Ռադիոտեխնիկա և կապ,Bachelor,,,Թվային ազդանշանների մշակում,8,Ռադիոտեխնիկա և կապ,Armenian,
https://polytech.am/edu/radioengineering_and_communication/,National Polytechnic University of Armenia,Ռադիոտեխնիկա և կապ,Bachelor,,,Ծրագրավորվող կապի համակարգեր,5,Ռադիոտեխնիկա և կապ,Armenian,
https://polytech.am/edu/radioengineering_and_communication/,National Polytechnic University of Armenia,Ռադիոտեխնիկա և կապ,Bachelor,,,Ազդանշանների մշակման հիմնական միջոցներ,3,Ռադիոտեխնիկա և կապ,Armenian,
https://polytech.am/edu/radioengineering_and_communication/,National Polytechnic University of Armenia,Ռադիոտեխնիկա և կապ,Bachelor,,,Աղմկանման ազդանշանների մշակում,3,Ռադիոտեխնիկա և կապ,Armenian,
https://polytech.am/edu/software_engineering/,National Polytechnic University of Armenia,Ծրագրային ճարտարագիտություն,Bachelor,,,Ինֆորմատիկայի մաթեմատիկական Հիմունքներ,4,Ծրագրային ճարտարագիտություն,Armenian,
https://polytech.am/edu/software_engineering/,National Polytechnic University of Armenia,Ծրագրային ճարտարագիտություն,Bachelor,,,Ծրագրային ճարտարապետության մաթեմատիկական հիմունքներ,4,Ծրագրային ճարտարագիտություն,Armenian,
https://polytech.am/edu/software_engineering/,National Polytechnic University of Armenia,Ծրագրային ճարտարագիտություն,Bachelor,,,Ավտոմատների կիրառական տեսություն,5,Ծրագրային ճարտարագիտություն,Armenian,
https://polytech.am/edu/software_engineering/,National Polytechnic University of Armenia,Ծրագրային ճարտարագիտություն,Bachelor,,,Ճարտարագիտական մոդելավորում,3,Ծրագրային ճարտարագիտություն,Armenian,
https://polytech.am/edu/software_engineering/,National Polytechnic University of Armenia,Ծրագրային ճարտարագիտություն,Bachelor,,,Հաշվողական համակարգերի ծրագրային ապահովում և ճարտարապետություն,7,Ծրագրային ճարտարագիտություն,Armenian,
https://polytech.am/edu/software_engineering/,National Polytechnic University of Armenia,Ծրագրային ճարտարագիտություն,Bachelor,,,Համակարգային ծրագրավորում,5,Ծրագրային ճարտարագիտություն,Armenian,
https://polytech.am/edu/software_engineering/,National Polytechnic University of Armenia,Ծրագրային ճարտարագիտություն,Bachelor,,,Օպերացիոն համակարգեր,8,Ծրագրային ճարտարագիտություն,Armenian,
https://polytech.am/edu/software_engineering/,National Polytechnic University of Armenia,Ծրագրային ճարտարագիտություն,Bachelor,,,Ծրագրային համակարգերի պաշտպանություն,6,Ծրագրային ճարտարագիտություն,Armenian,
https://polytech.am/edu/software_engineering/,National Polytechnic University of Armenia,Ծրագրային ճարտարագիտություն,Bachelor,,,Տվյալների բազաների նախագծման Տեխնոլագիաներ,5,Ծրագրային ճարտարագիտություն,Armenian,
https://polytech.am/edu/software_engineering/,National Polytechnic University of Armenia,Ծրագրային ճարտարագիտություն,Bachelor,,,Քոմփյութերային ցանցերի ծրագրավորում,8,Ծրագրային ճարտարագիտություն,Armenian,
https://polytech.am/edu/software_engineering/,National Polytechnic University of Armenia,Ծրագրային ճարտարագիտություն,Bachelor,,,Ծրագրային ապահովման նախագծում,5,Ծրագրային ճարտարագիտություն,Armenian,
https://polytech.am/edu/software_engineering/,National Polytechnic University of Armenia,Ծրագրային ճարտարագիտություն,Bachelor,,,WEB-ծրագրավորում,4,Ծրագրային ճարտարագիտություն,Armenian,
https://polytech.am/edu/software_engineering/,National Polytechnic University of Armenia,Ծրագրային ճարտարագիտություն,Bachelor,,,Ծրագրավորման տեխնոլոգիա,13,Ծրագրային ճարտարագիտություն,Armenian,
https://polytech.am/edu/software_engineering/,National Polytechnic University of Armenia,Ծրագրային ճարտարագիտություն,Bachelor,,,Օբյեկտ-կողմնորոշված ծրագրավորում,5,Ծրագրային ճարտարագիտություն,Armenian,
https://polytech.am/edu/software_engineering/,National Polytechnic University of Armenia,Ծրագրային ճարտարագիտություն,Bachelor,,,Ծրագրավորում NET միջավայրում,6,Ծրագրային ճարտարագիտություն,Armenian,
https://polytech.am/edu/software_engineering/,National Polytechnic University of Armenia,Ծրագրային ճարտարագիտություն,Bachelor,,,Ծրագրերի թեստավորում,5,Ծրագրային ճարտարագիտություն,Armenian,
https://polytech.am/edu/software_engineering/,National Polytechnic University of Armenia,Ծրագրային ճարտարագիտություն,Bachelor,,,Մոբայլ կիրառությունների նախագծում,6,Ծրագրային ճարտարագիտություն,Armenian,
https://polytech.am/edu/software_engineering/,National Polytechnic University of Armenia,Ծրագրային ճարտարագիտություն,Bachelor,,,Ցանցերի կազմակերպում,2,Ծրագրային ճարտարագիտություն,Armenian,
https://polytech.am/edu/software_engineering/,National Polytechnic University of Armenia,Ծրագրային ճարտարագիտություն,Bachelor,,,Էլեկտրոնային նախագծման ավտոմատացման Ներածություն,2,Ծրագրային ճարտարագիտություն,Armenian,
https://polytech.am/edu/software_engineering/,National Polytechnic University of Armenia,Ծրագրային ճարտարագիտություն,Bachelor,,,Տեխնիկական գրագրություն,3,Ծրագրային ճարտարագիտություն,Armenian,
https://polytech.am/edu/software_engineering/,National Polytechnic University of Armenia,Ծրագրային ճարտարագիտություն,Bachelor,,,Քոմփյութերների ճարտարապետություն և օպերացիոն համակարգեր,2,Ծրագրային ճարտարագիտություն,Armenian,
https://polytech.am/edu/software_engineering/,National Polytechnic University of Armenia,Ծրագրային ճարտարագիտություն,Bachelor,,,Թվային ինտեգրալ սխեմաներ,4,Ծրագրային ճարտարագիտություն,Armenian,
https://polytech.am/edu/software_engineering/,National Polytechnic University of Armenia,Ծրագրային ճարտարագիտություն,Bachelor,,,Անալոգային ինտեգրալ սխեմաներ,4,Ծրագրային ճարտարագիտություն,Armenian,
https://polytech.am/edu/software_engineering/,National Polytechnic University of Armenia,Ծրագրային ճարտարագիտություն,Bachelor,,,Ալգորիթմների տեսություն,9,Ծրագրային ճարտարագիտություն,Armenian,
https://polytech.am/edu/software_engineering/,National Polytechnic University of Armenia,Ծրագրային ճարտարագիտություն,Bachelor,,,Ավտոմատացված նախագծման մաթեմատիկական մեթոդներ,7,Ծրագրային ճարտարագիտություն,Armenian,
https://polytech.am/edu/software_engineering/,National Polytechnic University of Armenia,Ծրագրային ճարտարագիտություն,Bachelor,,,Դիսկրետ մաթեմատիկա,8,Ծրագրային ճարտարագիտություն,Armenian,
https://polytech.am/edu/software_engineering/,National Polytechnic University of Armenia,Ծրագրային ճարտարագիտություն,Bachelor,,,Ինտեգրալ սխեմաների նախագծման Ալգորիթմներ,3,Ծրագրային ճարտարագիտություն,Armenian,
https://polytech.am/edu/software_engineering/,National Polytechnic University of Armenia,Ծրագրային ճարտարագիտություն,Bachelor,,,Ինտեգրալ սխեմաների մոդելավորման Տեսություն,3,Ծրագրային ճարտարագիտություն,Armenian,
https://polytech.am/edu/software_engineering/,National Polytechnic University of Armenia,Ծրագրային ճարտարագիտություն,Bachelor,,,Ծրագրավորման լեզուներ,7,Ծրագրային ճարտարագիտություն,Armenian,
https://polytech.am/edu/software_engineering/,National Polytechnic University of Armenia,Ծրագրային ճարտարագիտություն,Bachelor,,,Օբեկտային-կողմնորոշված ծրագրավորում,9,Ծրագրային ճարտարագիտություն,Armenian,
https://polytech.am/edu/software_engineering/,National Polytechnic University of Armenia,Ծրագրային ճարտարագիտություն,Bachelor,,,Սկրիպտավորման լեզուներ,4,Ծրագրային ճարտարագիտություն,Armenian,
https://polytech.am/edu/software_engineering/,National Polytechnic University of Armenia,Ծրագրային ճարտարագիտություն,Bachelor,,,Ծրագրավորման տեխնոլոգիաներ,6,Ծրագրային ճարտարագիտություն,Armenian,
https://polytech.am/edu/software_engineering/,National Polytechnic University of Armenia,Ծրագրային ճարտարագիտություն,Bachelor,,,Սարքավորումների նկարագրման լեզուներ,4,Ծրագրային ճարտարագիտություն,Armenian,
https://polytech.am/edu/software_engineering/,National Polytechnic University of Armenia,Ծրագրային ճարտարագիտություն,Bachelor,,,Օգտագործողի գրաֆիկական ինտերֆեյսի ծրագրավորում,4,Ծրագրային ճարտարագիտություն,Armenian,
https://polytech.am/edu/software_engineering/,National Polytechnic University of Armenia,Ծրագրային ճարտարագիտություն,Bachelor,,,Ծրագրավորում Linux օպերացիոն համակարգի միջավայրում,5,Ծրագրային ճարտարագիտություն,Armenian,
https://polytech.am/edu/transport_systems/,National Polytechnic University of Armenia,Տրանսպորտային Համակարգեր,Bachelor,,,Ճարտարագիտական և համակարգչային գրաֆիկա,4,Տրանսպորտային Համակարգեր,Armenian,
https://polytech.am/edu/transport_systems/,National Polytechnic University of Armenia,Տրանսպորտային Համակարգեր,Bachelor,,,Ընդհանուր էլեկտրատեխնիկա,5,Տրանսպորտային Համակարգեր,Armenian,
https://polytech.am/edu/transport_systems/,National Polytechnic University of Armenia,Տրանսպորտային Համակարգեր,Bachelor,,,Նյութագիտություն,4,Տրանսպորտային Համակարգեր,Armenian,
https://polytech.am/edu/transport_systems/,National Polytechnic University of Armenia,Տրանսպորտային Համակարգեր,Bachelor,,,Տեխնոլոգիական չափումներ և ստանդարտացում,4,Տրանսպորտային Համակարգեր,Armenian,
https://polytech.am/edu/transport_systems/,National Polytechnic University of Armenia,Տրանսպորտային Համակարգեր,Bachelor,,,Կոնստրուկցիոն նյութերի տեխնոլոգիա,4,Տրանսպորտային Համակարգեր,Armenian,
https://polytech.am/edu/transport_systems/,National Polytechnic University of Armenia,Տրանսպորտային Համակարգեր,Bachelor,,,Թերմոդինամիկա և ջերմափոխանցում,4,Տրանսպորտային Համակարգեր,Armenian,
https://polytech.am/edu/transport_systems/,National Polytechnic University of Armenia,Տրանսպորտային Համակարգեր,Bachelor,,,Լոգիստիկայի հիմունքներ,4,Տրանսպորտային Համակարգեր,Armenian,
https://polytech.am/edu/transport_systems/,National Polytechnic University of Armenia,Տրանսպորտային Համակարգեր,Bachelor,,,Տեսական մեխանիկա,11,Տրանսպորտային Համակարգեր,Armenian,
https://polytech.am/edu/transport_systems/,National Polytechnic University of Armenia,Տրանսպորտային Համակարգեր,Bachelor,,,Ճանապարհ. երթևեկության կանոններ,6,Տրանսպորտային Համակարգեր,Armenian,
https://polytech.am/edu/transport_systems/,National Polytechnic University of Armenia,Տրանսպորտային Համակարգեր,Bachelor,,,Տրանսպորտային միջոցների հիդրոհաղորդակներ,4,Տրանսպորտային Համակարգեր,Armenian,
https://polytech.am/edu/transport_systems/,National Polytechnic University of Armenia,Տրանսպորտային Համակարգեր,Bachelor,,,Նյութերի դիմադրություն,10,Տրանսպորտային Համակարգեր,Armenian,
https://polytech.am/edu/transport_systems/,National Polytechnic University of Armenia,Տրանսպորտային Համակարգեր,Bachelor,,,Մեխանիզմների և մեքենանների տեսություն,7,Տրանսպորտային Համակարգեր,Armenian,
https://polytech.am/edu/transport_systems/,National Polytechnic University of Armenia,Տրանսպորտային Համակարգեր,Bachelor,,,Մեքենաների մասեր,7,Տրանսպորտային Համակարգեր,Armenian,
https://polytech.am/edu/transport_systems/,National Polytechnic University of Armenia,Տրանսպորտային Համակարգեր,Bachelor,,,Հիդրավլիկա և հիդրոպնևմոսարքավորում.,7,Տրանսպորտային Համակարգեր,Armenian,
https://polytech.am/edu/transport_systems/,National Polytechnic University of Armenia,Տրանսպորտային Համակարգեր,Bachelor,,,Բեռնման-բեռնաթափման միջոցներ,12,Տրանսպորտային Համակարգեր,Armenian,
https://polytech.am/edu/transport_systems/,National Polytechnic University of Armenia,Տրանսպորտային Համակարգեր,Bachelor,,,Մարքեթինգ,3,Տրանսպորտային Համակարգեր,Armenian,
https://polytech.am/edu/transport_systems/,National Polytechnic University of Armenia,Տրանսպորտային Համակարգեր,Bachelor,,,Տրանսպորտային միջոցների էլեկտրական սարքավորումներ,2,Տրանսպորտային Համակարգեր,Armenian,
https://polytech.am/edu/transport_systems/,National Polytechnic University of Armenia,Տրանսպորտային Համակարգեր,Bachelor,,,Տրանսպորտային միջոցների շահագործման և նորոգման հիմունքներ,8,Տրանսպորտային Համակարգեր,Armenian,
https://polytech.am/edu/transport_systems/,National Polytechnic University of Armenia,Տրանսպորտային Համակարգեր,Bachelor,,,Տրանսպորտային միջոցների ավտոմատ համակարգեր,2,Տրանսպորտային Համակարգեր,Armenian,
https://polytech.am/edu/transport_systems/,National Polytechnic University of Armenia,Տրանսպորտային Համակարգեր,Bachelor,,,Տրանսպորտային միջոցների արտադրության տեխնոլոգիա,3,Տրանսպորտային Համակարգեր,Armenian,
https://polytech.am/edu/transport_systems/,National Polytechnic University of Armenia,Տրանսպորտային Համակարգեր,Bachelor,,,Տրանսպորտային միջոցների էլեկտրոնային սարքավորումներ,4,Տրանսպորտային Համակարգեր,Armenian,
https://polytech.am/edu/transport_systems/,National Polytechnic University of Armenia,Տրանսպորտային Համակարգեր,Bachelor,,,Տրանսպորտային միջոցների փորձարկում,5,Տրանսպորտային Համակարգեր,Armenian,
https://polytech.am/edu/transport_systems/,National Polytechnic University of Armenia,Տրանսպորտային Համակարգեր,Bachelor,,,Փոխադրումների անվտանգության ապահովման հիմունքներ,4,Տրանսպորտային Համակարգեր,Armenian,
https://polytech.am/edu/transport_systems/,National Polytechnic University of Armenia,Տրանսպորտային Համակարգեր,Bachelor,,,"Լիցենզավորում, հավաստագրում, փաստաթղթաշրջանառություն",4,Տրանսպորտային Համակարգեր,Armenian,
https://polytech.am/edu/transport_systems/,National Polytechnic University of Armenia,Տրանսպորտային Համակարգեր,Bachelor,,,Ավտոտրակտոր. շարժիչների կառուցվածք,5,Տրանսպորտային Համակարգեր,Armenian,
https://polytech.am/edu/transport_systems/,National Polytechnic University of Armenia,Տրանսպորտային Համակարգեր,Bachelor,,,Ավտոտրակտոր. միջոցների կառուցվածք,5,Տրանսպորտային Համակարգեր,Armenian,
https://polytech.am/edu/transport_systems/,National Polytechnic University of Armenia,Տրանսպորտային Համակարգեր,Bachelor,,,Մասնագիտացված շարժակազմ,4,Տրանսպորտային Համակարգեր,Armenian,
https://polytech.am/edu/transport_systems/,National Polytechnic University of Armenia,Տրանսպորտային Համակարգեր,Bachelor,,,Ավտոմոբիլի տեսություն,10,Տրանսպորտային Համակարգեր,Armenian,
https://polytech.am/edu/transport_systems/,National Polytechnic University of Armenia,Տրանսպորտային Համակարգեր,Bachelor,,,Ավտոմոբիլի նախագծում և հաշվարկ,10,Տրանսպորտային Համակարգեր,Armenian,
https://polytech.am/edu/transport_systems/,National Polytechnic University of Armenia,Տրանսպորտային Համակարգեր,Bachelor,,,Ներքին այրման շարժիչների տեսություն և դինամիկայի հիմունքներ,5,Տրանսպորտային Համակարգեր,Armenian,
https://polytech.am/edu/transport_systems/,National Polytechnic University of Armenia,Տրանսպորտային Համակարգեր,Bachelor,,,Ավտոմոբիլի տեխնիկական զննություն և արատորոշում,4,Տրանսպորտային Համակարգեր,Armenian,
https://polytech.am/edu/transport_systems/,National Polytechnic University of Armenia,Տրանսպորտային Համակարգեր,Bachelor,,,Ավտոտրակտորային շարժիչների կառուցվածք,5,Տրանսպորտային Համակարգեր,Armenian,
https://polytech.am/edu/transport_systems/,National Polytechnic University of Armenia,Տրանսպորտային Համակարգեր,Bachelor,,,Ավտոտրակտորային միջոցների կառուցվածք,5,Տրանսպորտային Համակարգեր,Armenian,
https://polytech.am/edu/transport_systems/,National Polytechnic University of Armenia,Տրանսպորտային Համակարգեր,Bachelor,,,Ավտոտրանսպորտային միջոցների շահագործական հատկություններ,10,Տրանսպորտային Համակարգեր,Armenian,
https://polytech.am/edu/transport_systems/,National Polytechnic University of Armenia,Տրանսպորտային Համակարգեր,Bachelor,,,Ավտոտրանսպորտային կազմակերպու-թյունների և տեխնիկական սպասարկման կայանների տեխնոլոգիական նախագծ,10,Տրանսպորտային Համակարգեր,Armenian,
https://polytech.am/edu/transport_systems/,National Polytechnic University of Armenia,Տրանսպորտային Համակարգեր,Bachelor,,,Ավտոմոբիլի հաշվարկի հիմունքներ,4,Տրանսպորտային Համակարգեր,Armenian,
https://polytech.am/edu/transport_systems/,National Polytechnic University of Armenia,Տրանսպորտային Համակարգեր,Bachelor,,,Վերամբարձ փոխադրական մեքենաներ և սարքավորումներ,6,Տրանսպորտային Համակարգեր,Armenian,
https://polytech.am/edu/transport_systems/,National Polytechnic University of Armenia,Տրանսպորտային Համակարգեր,Bachelor,,,"Շինարարական մեքենաներ,մոնտաժային սարքավորումներ և գործիքներ",4,Տրանսպորտային Համակարգեր,Armenian,
https://polytech.am/edu/transport_systems/,National Polytechnic University of Armenia,Տրանսպորտային Համակարգեր,Bachelor,,,Հողային աշխատանքի մեքենաներ,5,Տրանսպորտային Համակարգեր,Armenian,
https://polytech.am/edu/transport_systems/,National Polytechnic University of Armenia,Տրանսպորտային Համակարգեր,Bachelor,,,ճանապարհային մեքենաներ,5,Տրանսպորտային Համակարգեր,Armenian,
https://polytech.am/edu/transport_systems/,National Polytechnic University of Armenia,Տրանսպորտային Համակարգեր,Bachelor,,,"Շինարարական նյութեր, արտադրության մեքենաներ և կազմակերպություններ",4,Տրանսպորտային Համակարգեր,Armenian,
https://polytech.am/edu/transport_systems/,National Polytechnic University of Armenia,Տրանսպորտային Համակարգեր,Bachelor,,,Երկաթուղային շարժակազմի կառուցվածք,11,Տրանսպորտային Համակարգեր,Armenian,
https://polytech.am/edu/transport_systems/,National Polytechnic University of Armenia,Տրանսպորտային Համակարգեր,Bachelor,,,"Երկաթուղային կայարաններ, հանգուցներ, դեպոներ",5,Տրանսպորտային Համակարգեր,Armenian,
https://polytech.am/edu/transport_systems/,National Polytechnic University of Armenia,Տրանսպորտային Համակարգեր,Bachelor,,,Վագոնային տնտեսություն,4,Տրանսպորտային Համակարգեր,Armenian,
https://polytech.am/edu/transport_systems/,National Polytechnic University of Armenia,Տրանսպորտային Համակարգեր,Bachelor,,,Էլեկտրական շարժակազմի էլեկտրամատակարարման համակարգեր,5,Տրանսպորտային Համակարգեր,Armenian,
https://polytech.am/edu/transport_systems/,National Polytechnic University of Armenia,Տրանսպորտային Համակարգեր,Bachelor,,,Երկաթուղային շարժակազմի տեխնիկական սպասարկում,7,Տրանսպորտային Համակարգեր,Armenian,
https://polytech.am/edu/transport_systems/,National Polytechnic University of Armenia,Տրանսպորտային Համակարգեր,Bachelor,,,Երկաթուղային շարժակազմի դինամիկա,7,Տրանսպորտային Համակարգեր,Armenian,
https://polytech.am/edu/transport_systems/,National Polytechnic University of Armenia,Տրանսպորտային Համակարգեր,Bachelor,,,Երկաթուղու տեխնիկական շահագործում և երթևեկության անվտանգություն,4,Տրանսպորտային Համակարգեր,Armenian,
https://polytech.am/edu/transport_systems/,National Polytechnic University of Armenia,Տրանսպորտային Համակարգեր,Bachelor,,,Տրանսպորտային միջոցի կառուցվածք,10,Տրանսպորտային Համակարգեր,Armenian,
https://polytech.am/edu/transport_systems/,National Polytechnic University of Armenia,Տրանսպորտային Համակարգեր,Bachelor,,,Տրանսպորտային միջոցի հաշվարկ,3,Տրանսպորտային Համակարգեր,Armenian,
https://polytech.am/edu/transport_systems/,National Polytechnic University of Armenia,Տրանսպորտային Համակարգեր,Bachelor,,,"Հաղորդակցական ուղիների կառուցվածք, շահագործական հատկանիշներ և նախագծման հիմունքներ",9,Տրանսպորտային Համակարգեր,Armenian,
https://polytech.am/edu/transport_systems/,National Polytechnic University of Armenia,Տրանսպորտային Համակարգեր,Bachelor,,,Տրանսպորտային միջոցի տեխնիկական սպասարկում,3,Տրանսպորտային Համակարգեր,Armenian,
https://polytech.am/edu/transport_systems/,National Polytechnic University of Armenia,Տրանսպորտային Համակարգեր,Bachelor,,,Տրանսպորտի տեսակների համագործակցություն,3,Տրանսպորտային Համակարգեր,Armenian,
https://polytech.am/edu/transport_systems/,National Polytechnic University of Armenia,Տրանսպորտային Համակարգեր,Bachelor,,,Տրանսպորտային համակարգերի և գործընթացների տեսություն,9,Տրանսպորտային Համակարգեր,Armenian,
https://polytech.am/edu/transport_systems/,National Polytechnic University of Armenia,Տրանսպորտային Համակարգեր,Bachelor,,,Բեռնատար ավտոմոբիլային փոխադրումներ,10,Տրանսպորտային Համակարգեր,Armenian,
https://polytech.am/edu/transport_systems/,National Polytechnic University of Armenia,Տրանսպորտային Համակարգեր,Bachelor,,,Ուղևորատար ավտոմոբիլային փոխադրումներ,10,Տրանսպորտային Համակարգեր,Armenian,
https://polytech.am/edu/transport_systems/,National Polytechnic University of Armenia,Տրանսպորտային Համակարգեր,Bachelor,,,Երթևեկության կազմակերպում և կառավարում,5,Տրանսպորտային Համակարգեր,Armenian,
https://polytech.am/edu/transport_systems/,National Polytechnic University of Armenia,Տրանսպորտային Համակարգեր,Bachelor,,,Ճանապարհային երթևեկության անվտանգություն,5,Տրանսպորտային Համակարգեր,Armenian,
https://polytech.am/edu/transport_systems/,National Polytechnic University of Armenia,Տրանսպորտային Համակարգեր,Bachelor,,,Ավտոմոբիլի տեխնիկաշահագործական հատկություններ,7,Տրանսպորտային Համակարգեր,Armenian,
https://polytech.am/edu/transport_systems/,National Polytechnic University of Armenia,Տրանսպորտային Համակարգեր,Bachelor,,,Երկաթուղային տրանսպորտի ենթակառուցվածք,10,Տրանսպորտային Համակարգեր,Armenian,
https://polytech.am/edu/transport_systems/,National Polytechnic University of Armenia,Տրանսպորտային Համակարգեր,Bachelor,,,"Երկաթուղային փոխադրումների տեխնոլոգիա, կազմակերպում և կառավարում",10,Տրանսպորտային Համակարգեր,Armenian,
https://polytech.am/edu/transport_systems/,National Polytechnic University of Armenia,Տրանսպորտային Համակարգեր,Bachelor,,,"Ավտոմատիկա, հեռուստամեխանիկա, կապ",5,Տրանսպորտային Համակարգեր,Armenian,
https://polytech.am/edu/transport_systems/,National Polytechnic University of Armenia,Տրանսպորտային Համակարգեր,Bachelor,,,Բեռնագիտություն,5,Տրանսպորտային Համակարգեր,Armenian,
https://polytech.am/edu/transport_systems/,National Polytechnic University of Armenia,Տրանսպորտային Համակարգեր,Bachelor,,,Շարժակազմի քարշային դինամիկա,7,Տրանսպորտային Համակարգեր,Armenian,
https://polytech.am/edu/transport_systems/,National Polytechnic University of Armenia,Տրանսպորտային Համակարգեր,Bachelor,,,Ճանապարհային երթևեկության կազմակերպում,6,Տրանսպորտային Համակարգեր,Armenian,
https://polytech.am/edu/transport_systems/,National Polytechnic University of Armenia,Տրանսպորտային Համակարգեր,Bachelor,,,Ճանապարհային երթևեկության կազմակերպման տեխնիկական միջոցներ,7,Տրանսպորտային Համակարգեր,Armenian,
https://polytech.am/edu/transport_systems/,National Polytechnic University of Armenia,Տրանսպորտային Համակարգեր,Bachelor,,,Ավտոմոբիլային փոխադրումներ,5,Տրանսպորտային Համակարգեր,Armenian,
https://polytech.am/edu/transport_systems/,National Polytechnic University of Armenia,Տրանսպորտային Համակարգեր,Bachelor,,,Ճանապարհատրանսպորտային պատահարների փորձաքննություն,5,Տրանսպորտային Համակարգեր,Armenian,
https://polytech.am/edu/transport_systems/,National Polytechnic University of Armenia,Տրանսպորտային Համակարգեր,Bachelor,,,Տրանսպորտային միջոցների և երթևեկության անվտանգություն,4,Տրանսպորտային Համակարգեր,Armenian,
https://polytech.am/edu/transport_systems/,National Polytechnic University of Armenia,Տրանսպորտային Համակարգեր,Bachelor,,,Ծառայություն ճանապարհային ոստիկանությունում,5,Տրանսպորտային Համակարգեր,Armenian,
https://polytech.am/edu/transport_systems/,National Polytechnic University of Armenia,Տրանսպորտային Համակարգեր,Bachelor,,,Ավտոմոբիլի տեխնիկաշահագործական հատկություններ,6,Տրանսպորտային Համակարգեր,Armenian,
