source,source_type,source_url,job_title,company_name,location,employment_type,seniority_level,industries,posting_date,deadline,skills_tags,full_text,role_group
job.am,aggregator,https://job.am/en/job/av-engineer-72195,AV Engineer,CreedRoomz,Yerevan,Full Time,Mid level,,,2026-04-10,,"Description Creedroomz is looking for an AV Engineer to join our team. Requirements Advanced knowledge of photography concepts (aperture, shutter speed, ISO, exposure, lenses). Experience in electronic engineering and broadcast/communication equipment. Advanced knowledge of video camera operation and production video switchers. Experience with live chroma keying. Strong understanding of SDI, HDMI, network systems, and AV infrastructure. Excellent color vision and hearing. Strong IT and production management skills. Strong fault-detection and creative problem-solving abilities. Excellent attention to detail, time management, flexibility, and teamwork skills. Responsibilities Participate in studio build processes by installing, configuring, and testing dedicated audio-visual equipment. Maintain equipment used for audio-video production, broadcasting, signage, and media display. Set up and monitor audio-visual transmission links between studio units. Identify and repair technical faults promptly, implementing alternative solutions where possible to minimize interruptions. Set up and operate equipment and transmission links during live broadcasts. Install custom low-power audio-visual circuits, including data, video, and audio cabling. Assemble and configure hardware systems and related AV infrastructure. Adhere strictly to health and safety regulations in the workplace. Interpret and implement technical instructions and requests from various departments. Communicate effectively with team members and cross-functional colleagues. Stay updated with industry trends and technological advancements, researching new systems and techniques. Education: Bachelor’s degree in Information Technology, Computer Science, or a related technical field. Work Experience: Minimum 2 years of experience in audio-visual engineering, broadcast production, or studio technical operations. Professional Skills: Installation and configuration of AV systems Live broadcast technical support Troubleshooting AV and transmission systems Technical documentation Personal Skills: Strong analytical thinking Responsibility and reliability Ability to work under pressure during live operations Team-oriented mindset Location: 20 Garegin Hovsepyan St, Norq-Marash, Yerevan, Armenia 122/1 Gevorg Chaushi Highway, Proshyan Village, Nairi Community, Kotayk Province, Armenia Company օverview Address Երևան, Գ․ Հովսեփյան 20 Number of employees 501-1000 Website https://www.creedroomz.com/ Phone 37444444453 Experience the thrill of real-time action and unmatched excitement with Creedroomz Live Casino. Immerse yourself in a world of high-stakes gaming, where the finest live dealers bring your favorite casino games to life. From classic table games like Blackjack, Roulette, and Baccarat to innovative live game shows, Creedroomz delivers an authentic and immersive casino experience from the comfort of your home. With cutting-edge technology, seamless streaming, and a sleek, user-friendly interface, Creedroomz ensures you enjoy every moment as if you were in a luxurious casino, no matter where you are. Join us today and take your gaming experience to the next level. Welcome to Creedroomz Live Casino – your ultimate destination for real-time casino excitement. See more Benefits Annual salary review Free foreign language courses Corporate events Flexible working schedule Medical insurance Family medical insurance Free tea, coffee and refreshments Reward system Business trips Trainings Free parking Sports Package Sports and yoga zone Parental leave",Hardware / Embedded
job.am,aggregator,https://job.am/en/job/studiayi-ajakcman-masov-texnik-71986,Ստուդիայի Աջակցման Մասով Տեխնիկ,Evolution Studio AM,Yerevan,Full Time,Mid level,,,2026-04-04,,"Աշխատանքի նկարագրություն և պարտականություններ՝ Ստուդիաների, պանելների, մոնիտորների, դեկորատիվ վահանակների, մալուխների և ստուդիայի սարքավորումների տեղադրում և սպասարկում։ Շերտավոր գորգեր, աշխատանք փայտի և մետաղի հետ, ներկերի և պարզ առաջադրանքների արհեստանոցում պարզ սարքավորումների և ագրեգատների վրա: Ստուդիաներում վիզուալ միջավայրի պատրաստում, դեկորատիվ պանելների տեղադրում Ցածր լարման տվյալների մալուխների տեղադրում Ստուդիայի կահույքի տեղադրում Համալիր սարքավորումների, ներառյալ տեսախցիկների, սկաներների, ԱՀ-ների, լույսերի տեղադրում` համաձայն տրված սխեմաների և ուղեցույցների Ձայնամեկուսիչ միջավայրերի պատրաստում, կլանիչների տեղադրում Փայտի, կտորի և մետաղի  աշխատանքների կատարում Որակավորումներ՝ Միջնակարգ կրթություն Հայերենի մասնագիտական ​​աշխատանքային իմացություն և անգլերենի բավարար աշխատանքային իմացություն Ստանդարտ գործիքների (էլեկտրական գայլիկոն, սղոց, մուրճ, էլեկտրական սղոց, էլեկտրական պտուտակահան, կարիչ և այլն) աշխատելու սկսնակ/միջանկյալ հմտություններ: Պատասխանատվության բարձր զգացում Ուղղակի կառավարման պատվերները և աշխատանքային առաջադրանքները ճշգրիտ կատարելու ունակություն Թիմում աշխատելու ունակություն Առնվազն 1 տարվա աշխատանքային փորձ որպես ատաղձագործ, շինարարություն կամ հարակից այլ ոլորտ Արտոնություններ` հանգստի և խաղային գոտիներ առողջության ապահովագրության փաթեթ, արտոնության քարտ. Company օverview Address Isakov 24/7, Yerevan, Armenia Number of employees 1001+ Website https://www.evolution.com/ Evolution is a market-leading Swedish company, developer and provider of products and services for online casino entertainment founded in 2006 and listed on Nasdaq Nordic (EVO).Across our 40+ sites, we have 20 000+ people working in the fields of Product Innovation, Software Development, Game Presenters & Hosts, IT support, Facility & Studio build as well as support services. Evolution's dynamic and creative environment creates a unique opportunity for personal and professional growth. Since entering the Armenian market in 2020, Evolution Armenia has rapidly established itself as a major employer with a reputation for excellence. We are committed to becoming one of the premier employers in the region, offering exciting career opportunities and challenging experiences. Are you ready for new opportunities and eager to gain valuable experience? If you’re prepared for challenges and growth, we want to hear from you. See more Benefits Free foreign language courses Corporate events Flexible working schedule Medical insurance Family medical insurance Free tea, coffee and refreshments Reward system Personal accident, death, illness insurance Trainings Sports Package No dress code Sports and yoga zone Parental leave",Hardware / Embedded
job.am,aggregator,https://job.am/en/job/studiayi-sarqavorumneri-ajakcman-masnaget-71985,Ստուդիայի Սարքավորումների Աջակցման Մասնագետ,Evolution Studio AM,Yerevan,Full Time,Mid level,,,2026-04-04,,"Էվոլյուշնը փնտրում է Ստուդիայի Սարքավորումների Աջակցման Մասնագետ Job Description Տեղադրել, մաքրել, փոխել և կարգավորել հիմնական սարքավորումները, Կատարել սարքավորումների փորձարկումներ, Ապահովել սարքավորումների կանխարգելիչ սպասարկում, Վերահսկել սարքավորումների աշխատանքը, կատարել գնահատումներ և որոշումներ կայացնել անհրաժեշտ գործողությունների վերաբերյալ, Ապահովել սարքավորումների առկայությունը 24/7, Զեկուցել սարքավորումների հետ կապված խնդիրների մասին, Ռուլետկա անիվների մաքրում/սպասարկում, Խաղային մեքենաների մաքրում/սպասարկում/փոխանակում, Տախտակամածի ստուգիչի մաքրում/սպասարկում, Սեղանների ստուգում, Կատարել քարտեր/սարքավորումների տեղափոխում հաստատության ներսում, Կազմակերպել սարքավորումների օգտագործումը, Մշտադիտարկել ջերմաստիճանը խաղային հարկերի և պահեստների վրա, Պահեստում գտնվող սարքավորումների մոնիտորինգ և հետևում, Համագործակցել այլ ստորաբաժանումների հետ: Qualifications Միջնակարգ կրթություն՝ (բարձրագույն, մասնագիտական և այլն), Աշխատանքային փորձը նախընտրելի է մինչև 6 ամիս, Անգլերենի գրավոր և բանավոր մասնագիտական աշխատանքային իմացություն, Ստանդարտ ծրագրային հավելվածների հետ աշխատելու փորձ, ներառյալ MS Office, Windows և այլն Պատասխանատվության բարձր զգացում, Հանձնարարված առաջադրանքները պահպանելու և վերջնաժամկետները պահպանելու ունակություն, Թիմում, ինչպես նաև ինքնուրույն աշխատելու կարողություն, Արագ արձագանք և ուշադրություն մանրուքների նկատմամբ, ճնշմանը դիմակայելու կարողություն, Գաղտնի տեղեկատվության հետ աշխատելու ունակություն, Ընկերության նպատակներին հասնելու մոտիվացիա, Տարբեր հերթափոխով աշխատելու ունակություն։ Additional information մարզադահլիճով և ճաշարանով համալրված աշխատավայր, գերժամանակակից հեռարձակման ստուդիայում աշխատանքային փորձ ձեռք բերելու հնարավորություն, մասնագիտական ​​և անհատական ​​զարգացման հնարավորություններ` կարիերայի աճի հնարավորություն, առողջության ապահովագրության փաթեթ, արտոնության քարտ Company օverview Address Isakov 24/7, Yerevan, Armenia Number of employees 1001+ Website https://www.evolution.com/ Evolution is a market-leading Swedish company, developer and provider of products and services for online casino entertainment founded in 2006 and listed on Nasdaq Nordic (EVO).Across our 40+ sites, we have 20 000+ people working in the fields of Product Innovation, Software Development, Game Presenters & Hosts, IT support, Facility & Studio build as well as support services. Evolution's dynamic and creative environment creates a unique opportunity for personal and professional growth. Since entering the Armenian market in 2020, Evolution Armenia has rapidly established itself as a major employer with a reputation for excellence. We are committed to becoming one of the premier employers in the region, offering exciting career opportunities and challenging experiences. Are you ready for new opportunities and eager to gain valuable experience? If you’re prepared for challenges and growth, we want to hear from you. See more Benefits Free foreign language courses Corporate events Flexible working schedule Medical insurance Family medical insurance Free tea, coffee and refreshments Reward system Personal accident, death, illness insurance Trainings Sports Package No dress code Sports and yoga zone Parental leave",Hardware / Embedded
job.am,aggregator,https://job.am/en/job/tesahskman-u-anvtangutyan-hamakargeri-texnik-71036,Տեսահսկման ու անվտանգության համակարգերի տեխնիկ,Homplex Hyper  Mall,"Աշտարակի խճուղի, գ․ Պռոշյան",Full Time,Senior,,,2026-04-09,,"Տեսահսկման, ազդանշանային և անվտանգության այլ համակարգերի տեղադրում, կարգավորում և գործարկում Տեխնիկական սպասարկում և անսարքությունների ախտորոշում ու վերացում Համակարգերի ծրագրային կարգավորումներ (DVR/NVR, IP տեսախցիկներ և այլն) Անվտանգության և աշխատանքային կանոնների պահպանում Մալուխների անցկացում, սարքավորումների միացում և փորձարկում

Անվտանգության համակարգերի վերաբերյալ գիտելիքներ Տեսահսկման համակարգերի վերաբերյալ գիտելիքներ Համակարգչային գիտելիքներ Պատասխանատվության բարձր զգացում և ճշգրտություն Թիմում և ինքնուրույն աշխատելու կարողություն Աշխատանքային փորձ առնվազն 1 տարի

Աշխատանքային օրեր և ժամեր՝ 6-օրյա, հասցե ՝  Աշտարակի խճուղի, գ․ Պռոշյան, Գ․ Չաուշ 1/48 Company օverview Address Աշտարակի խճ․, գյուղ Պռոշյան , Գ․ Չաուշ 1/48 Number of employees 501-1000 Website https://homplex.am/ Phone 37494257567 Homplex Mall-ը Երևանի ամենամեծ առևտրի և ժամանցի կենտրոններից մեկն է։ Մոլը հիմնականում մասնագիտացած է շինարարական, վերանորոգման, տան պարագաների և կենցաղային տեխնիկայի ոլորտում, ինչի շնորհիվ այն առաջնային վայր է նրանց համար, ովքեր ցանկանում են կառուցել կամ վերանարոգել իրենց տունը վերջին նորարարություններով և տեխնոլոգիաներով: See more Benefits Annual salary review Corporate events Trainings Free parking",Hardware / Embedded
linkedin,aggregator,https://am.linkedin.com/jobs/view/voice-audio-embedded-dsp-software-developer-at-alango-technologies-4382651708?refId=gFdaRa43%2FJGobaFKXXQDwg%3D%3D&trackingId=tYQMEm6VsuEKeLxk5d6G%2FA%3D%3D&position=22&pageNum=3,Voice/Audio embedded DSP software developer,Alango Technologies,"Yerevan, Armenia",Full-time,,,2026-03-18,,,"About Alango Technologies Alango Technologies is a leading innovator in embedded DSP and AI software, with more than 20 years of experience in speech, audio, and hearing enhancement. Our technologies power a wide range of products, including automotive infotainment systems, headphones, Bluetooth earbuds, hearing aids, conferencing systems, and voice-enabled IoT devices.We develop licensable software solutions that deliver high audio quality and ultra-low latency, with advanced features such as acoustic echo cancellation, noise reduction, adaptive microphone processing, and sound personalization. Our technologies are trusted worldwide and certified for Microsoft Teams, Zoom, and ITU-T standards.
About the Role We are looking for a full-time Voice/Audio Embedded Signal Processing Software Engineer to join our team in Yerevan, Armenia.In this role, you will work on the implementation and optimization of DSP algorithms for embedded systems and collaborate with cross-functional teams to ensure excellent product performance and audio quality.
RequirementsAt least 3 years of experience in embedded signal processing software developmentHands-on experience in voice and audio processingStrong programming and problem-solving skills in embedded environmentsGood communication skills in English
Why Join Alango You will have the opportunity to work on advanced speech and audio technologies used in real products around the world, helping shape the future of voice communication, hearing enhancement, and intelligent audio devices.",Hardware / Embedded
linkedin,aggregator,https://am.linkedin.com/jobs/view/asic-dft-dv-technical-leader-at-cisco-4371429132?refId=JraSu5ox0lZoYgDgiPZfpA%3D%3D&trackingId=8QJccubv0edYbsh%2BZP3cyA%3D%3D&position=12&pageNum=14,ASIC DFT DV Technical Leader,Cisco,Armenia,Full-time,Mid-Senior level,Software Development,2026-02-11,,,"This is a hybrid role with four days per week at Cisco’s Yerevan office.

Meet the Team

Our team is dedicated to advancing DFT architecture to ensure robust test planning and development that supports ATE screening, in-system testing, debugging, and diagnostics. We collaborate closely with design, design-verification, and product development teams to integrate and validate test logic throughout implementation and post-silicon validation phases. Comprising experienced engineers passionate about innovation, our team fosters a collaborative and dynamic environment focused on developing reusable test and debug methodologies for new silicon device models, including bare die and stacked die. What excites us most is driving cutting-edge hardware DFT strategies and solving complex challenges that directly impact the quality and reliability of Cisco’s silicon products.

Your Impact

Lead the development and execution of comprehensive test benches to verify DFT architectures, ensuring thorough coverage of design specifications. Collaborate cross-functionally to integrate test logic and validate it across all implementation stages and post-silicon validation flows. Drive innovation in hardware DFT and test strategies for emerging silicon device models, promoting reusable methodologies and standards. Identify DFT challenges, facilitate solution brainstorming, and develop implementation plans while mentoring junior engineers to meet project timelines. Your work will directly enhance test coverage, debug efficiency, and product quality, making a significant impact on Cisco’s silicon design and validation processes.

Minimum Qualifications

Bachelor’s or Master’s Degree in Electrical, Computer Engineering or any relevant field.10+ years of experience in design verification or ASIC design.Proven experience in test planning based on complex design specifications.Proficiency in debugging using DVE/Verdi tools.Experience in scripting languages like Tcl, Python, or Perl.

Preferred Qualifications

Experience in testbench development using SystemVerilog.Knowledge of JTAG protocol, scan architecture, MBIST, and boundary scan.Familiarity with innovative hardware DFT and test strategy development.Ability to lead and mentor engineers.Strong problem-solving skills with minimal mentorship.

Why Cisco?

At Cisco, we’re revolutionizing how data and infrastructure connect and protect organizations in the AI era – and beyond. We’ve been innovating fearlessly for 40 years to create solutions that power how humans and technology work together across the physical and digital worlds. These solutions provide customers with unparalleled security, visibility, and insights across the entire digital footprint.

Fueled by the depth and breadth of our technology, we experiment and create meaningful solutions. Add to that our worldwide network of doers and experts, and you’ll see that the opportunities to grow and build are limitless. We work as a team, collaborating with empathy to make really big things happen on a global scale. Because our solutions are everywhere, our impact is everywhere.

We are Cisco, and our power starts with you.",Hardware / Embedded
linkedin,aggregator,https://am.linkedin.com/jobs/view/asic-dft-sdc-development-engineer-at-cisco-4367613285?refId=bTH9uAJxPeeYpzcP%2FP4AYQ%3D%3D&trackingId=sfXUvHgoAEHkSg1bcMpc9A%3D%3D&position=6&pageNum=13,ASIC DFT SDC Development Engineer,Cisco,Armenia,Full-time,Not Applicable,Software Development,2026-01-30,,,"Meet the team

Join the Silicon One Team at Cisco, a group at the forefront of developing Cisco's groundbreaking silicon architecture. We are a collaborative unit focused on pushing the boundaries of ASIC design for advanced process nodes. As part of our team, you will contribute to defining innovative Physical Design methodologies and creating robust flows essential for developing our complex chips. You will also have the opportunity to work hands-on with the Physical Design of intricate chip partitions.

Your Impact

You are a detail-oriented DFT Timing Engineer with strong analytical skills and a deep understanding of timing constraints, such as clock groups, various exceptions, clock exclusivity.

You will collaborate effectively with cross-functional teams, communicate complex timing data clearly.

Responsibilities Will Include

Developing timing constraints at block, sub-chip, and full-chip levels in test modes, performing quality checks such as duplicated constraints, promotion/demotion between block and top level SDCs.Check timing for unconstrained endpoints, no clock, etc.Your role may include SDC validation, CDC delay check, and SDC flow development.Developing methodologies, guidelines, and checklists to streamline STA work, resolve design and flow issues, and drive execution to ensure progress and accuracy.

Minimum Qualifications

Bachelor’s degree in electrical or computer engineering (or other equivalent field) with 5+ years of related work experience.Experience with block/full chip SDC development in test modes (scan shift, scan capture, atpg capture modes).Expertise in Static Timing Analysis and prior working experience with STA tools like PrimeTime.Programming skills in at least 2 or more of the following languages: Perl, TCL, Python, Makefile, or other relative scripting languages.

Preferred Qualifications

Master’s degree in electrical or computer engineering (or other equivalent field) with 4+ years of related work experience.Background in debugging and analyzing timing constraints, timing closure of DFT modes such as scan shift/capture and BIST.Prior working experience with SDC debugging & STA tools: Synopsys GCA/TCM/Primetime.Prior working experience with synthesis tools: Synopsys Fusion Compiler.Prior working experience with Tessent tool: DFT insertion in RTL.Strong communication skills and team player.

Why Cisco?

At Cisco, we’re revolutionizing how data and infrastructure connect and protect organizations in the AI era – and beyond. We’ve been innovating fearlessly for 40 years to create solutions that power how humans and technology work together across the physical and digital worlds. These solutions provide customers with unparalleled security, visibility, and insights across the entire digital footprint.

Fueled by the depth and breadth of our technology, we experiment and create meaningful solutions. Add to that our worldwide network of doers and experts, and you’ll see that the opportunities to grow and build are limitless. We work as a team, collaborating with empathy to make really big things happen on a global scale. Because our solutions are everywhere, our impact is everywhere.

We are Cisco, and our power starts with you.",Hardware / Embedded
linkedin,aggregator,https://am.linkedin.com/jobs/view/asic-design-verification-engineer-at-cisco-4380916643?refId=JgXs1TVRwKV2dQRcSxEgHA%3D%3D&trackingId=2Dcu7zqkzGRpe5CcX7kjrw%3D%3D&position=7&pageNum=7,ASIC Design Verification Engineer,Cisco,Armenia,Full-time,Mid-Senior level,Software Development,2026-03-04,,,"This is a hybrid role with four days per week at Cisco’s Yerevan office.

Meet the Team

Join our innovative ASIC Verification team, dedicated to ensuring the reliability and functionality of advanced digital designs. Our work is integral to delivering high-quality solutions that power next-generation products across the organization. The team is comprised of experienced engineers with diverse backgrounds, fostering a collaborative and energetic environment. We thrive on tackling challenging projects and leveraging the latest verification methodologies. With a strong focus on continuous learning and technical excellence, this team offers a dynamic and exciting place to grow your career.

Your Impact

Drive comprehensive test planning and development of robust test benches to support cutting-edge ASIC projects. Collaborate closely with design, design-verification, and physical design (PD) teams to integrate and validate test logic throughout all phases of implementation. Identify and resolve technical issues by leveraging advanced debugging tools and scripting skills. Develop and refine verification strategies to ensure optimal coverage and efficiency. Contribute to delivering high-quality, reliable products that advance technology and innovation.

Minimum Qualifications

Bachelor’s or Master’s Degree in Electrical or Computer Engineering or any related field.3+ years of experience in design verification.Demonstrated experience in test planning based on complex design specifications.Proven expertise in testbench development using System Verilog.Hands-on debugging experience preferably with DVE and Verdi tools.Proficiency in scripting languages with at least one of Tcl, Python, or Perl.

Preferred Qualifications

Knowledge of UVM and System Verilog.Strong problem-solving and analytical skills.Ability to work effectively in cross-functional teams.Good communication skills and ability to work in a team environment.Experience adapting verification strategies for AI calibration and emerging technologies.

Why Cisco?

At Cisco, we’re revolutionizing how data and infrastructure connect and protect organizations in the AI era – and beyond. We’ve been innovating fearlessly for 40 years to create solutions that power how humans and technology work together across the physical and digital worlds. These solutions provide customers with unparalleled security, visibility, and insights across the entire digital footprint.

Fueled by the depth and breadth of our technology, we experiment and create meaningful solutions. Add to that our worldwide network of doers and experts, and you’ll see that the opportunities to grow and build are limitless. We work as a team, collaborating with empathy to make really big things happen on a global scale. Because our solutions are everywhere, our impact is everywhere.

We are Cisco, and our power starts with you.",Hardware / Embedded
linkedin,aggregator,https://am.linkedin.com/jobs/view/asic-design-verification-technical-leader-at-cisco-4380914759?refId=haoU0HerXhmQRkgf8Mze5g%3D%3D&trackingId=SrEEDG3gRZOI2m%2B6GmhG3A%3D%3D&position=15&pageNum=12,ASIC Design Verification Technical Leader,Cisco,Armenia,Full-time,Mid-Senior level,Software Development,2026-03-04,,,"This is a hybrid role with four days per week at Cisco’s Yerevan office.

Meet the team

Join a dynamic group dedicated to ensuring robust test infrastructure for cutting-edge hardware solutions. Our team collaborates closely with design and product development teams, playing a pivotal role in the integration and validation of test logic throughout the development lifecycle. With a diverse mix of experienced engineers, the team thrives on innovation, problem-solving, and mutual support. The fast-paced, collaborative environment provides opportunities to learn and grow while working on industry-leading technologies. What’s exciting is the chance to influence product quality and reliability at a foundational level.

Your impact

Drive comprehensive test planning and develop advanced test benches to ensure design integrity. Collaborate with cross-functional teams to integrate and validate test logic at every phase of implementation. Utilize scripting and debugging tools to streamline verification workflows and identify issues efficiently. Apply your expertise to optimize test processes and enhance product quality. Deliver critical verification solutions that directly impact the success and reliability of our products.

Minimum Qualifications

Bachelor’s or Master’s Degree in Electrical or Computer Engineering or any related field.7+ years of experience in design verification.Prior experience in test planning based on complex design specifications.Proficiency in testbench development using System Verilog.Debugging experience preferably using DVE and Verdi.Strong scripting skills with at least one of Tcl, Python and Perl.Knowledge of constrained-random verification and functional coverage.Knowledge of ASIC design flow and verification methodologies.

Preferred Qualifications

UVM and advanced System Verilog knowledge.Knowledge of JTAG protocol.Familiarity with SLM IP and verification strategies.Ability to work effectively in cross-functional teams.Strong analytical and problem-solving skills.Good communication skills and ability to work in a team environment.

Why Cisco?

At Cisco, we’re revolutionizing how data and infrastructure connect and protect organizations in the AI era – and beyond. We’ve been innovating fearlessly for 40 years to create solutions that power how humans and technology work together across the physical and digital worlds. These solutions provide customers with unparalleled security, visibility, and insights across the entire digital footprint.

Fueled by the depth and breadth of our technology, we experiment and create meaningful solutions. Add to that our worldwide network of doers and experts, and you’ll see that the opportunities to grow and build are limitless. We work as a team, collaborating with empathy to make really big things happen on a global scale. Because our solutions are everywhere, our impact is everywhere.

We are Cisco, and our power starts with you.",Hardware / Embedded
linkedin,aggregator,https://am.linkedin.com/jobs/view/asic-digital-design-engineer-at-cisco-4372710748?refId=JgXs1TVRwKV2dQRcSxEgHA%3D%3D&trackingId=%2FwdRkfGyy01Bmh%2FzGMCZxg%3D%3D&position=5&pageNum=7,ASIC Digital Design Engineer,Cisco,Armenia,Full-time,Mid-Senior level,Software Development,2026-02-13,,,"This is a hybrid role with four days per week at Cisco’s Yerevan office.

Meet the Team

The Common Hardware Group delivers the silicon, optics, and hardware platforms for Cisco's core Switching, Routing, and Wireless products. The team designs networking hardware for Enterprises, Service Providers, the Public Sector, and Non-Profit Organizations worldwide. Cisco Silicon One (#CiscoSiliconOne) is the only unifying silicon architecture in the market, enabling customers to deploy best-of-breed silicon from TOR switches through web-scale data centers and across service provider and enterprise networks with a fully unified routing and switching portfolio. The team is composed of highly skilled engineers working on some of the most complex ASICs in the industry, fostering a collaborative and innovative environment. Joining this team means contributing to groundbreaking solutions that shape the future of networking silicon.

Your Impact

You will be a key member of the Silicon One development organization, collaborating closely with Front-end RTL and backend physical design teams to deeply understand chip architecture. Drive high-quality Design for Test (DFT) verification to ensure robust and reliable silicon solutions that meet Cisco’s standards for performance and innovation. Take part in all aspects of digital design, from micro-architecture to RTL design and qualification. Integrate and verify sub-systems/SoCs, review and enhance RTL codes, and improve flows and methodologies to streamline IP/SoC development and integration. Work closely with the verification team for complex debug and resolution of verification failures, and interact with the physical design team to achieve better physical design Quality of Results (QoR).

Minimum Qualifications

5+ years of industry experience in ASIC digital design.Proficient in Verilog/System Verilog coding.Experience with front-end tools such as Verilog simulators, linting, CDC checkers, synthesis, and formal verification.Proficiency to use at least one scripting language (Python, Tcl, and Make).Fluency in English, both spoken and written.

Preferred Qualifications

Familiarity with ASIC development flow.Experience with industry-standard interface protocols such as AMBA (AXI, APB, AHB), JTAG, and memories.Familiarity with power optimization techniques, power intent (UPF), and power estimation.Familiarity with DFT/MBIST is a plus.Good communication skills, self-motivated, and well-organized.

Why Cisco?

At Cisco, we’re revolutionizing how data and infrastructure connect and protect organizations in the AI era – and beyond. We’ve been innovating fearlessly for 40 years to create solutions that power how humans and technology work together across the physical and digital worlds. These solutions provide customers with unparalleled security, visibility, and insights across the entire digital footprint.

Fueled by the depth and breadth of our technology, we experiment and create meaningful solutions. Add to that our worldwide network of doers and experts, and you’ll see that the opportunities to grow and build are limitless. We work as a team, collaborating with empathy to make really big things happen on a global scale. Because our solutions are everywhere, our impact is everywhere.

We are Cisco, and our power starts with you.",Hardware / Embedded
linkedin,aggregator,https://am.linkedin.com/jobs/view/asic-engineer-at-cisco-4368382194?refId=H7Fi38TUWBLdxmlPGO%2FSqA%3D%3D&trackingId=zfl4LQIpByp1cjefj73RdA%3D%3D&position=5&pageNum=3,ASIC Engineer,Cisco,Armenia,Full-time,Mid-Senior level,Software Development,2026-02-02,,,"Meet the Team

Step into Cisco's ASIC Physical Design Team, where innovation meets collaboration. As a group of highly skilled engineers, we're redefining what's possible in silicon technology. Our mission is to drive the future of chip design, managing full chip physical implementation from RTL to GDSII and beyond. Working hand-in-hand with Front-End teams, we transform cutting-edge designs into industry-leading silicon solutions. Here, you'll have the opportunity to shape tomorrow's technology, driving advancements in power, performance, and reliability with every project. Together, we're building the foundation for the future of connectivity.

Your Impact

In this role, you'll drive Cisco's silicon innovation by creating breakthrough solutions that blend hardware and software. You'll solve complex challenges, accelerate design processes, and deliver impactful technology. Beyond your technical work, you'll be part of a culture that values mentorship, celebrates success, and supports your growth. This is your opportunity to shape technology that connects and empowers people worldwide.

 You will be responsible for macro level RTL to GDS implementation and signoff. Work with Front-End teams to understand the design architecture to ensure optimal physical implementation. Execute physical design tasks, including gate-level netlist synthesis, floorplanning, placement, Clock Tree Synthesis (CTS), and routing. Optimize designs to achieve industry-leading power, performance, and area (PPA) metrics while maintaining design integrity through formal verification. Conduct Static Timing Analysis (STA), physical verification, formal verification and signoff closure to ensure high-quality results. Analyze and resolve Electromigration (EM) and IR-drop (IR) issues, meeting stringent signoff requirements for reliability and performance.

Minimum Qualifications

 Bachelor's or Master's degree in Electrical Engineering, Computer Science, or a related field. 3+ year minimum of hands-on experience in ASIC design and verification Proven expertise in ASIC physical design and verification. Knowledge of block-level synthesis, place-and-route (PnR), and timing closure. First-hand experience with industry-standard PnR and signoff tools such as Synopsys and Cadence.

Preferred Qualifications

 Understanding of all aspects of physical design construction, integration, and methodologies. Proficiency in Physical Design Verification, including techniques like LVS and DRC. Experience with physical design EDA tools and workflows. Expertise in Static Timing Analysis (STA), timing closure, and design constraints. Proficiency in scripting languages like Tcl, Python, or Perl, with a focus on automation and efficiency improvements.

Why Cisco?

At Cisco, we’re revolutionizing how data and infrastructure connect and protect organizations in the AI era – and beyond. We’ve been innovating fearlessly for 40 years to create solutions that power how humans and technology work together across the physical and digital worlds. These solutions provide customers with unparalleled security, visibility, and insights across the entire digital footprint.

Fueled by the depth and breadth of our technology, we experiment and create meaningful solutions. Add to that our worldwide network of doers and experts, and you’ll see that the opportunities to grow and build are limitless. We work as a team, collaborating with empathy to make really big things happen on a global scale. Because our solutions are everywhere, our impact is everywhere.

We are Cisco, and our power starts with you.",Hardware / Embedded
linkedin,aggregator,https://am.linkedin.com/jobs/view/asic-engineer-internship-armenia-at-cisco-4377005195?refId=iPWmShRkQAC5eHSv2RVE4A%3D%3D&trackingId=2AUxZBUJnGnvuqZ15rEi1w%3D%3D&position=22&pageNum=0,ASIC Engineer Internship (Armenia),Cisco,Armenia,Full-time,Not Applicable,Software Development,2026-02-23,,,"Please note this posting is to advertise potential job opportunities. This exact role may not be open today but could open in the near future. When you apply, a Cisco representative may contact you directly if a relevant position opens.

Meet the Team

Join our specialized ASIC implementation team where we bridge the gap between architectural design and physical silicon reality. Our team provides a structured, mentorship-driven environment focused on block-level and top-level physical implementation, timing closure, and physical verification. We work at the heart of Cisco’s hardware innovation, ensuring that our next-generation semiconductor technologies are reliable, efficient, and high-performing. You will collaborate with experienced engineers who are passionate about teaching and pushing the boundaries of VLSI technology. This is an exciting opportunity to gain hands-on experience with industry-standard tools while contributing to the hardware that powers the global internet.

Your Impact

Support physical design tasks including floorplanning, placement, and routing to ensure efficient ASIC implementation. Participate in Static Timing Analysis (STA) and timing closure activities to meet critical design performance specifications. Assist in IR Drop and EMIR analysis to maintain power integrity and long-term reliability of the hardware. Perform physical verification checks such as DRC and LVS to guarantee manufacturing readiness and design rule compliance. Prepare technical documentation and reports to communicate progress and findings to the broader engineering team.

Minimum Qualifications

 Currently enrolled in a Bachelor’s or Master’s program in Microelectronics, VLSI, Electrical Engineering, or a related field. Strong academic foundation in MOS transistors and semiconductor device physics. Proficiency in digital circuit fundamentals and analog circuit basics. Academic knowledge of VLSI design concepts and the standard ASIC flow. Ability to interpret design specifications and process technology requirements.

Preferred Qualifications

 Experience or advanced coursework in analog/digital layout design. Familiarity with industry EDA tools such as Cadence, Synopsys, or Mentor Graphics. Basic scripting knowledge in Python, Perl, or Tcl for workflow automation. Strong analytical and problem-solving skills with a proactive willingness to learn. Effective teamwork capabilities and ability to deliver technical presentations.

Why Cisco?

At Cisco, we’re revolutionizing how data and infrastructure connect and protect organizations in the AI era – and beyond. We’ve been innovating fearlessly for 40 years to create solutions that power how humans and technology work together across the physical and digital worlds. These solutions provide customers with unparalleled security, visibility, and insights across the entire digital footprint.

Fueled by the depth and breadth of our technology, we experiment and create meaningful solutions. Add to that our worldwide network of doers and experts, and you’ll see that the opportunities to grow and build are limitless. We work as a team, collaborating with empathy to make really big things happen on a global scale. Because our solutions are everywhere, our impact is everywhere.

We are Cisco, and our power starts with you.",Hardware / Embedded
linkedin,aggregator,https://am.linkedin.com/jobs/view/asic-engineering-technical-leader-at-cisco-4369751637?refId=0sJPLggK8GC5meNwe3Deuw%3D%3D&trackingId=UnPregez6JcNCylD6GhFyw%3D%3D&position=12&pageNum=2,ASIC Engineering Technical Leader,Cisco,Armenia,Full-time,Mid-Senior level,Software Development,2026-02-06,,,"Meet the Team

Join the Physical Design CAD & Methodology Team—a senior technical group responsible for defining, scaling, and sustaining RTL-to-GDS Physical Design implementation and signoff methodologies across complex ASIC programs.

Our team partners closely with Physical Design, STA, Power, Physical Verification, Front-End, and Silicon Architecture teams to drive predictable QoR, fast convergence, and first-pass silicon success. We are a highly collaborative, execution-focused team that values deep technical expertise, ownership, and mentorship. If you are passionate about shaping how advanced chips are implemented and signed off, this is the team for you.

Your Impact

As a Physical Design Flow & Methodology Technical Leader, you will provide technical leadership in defining, developing, and maintaining scalable, signoff-robust Physical Design flows from synthesis handoff through final GDS delivery.

You will work on PD methodologies, drive flow standardization, and lead complex debug efforts involving timing, power, congestion, and physical verification. You will partner with technical leads and program stakeholders to influence implementation strategy, tool usage, and signoff criteria.

In this role, you will mentor engineers, review designs and flows, and lead methodology rollouts, flow migrations, and tool evaluations. You will work on flow QA infrastructure, regression strategies, and documentation, ensuring long-term scalability and maintainability. Your leadership will directly impact tape-out predictability, QoR consistency, and engineering productivity across multiple ASIC programs.

Minimum Qualifications

University degree in Electrical Engineering, Computer Engineering, or a related field and 8+ years of experience in ASIC Physical Design, PD flow/methodology, or CAD engineeringDeep hands-on experience with Physical Design and signoff tools, such as: Fusion Compiler or Innovus; PrimeTime (MCMM STA); PrimePower or equivalent power analysis tools; Calibre or ICV for physical verificationExpert-level understanding of RTL-to-GDS Physical Design and signoff flow, including synthesis handoff, ECOs, and tape-out requirementsStrong proficiency in timing, power, and physical verification signoff methodologiesAdvanced proficiency in scripting and automation (Tcl, Python, Shell)Proven ability to lead complex cross-tool and cross-domain debug efforts

Preferred Qualifications

Demonstrated experience owning and evolving enterprise-scale PD flowsStrong understanding of MCMM timing, power signoff, and SI-aware implementationExperience with power integrity signoff (static/dynamic IR drop, EM/EMIR)Familiarity with advanced process nodes and design rule complexityExperience leading methodology reviews, best-practice definitions, and technical trainingExcellent documentation skills and the ability to communicate complex methodology concepts clearlyTrack record of mentoring engineers and influencing technical direction across teamsHigh attention to detail with a strong focus on quality, reproducibility, and long-term maintainability

Why Cisco?

At Cisco, we’re revolutionizing how data and infrastructure connect and protect organizations in the AI era – and beyond. We’ve been innovating fearlessly for 40 years to create solutions that power how humans and technology work together across the physical and digital worlds. These solutions provide customers with unparalleled security, visibility, and insights across the entire digital footprint.

Fueled by the depth and breadth of our technology, we experiment and create meaningful solutions. Add to that our worldwide network of doers and experts, and you’ll see that the opportunities to grow and build are limitless. We work as a team, collaborating with empathy to make really big things happen on a global scale. Because our solutions are everywhere, our impact is everywhere.

We are Cisco, and our power starts with you.",Hardware / Embedded
linkedin,aggregator,https://am.linkedin.com/jobs/view/asic-physical-design-technical-leader-at-cisco-4377176883?refId=o27RPzMQr9phSOEwMvXHqA%3D%3D&trackingId=PpmwFP66R1ToWyvxLHaI8Q%3D%3D&position=11&pageNum=10,ASIC Physical Design Technical Leader,Cisco,Armenia,Full-time,Mid-Senior level,Software Development,2026-02-24,,,"This is a hybrid role with four days per week at Cisco’s Yerevan office.

Meet the Team

Join a world-class Physical Design team at the forefront of advanced SoC development. Our team is responsible for delivering ground breaking silicon solutions that power innovative products across global markets. With a diverse group of highly skilled engineers, we foster collaboration and technical excellence in a fast-paced, supportive environment. The team’s work is integral to achieving high-performance, power-efficient designs that enable next-generation technologies. You'll be part of a vibrant, ambitious group passionate about solving complex challenges and driving industry innovation.

Your Impact

Drive macro-level RTL-to-GDSII physical implementation and signoff for complex SoCs or large subsystem designs, ensuring high-quality results. Provide technical leadership for architecture-aware implementation strategies by collaborating closely with Front-End, RTL, and system teams. Implement end-to-end physical design processes—including synthesis, floorplanning, placement, Clock Tree Synthesis (CTS), routing, and signoff convergence—to achieve robust and predictable outcomes. Define and drive PPA (power, performance, area) optimization strategies, ensuring design correctness and reliability. Lead STA, physical and formal verification, EM/IR analysis, and signoff closure to meet advanced-node reliability and power integrity requirements. Mentor junior engineers, establish best practices, and partner with CAD, methodology, and EDA vendors to improve flows and enable new technologies. Your contributions will directly impact the success of major tapeouts and the adoption of industry-leading innovations.

Minimum Qualifications

Bachelor’s or Master’s degree in Electrical Engineering, Computer Science, or a related field.10+ years experience in ASIC physical design and implementation.Proven track record leading physical design preferably for complex SoCs or large IPs through successful tapeout.Deep expertise in block and top-level synthesis, place-and-route (PnR), timing closure, and signoff.Experience with industry-standard implementation and signoff tools (e.g., Synopsys, Cadence).

Preferred Qualifications

Demonstrated technical leadership, including mentoring engineers and driving cross-functional alignment.Strong understanding of full-chip integration challenges and RTL-to-physical implementation interactions.Expertise with physical verification (LVS, DRC) and signoff methodologies.Advanced skills in STA, constraint development, and timing convergence strategies.Experience driving methodology improvements and collaborating with CAD/flow teams.

Why Cisco?

At Cisco, we’re revolutionizing how data and infrastructure connect and protect organizations in the AI era – and beyond. We’ve been innovating fearlessly for 40 years to create solutions that power how humans and technology work together across the physical and digital worlds. These solutions provide customers with unparalleled security, visibility, and insights across the entire digital footprint.

Fueled by the depth and breadth of our technology, we experiment and create meaningful solutions. Add to that our worldwide network of doers and experts, and you’ll see that the opportunities to grow and build are limitless. We work as a team, collaborating with empathy to make really big things happen on a global scale. Because our solutions are everywhere, our impact is everywhere.

We are Cisco, and our power starts with you.",Hardware / Embedded
linkedin,aggregator,https://am.linkedin.com/jobs/view/analog-layout-design-engineer-at-cisco-4375179323?refId=CvT1vacQpbgXyByO6H8MnA%3D%3D&trackingId=JUhaTvw6qDdqiMvA3Jm53A%3D%3D&position=23&pageNum=4,Analog Layout Design Engineer,Cisco,Armenia,Full-time,Mid-Senior level,Software Development,2026-02-19,,,"This is a hybrid role with four days per week at Cisco’s Yerevan office.

Meet the Team

Join our innovative Analog IC Design team, a dynamic group of engineers dedicated to pushing the boundaries of semiconductor technology. Our work is crucial for developing the foundational analog blocks that power Cisco's next-generation products, directly impacting our ability to deliver high-performance and reliable solutions to our customers. Comprising experienced layout and circuit designers, our team fosters a collaborative and energetic environment where new ideas are encouraged, and collective problem-solving is key. You'll be at the forefront of creating cutting-edge analog circuits for advanced technology nodes, contributing to products that shape the future of connectivity.

Your Impact

Design and optimize analog integrated circuit layouts to meet stringent performance, area, and manufacturability requirements. Collaborate closely with circuit designers to translate complex schematics into efficient physical layouts, ensuring compliance with design rules, methodologies, and reliability standards while minimizing parasitic effects. Create detailed analog IC layouts following industry best practices and perform rigorous design rule checks (DRC) and layout versus schematic (LVS) verifications. Optimize layouts for critical factors such as noise reduction, matching, and power efficiency to enhance overall circuit performance. Support tape-outs on the most advanced manufacturing processes by proactively addressing and resolving layout-related issues, ensuring successful product realization.

Minimum Qualifications

Electronics Practical Engineer certificate or Bachelor's degree in Electrical Engineering or any related field.3+ years' experience in Analog layout design.Proficiency in layout tools such as Cadence Virtuoso and Calibre DRC/LVS or similar industry-standard tools.Fluency both spoken and written English.

Preferred Qualifications

Experience in advanced technology nodes like 5nm and below.Strong understanding of analog circuit design and semiconductor device physics,Proven expertise in layout matching and shielding techniques, with experience in noise-sensitive designs and a solid understanding of ESD protection structures.

Why Cisco?

At Cisco, we’re revolutionizing how data and infrastructure connect and protect organizations in the AI era – and beyond. We’ve been innovating fearlessly for 40 years to create solutions that power how humans and technology work together across the physical and digital worlds. These solutions provide customers with unparalleled security, visibility, and insights across the entire digital footprint.

Fueled by the depth and breadth of our technology, we experiment and create meaningful solutions. Add to that our worldwide network of doers and experts, and you’ll see that the opportunities to grow and build are limitless. We work as a team, collaborating with empathy to make really big things happen on a global scale. Because our solutions are everywhere, our impact is everywhere.

We are Cisco, and our power starts with you.",Hardware / Embedded
linkedin,aggregator,https://am.linkedin.com/jobs/view/cad-engineer-at-cisco-4376589461?refId=Oz95CMbxh%2BWdKCDSPBI4JA%3D%3D&trackingId=9qRon2xUtAWm50AwCp6kCA%3D%3D&position=20&pageNum=1,CAD Engineer,Cisco,Armenia,Full-time,Mid-Senior level,Software Development,2026-02-23,,,"Meet the Team

Cisco Hardware Engineers develop and work with Next Generation Technology to build Cisco Hardware products keeping in mind the user experience and in accordance with IEEE standards, and industry best practices. Hardware Engineers serve a range of roles at Cisco from IP Creators and architects creating industry standards, to Solution Integrators driving cross-functional teams to go from concept to production, as well as providing expertise in Solution Verification and ensuring that our products meet Cisco and Industry quality standards.

They drive innovation across the large CISCO portfolio, including but not limited to System/Board Design, Circuit Board Layout, Hardware Automation, Validation and Test, Signal Integrity and Power Design. They work cross functionally with system designers, diagnostics engineers, customer escalation engineers, & external vendors to ensure robust test methodology & timely issue mitigation resulting in high product quality and enable next generation solutions.

They drive innovation across Cisco's hardware portfolio and enable next generation solutions through IP development, research, and challenging the status quo within the industry (finding ways to optimize cost, performance, and quality)

Your Impact

Join the Custom STD cells design team at Cisco Silicon One, a core part of Cisco's advanced silicon development organization. Our team is responsible for the physical implementation of Custom STD cells on industry-leading CMOS process nodes, enabling Cisco's next-generation networking devices.

You will work closely with circuit designers, Layout engineers, and verification teams to deliver robust, high-performance silicon in a highly collaborative environment.

Minimum Qualifications

Bachelor’s or higher degree in Electrical Engineering, Computer Engineering, or a related field5+ years of experience in CAD Design/EngineeringExperience in Standard Cells characterizationExperience with EDA tool environment maintenanceHands-on experience with at least one major EDA tool (e.g., Virtuoso, Innovus, Genus, Spectre or AllegroProficiency in at least one scripting language (TCL, Python, or Shell)

Preferred Qualifications

Strong understanding of digital design fundamentals, including RTL, synthesis, and physical design conceptsDetail-oriented, with a strong focus on quality, velocity, and predictabilityFamiliarity with standard ASIC collateral (Liberty (.lib), LEF/DEF, GDS, SDC, SPEF, SDF)

Why Cisco?

At Cisco, we’re revolutionizing how data and infrastructure connect and protect organizations in the AI era – and beyond. We’ve been innovating fearlessly for 40 years to create solutions that power how humans and technology work together across the physical and digital worlds. These solutions provide customers with unparalleled security, visibility, and insights across the entire digital footprint.

Fueled by the depth and breadth of our technology, we experiment and create meaningful solutions. Add to that our worldwide network of doers and experts, and you’ll see that the opportunities to grow and build are limitless. We work as a team, collaborating with empathy to make really big things happen on a global scale. Because our solutions are everywhere, our impact is everywhere.

We are Cisco, and our power starts with you.",Hardware / Embedded
linkedin,aggregator,https://am.linkedin.com/jobs/view/layout-engineer-at-cisco-4376593306?refId=Oz95CMbxh%2BWdKCDSPBI4JA%3D%3D&trackingId=MkeCyx91fv1qw5gMuoICdw%3D%3D&position=25&pageNum=1,Layout Engineer,Cisco,Armenia,Full-time,Mid-Senior level,Software Development,2026-02-23,,,"Meet the Team

Cisco Hardware Engineers develop and work with Next Generation Technology to build Cisco Hardware products keeping in mind the user experience and in accordance with IEEE standards, and industry best practices. Hardware Engineers serve a range of roles at Cisco from IP Creators and architects creating industry standards, to Solution Integrators driving cross-functional teams to go from concept to production, as well as providing expertise in Solution Verification and ensuring that our products meet Cisco and Industry quality standards.

They drive innovation across the large CISCO portfolio, including but not limited to System/Board Design, Circuit Board Layout, Hardware Automation, Validation and Test, Signal Integrity and Power Design. They work cross functionally with system designers, diagnostics engineers, customer escalation engineers, & external vendors to ensure robust test methodology & timely issue mitigation resulting in high product quality and enable next generation solutions.

They drive innovation across Cisco's hardware portfolio and enable next generation solutions through IP development, research, and challenging the status quo within the industry (finding ways to optimize cost, performance, and quality)

Your Impact

Join the Custom STD cells design team at Cisco Silicon One, a core part of Cisco's advanced silicon development organization. Our team is responsible for the physical implementation of Custom STD cells on industry-leading CMOS process nodes, enabling Cisco's next-generation networking devices.

You will work closely with circuit designers, CAD engineers, and verification teams to deliver robust, high-performance silicon in a highly collaborative environment.

Minimum Qualifications

Electronics Practical Engineer certificate or Bachelor's degree in Electrical Engineering or any related field.5+ years' experience in Full Custom Layout Design.Proficiency in layout tools such as Cadence Virtuoso and Calibre DRC/LVS or similar industry-standard tools.Fluency both spoken and written English.

Preferred Qualifications

Experience in advanced technology nodes like 5nm and below.Experience in Standard Cells design.Strong understanding of VLSI flow.

Why Cisco?

At Cisco, we’re revolutionizing how data and infrastructure connect and protect organizations in the AI era – and beyond. We’ve been innovating fearlessly for 40 years to create solutions that power how humans and technology work together across the physical and digital worlds. These solutions provide customers with unparalleled security, visibility, and insights across the entire digital footprint.

Fueled by the depth and breadth of our technology, we experiment and create meaningful solutions. Add to that our worldwide network of doers and experts, and you’ll see that the opportunities to grow and build are limitless. We work as a team, collaborating with empathy to make really big things happen on a global scale. Because our solutions are everywhere, our impact is everywhere.

We are Cisco, and our power starts with you.",Hardware / Embedded
linkedin,aggregator,https://am.linkedin.com/jobs/view/mbist-design-engineer-at-cisco-4335444699?refId=CvT1vacQpbgXyByO6H8MnA%3D%3D&trackingId=EGXfO4Xu4yNgygFoTWMybA%3D%3D&position=5&pageNum=4,MBIST Design Engineer,Cisco,Armenia,Full-time,Entry level,Software Development,2025-11-11,,,"This is a hybrid role with four days per week at Cisco’s Yerevan office.

Meet the Team

Join Cisco’s ASIC Design for Test (DFT) Team, where innovation, collaboration, and technical excellence drive everything we do. As a group of passionate engineers, we are committed to pushing the boundaries of testability and reliability in complex silicon systems. Our mission is to enable robust, high-quality silicon by architecting and implementing advanced DFT solutions. Working in close partnership with design, verification, and physical implementation teams, we ensure that every Cisco chip is not only powerful, but also rigorously tested and dependable. Here, you’ll play a pivotal role in shaping the future of test engineering while growing alongside some of the best minds in the industry.

Your Impact

In this role, you will be central to Cisco’s silicon quality and innovation by developing advanced DFT strategies that ensure every chip meets the highest standards for testability and reliability. You will address challenges across digital and mixed-signal domains, collaborating with multi-functional teams to design, implement, and optimize sophisticated test solutions. Your work will enhance product robustness, accelerate silicon validation, and drive progress in automated test methodologies.

Architect and Implement DFT Solutions: Design and integrate advanced Test Access Mechanisms (TAM), scan chains, Built-In Self-Test (BIST), and Memory BIST (MBIST) infrastructures for complex integrated circuits.Test Planning and Coverage Analysis: Lead test planning, test pattern generation, and fault coverage analysis to improve test coverage for both digital and mixed-signal designs.Collaborate Across Teams: Work closely with design, verification, ATE, and physical design teams to ensure DFT structures meet functional, timing, and implementation requirements.Leverage Tools and Automation: Apply and develop automation scripts and in-house tools for DFT workflows, including MBIST pattern generation and fault simulation, using industry-standard EDA solutions.Fault Diagnosis and Debugging: Identify, analyze, and debug issues related to DFT structures, perform root cause analysis on failed tests, and recommend design changes for improved testability.Documentation and Reporting: Prepare detailed documentation on test plans, test coverage, and debugging results; report on DFT metrics to ensure compliance with company and industry standards.

Minimum Qualifications

Bachelor’s or higher degree in Electrical Engineering, Computer Engineering, or a related technical field.2+ years of hands-on experience in MBIST, SCAN/ATPG, and DFT methodologies for complex digital and mixed-signal designs.Proven expertise with industry-standard DFT tools and flows (e.g., Synopsys, Cadence, Mentor).Strong understanding of ASIC/FPGA design flow, including RTL design, verification, and test.Proficiency in scripting languages such as Tcl, Python, or Perl for test automation and workflow enhancement.Demonstrated ability to identify, analyze, and resolve DFT issues related to MBIST insertion, pattern generation, and fault coverage.Excellent communication skills and experience collaborating within cross-functional engineering teams.

Preferred Qualifications

Expertise in advanced DFT methodologies such as Logic BIST, Memory BIST, and hybrid scan/MBIST approaches.Experience with low-power DFT strategies and power-aware test techniques.Ability to develop custom scripts or internal tools for DFT analysis and automation.Familiarity with industry standards such as IEEE 1149.1 (JTAG) and IEEE 1500.Experience leading DFT efforts on large-scale projects and mentoring junior engineers.Strong project management skills and a track record of driving test planning and implementation best practices.

Why Cisco?

At Cisco, we’re revolutionizing how data and infrastructure connect and protect organizations in the AI era – and beyond. We’ve been innovating fearlessly for 40 years to create solutions that power how humans and technology work together across the physical and digital worlds. These solutions provide customers with unparalleled security, visibility, and insights across the entire digital footprint.

Fueled by the depth and breadth of our technology, we experiment and create meaningful solutions. Add to that our worldwide network of doers and experts, and you’ll see that the opportunities to grow and build are limitless. We work as a team, collaborating with empathy to make really big things happen on a global scale. Because our solutions are everywhere, our impact is everywhere.

We are Cisco, and our power starts with you.",Hardware / Embedded
linkedin,aggregator,https://am.linkedin.com/jobs/view/mbist-dft-design-and-verification-engineer-at-cisco-4368834816?refId=Uj%2BITkQriDnusKk%2FaELxmQ%3D%3D&trackingId=HY5JmHBkDrkskVuM%2FFpGew%3D%3D&position=3&pageNum=8,MBIST/DFT Design and Verification Engineer,Cisco,Armenia,Full-time,Entry level,Software Development,2026-02-03,,,"This is a hybrid role with four days per week at Cisco’s Yerevan office.

Meet the team

Join the CHG Team in Armenia, a dynamic group within Cisco’s globally renowned Silicon One brand. Our team specializes in MBIST (Memory Built-In Self-Test) as part of the larger DFT (Design For Test) group, contributing directly to the quality and reliability of advanced chip solutions. We collaborate with international teams to drive innovation from design through post-silicon verification. With a mix of seasoned engineers and emerging talent, our culture is collaborative, supportive, and driven by curiosity. Be part of a passionate team that values technical excellence, learning, and making a real-world impact.

Your impact

Take ownership of MBIST insertion and verification, ensuring the highest test quality for Cisco’s cutting-edge silicon products. Define and enhance MBIST design flows to continuously improve efficiency and reliability. Lead simulation and debugging efforts, both pre- and post-silicon, to identify and resolve complex design issues. Collaborate with cross-functional teams to deliver robust, high-coverage test solutions. Your work will directly influence Cisco’s product quality and help accelerate time-to-market for world-class networking technologies.

Minimum Qualifications

Bachelor’s degree or higher in Electrical Engineering, Computer Engineering, or a related technical field.2+ years of experience in at least one of MBIST, SCAN, ATPG, DFT, or ASIC Design/Verification.Strong understanding of ASIC/FPGA design flow, including RTL design, verification, and test.Knowledge of memory testing techniques and MBIST architecture.Proficiency in at least one scripting language (Tcl, Python, or Perl) for test and verification automation.

Preferred Qualifications

Expertise in designing and implementing MBIST or SCAN/ATPG solutions.Hands-on experience with DFT tools and methodologies (e.g., Synopsys Vecgen, Integrator, VCS; EDA tools such as Synopsys DFT Compiler, Cadence Modus, or Mentor Tessent).Familiarity with advanced DFT methodologies such as Logic BIST, Memory BIST, Functional Test, and industry standards (e.g., IEEE 1149.1, IEEE 1500).Strong communication skills for effective collaboration with cross-functional teams in a fast-paced environment.

Why Cisco?

At Cisco, we’re revolutionizing how data and infrastructure connect and protect organizations in the AI era – and beyond. We’ve been innovating fearlessly for 40 years to create solutions that power how humans and technology work together across the physical and digital worlds. These solutions provide customers with unparalleled security, visibility, and insights across the entire digital footprint.

Fueled by the depth and breadth of our technology, we experiment and create meaningful solutions. Add to that our worldwide network of doers and experts, and you’ll see that the opportunities to grow and build are limitless. We work as a team, collaborating with empathy to make really big things happen on a global scale. Because our solutions are everywhere, our impact is everywhere.

We are Cisco, and our power starts with you.",Hardware / Embedded
linkedin,aggregator,https://am.linkedin.com/jobs/view/sta-timing-engineer-at-cisco-4361365253?refId=ifoIvcPtczNyqHNec20wrw%3D%3D&trackingId=amJ7wKSUooSvQmpO6y8wHg%3D%3D&position=6&pageNum=6,STA Timing Engineer,Cisco,Armenia,Full-time,Mid-Senior level,Software Development,2026-01-13,,,"Meet the team

Join our dynamic Test Timing Engineering team, a group of passionate experts dedicated to ensuring robust and accurate timing constraints for advanced chip designs. Our work is critical to the success of the broader silicon design process, enabling efficient test and verification of complex integrated circuits. The team is mid-sized, blending seasoned engineers with fresh perspectives, fostering a collaborative and supportive environment. You’ll find an atmosphere of innovation, continuous learning, and strong cross-functional collaboration, all driven by a commitment to technical excellence. If you thrive on solving challenging problems and making a tangible impact on product quality, you’ll feel right at home here.

Your impact

As a Test Timing Engineer, you will play a pivotal role in developing and validating timing constraints that ensure the accuracy and reliability of advanced chip designs.

Own the creation and validation of timing constraints at block, sub-chip, and full-chip levels in various test modes.Perform quality checks, including identifying duplicated constraints and verifying unconstrained endpoints, to drive robust timing analysis.Develop and enhance methodologies, guidelines, and checklists to streamline static timing analysis (STA) workflows.Collaborate with cross-functional teams to resolve timing and design flow issues, accelerating project execution.Implement and maintain SDC flows and validation processes to ensure compliance and accuracy across all design stages.

Minimum Qualifications

Bachelor’s degree in electrical or computer engineering (or equivalent field) with 8+ years of relevant work experience or Master’s degree in electrical or computer engineering (or equivalent) with 6+ years of relevant experience.Demonstrated experience developing block/full-chip SDC in test modes (scan shift, scan capture, ATPG capture).Proficiency in Static Timing Analysis (STA) and hands-on experience with tools such as PrimeTime.Programming proficiency in at least two scripting languages (e.g., Perl, TCL, Python, Makefile).Proven track record in SDC validation, timing exception handling, and STA flow development.

Preferred Qualifications

Master’s degree in electrical or computer engineering (or equivalent) with 6+ years of relevant experience.Experience debugging and analyzing timing constraints for DFT modes (scan shift/capture, BIST)Prior hands-on experience with SDC debugging and STA tools (Synopsys GCA/TCM/PrimeTime)Experience with synthesis tools, especially Synopsys Fusion Compiler, and Tessent DFT insertionStrong communication skills and proven ability to work collaboratively within cross-functional teams

Why Cisco?

At Cisco, we’re revolutionizing how data and infrastructure connect and protect organizations in the AI era – and beyond. We’ve been innovating fearlessly for 40 years to create solutions that power how humans and technology work together across the physical and digital worlds. These solutions provide customers with unparalleled security, visibility, and insights across the entire digital footprint.

Fueled by the depth and breadth of our technology, we experiment and create meaningful solutions. Add to that our worldwide network of doers and experts, and you’ll see that the opportunities to grow and build are limitless. We work as a team, collaborating with empathy to make really big things happen on a global scale. Because our solutions are everywhere, our impact is everywhere.

We are Cisco, and our power starts with you.",Hardware / Embedded
linkedin,aggregator,https://am.linkedin.com/jobs/view/senior-physical-design-engineer-at-cisco-4388376454?refId=Oz95CMbxh%2BWdKCDSPBI4JA%3D%3D&trackingId=0GDnrRWRMiu0j05kTgoY5Q%3D%3D&position=3&pageNum=1,Senior Physical Design Engineer,Cisco,Armenia,Full-time,,Software Development,2026-03-20,,,"Meet the Team

Step into Cisco's ASIC Physical Design Team, where innovation meets collaboration. As a group of highly skilled engineers, we're redefining what's possible in silicon technology. Our mission is to drive the future of chip design, managing full chip physical implementation from RTL to GDSII and beyond. Working hand-in-hand with Front-End teams, we transform cutting-edge designs into industry-leading silicon solutions. Here, you'll have the opportunity to shape tomorrow's technology, driving advancements in power, performance, and reliability with every project. Together, we're building the foundation for the future of connectivity.

Your Impact

In this role, you'll drive Cisco's silicon innovation by creating breakthrough solutions that blend hardware and software. You'll solve complex challenges, accelerate design processes, and deliver impactful technology. Beyond your technical work, you'll be part of a culture that values mentorship, celebrates success, and supports your growth. This is your opportunity to shape technology that connects and empowers people worldwide.

 You will be responsible for macro level RTL to gds implementation and signoff. Work with Front-End teams to understand the design architecture to ensure optimal physical implementation. Execute critical physical design tasks, including gate-level netlist synthesis, floorplanning, placement, Clock Tree Synthesis (CTS), and routing. Optimize designs to achieve industry-leading power, performance, and area (PPA) metrics while maintaining design integrity through formal verification. Conduct Static Timing Analysis (STA), physical verification, formal verification and signoff closure to ensure high-quality results. Analyze and resolve Electromigration (EM) and IR-drop (IR) issues, meeting stringent signoff requirements for reliability and performance.

Minimum Qualifications

 Bachelor's or Master's degree in Electrical Engineering, Computer Science, or a related field. 6+ year minimum of hands-on experience in ASIC design and verification Proven expertise in ASIC physical design and verification with a strong track record of delivering complex projects. Advanced knowledge of block-level synthesis, place-and-route (PnR), and timing closure. First-hand experience with industry-standard PnR and signoff tools such as Synopsys and Cadence.

Preferred Qualifications

 Comprehensive understanding of all aspects of physical design construction, integration, and methodologies. Proficiency in Physical Design Verification, including techniques like LVS and DRC. Experience with physical design EDA tools and workflows. Advanced expertise in Static Timing Analysis (STA), timing closure, and design constraints. Proficiency in scripting languages like Tcl, Python, or Perl, with a focus on automation and efficiency improvements.

Why Cisco?

At Cisco, we’re revolutionizing how data and infrastructure connect and protect organizations in the AI era – and beyond. We’ve been innovating fearlessly for 40 years to create solutions that power how humans and technology work together across the physical and digital worlds. These solutions provide customers with unparalleled security, visibility, and insights across the entire digital footprint.

Fueled by the depth and breadth of our technology, we experiment and create meaningful solutions. Add to that our worldwide network of doers and experts, and you’ll see that the opportunities to grow and build are limitless. We work as a team, collaborating with empathy to make really big things happen on a global scale. Because our solutions are everywhere, our impact is everywhere.

We are Cisco, and our power starts with you.",Hardware / Embedded
linkedin,aggregator,https://am.linkedin.com/jobs/view/senior-physical-design-engineer-signoff-methodology-at-cisco-4335516529?refId=JgXs1TVRwKV2dQRcSxEgHA%3D%3D&trackingId=enXcSbmB7Hyrgd7NT6mEMQ%3D%3D&position=15&pageNum=7,Senior Physical Design Engineer - Signoff Methodology,Cisco,Armenia,Full-time,Mid-Senior level,Software Development,2025-11-11,,,"This is a hybrid role with four days per week at Cisco’s Yerevan office.

Meet the Team

You'll be joining our CAD Physical Design team within Cisco Silicon One, which is responsible for the entire backend methodology and flow development from RTL to GDS. This team is a critical part of the group leading the development of high-quality VLSI designs and supports the creation of advanced silicon. Our design center brings together all silicon hardware and software development fields, encouraging collaboration and technical excellence.

Your Impact

As part of our team, you’ll help develop and improve flows for all signoff disciplines and contribute to the evolution of implementation tool flows. You’ll play a key role in enabling the delivery of high-performance, large-scale, and complex devices that push the boundaries of what’s possible in chip design.

Develop and refine backend methodologies and flows from RTL to GDS, supporting high-quality VLSI design.Contribute to the advancement of all signoff flows, including physical synthesis, place and route, power optimization, timing closure, and physical closure.Collaborate with engineering teams to support and enhance implementation tool flows.Work with advanced silicon technologies and processes to deliver complex and reliable devices.

Minimum Requirements

5+ years of experience as a CAD Physical Design Engineer with PnR and STA or as a Design Engineer with strong backend design experience.B.Sc. or M.Sc. in Electrical Engineering or Computer Engineering, or a related field.Strong understanding of STA flows.Familiarity with PnR, physical verification (PV), and formal verification (FV).

Preferred Qualifications

Experience in Physical Design CAD, especially with industry-standard EDA tools such as Synopsys or Cadence.Ability to work both independently and within a team.Strong self-learning skills and effective communication.

Why Cisco?

At Cisco, we’re revolutionizing how data and infrastructure connect and protect organizations in the AI era – and beyond. We’ve been innovating fearlessly for 40 years to create solutions that power how humans and technology work together across the physical and digital worlds. These solutions provide customers with unparalleled security, visibility, and insights across the entire digital footprint.

Fueled by the depth and breadth of our technology, we experiment and create meaningful solutions. Add to that our worldwide network of doers and experts, and you’ll see that the opportunities to grow and build are limitless. We work as a team, collaborating with empathy to make really big things happen on a global scale. Because our solutions are everywhere, our impact is everywhere.

We are Cisco, and our power starts with you.",Hardware / Embedded
linkedin,aggregator,https://am.linkedin.com/jobs/view/senior-rtl-design-engineer-at-cisco-4335576744?refId=ifoIvcPtczNyqHNec20wrw%3D%3D&trackingId=7f%2FKfJIi7KybQuwMw6uDdw%3D%3D&position=18&pageNum=6,Senior RTL Design Engineer,Cisco,Armenia,Full-time,Mid-Senior level,Software Development,2025-11-11,,,"This is a hybrid role with four days per week at Cisco’s Yerevan office.

Meet the Team

Join the Silicon One Team at Cisco in Armenia, a group at the forefront of developing Cisco's groundbreaking silicon architecture. We are a collaborative unit focused on pushing the boundaries of ASIC design for advanced process nodes. As part of our team, you will contribute to defining innovative Physical Design methodologies and creating robust flows essential for developing our complex chips. You will also have the opportunity to work firsthand with the Physical Design of intricate chip partitions.

Your Impact

This role offers a unique chance to shape the future of networking innovation within Cisco Silicon One. As a key technical leader, you will drive next-generation silicon architecture development, guide your team in delivering solutions that power advanced global networks, and lead collaboration across multiple teams. You will mentor engineers and influence physical design strategies that set new industry standards. Your expertise will be critical to the successful delivery and continuous improvement of Cisco’s most advanced silicon solutions.

Taking part in all aspects of digital design, from micro-architecture to RTL design and qualification.Sub-system/SoC integration and verification.Review/enhancement of RTL codes.Improve flows and methodologies to streamline IP/SoC development and integration.Work closely with the verification team for complex debugs to resolve verification failures.Close interaction with the physical design team to reach better physical design QoR.

Minimum Qualifications

6+ years of industry experience in ASIC digital design.Proficient in Verilog/System Verilog coding.Experience with front-end tools (Verilog simulators, linting, CDC checkers, synthesis, formal verification).Experience with industry standard interface protocols such as AMBA(AXI, APB, AHB), JTAG etc, memories.Ability to write scripts using Python, Tcl, Make.

Preferred Qualifications

Familiarity with power optimization techniques, power intent (UPF), power estimation.Familiarity with DFT/MBIST is a plus.Good communication skills, self-motivated and well-organized.

Why Cisco?

At Cisco, we’re revolutionizing how data and infrastructure connect and protect organizations in the AI era – and beyond. We’ve been innovating fearlessly for 40 years to create solutions that power how humans and technology work together across the physical and digital worlds. These solutions provide customers with unparalleled security, visibility, and insights across the entire digital footprint.

Fueled by the depth and breadth of our technology, we experiment and create meaningful solutions. Add to that our worldwide network of doers and experts, and you’ll see that the opportunities to grow and build are limitless. We work as a team, collaborating with empathy to make really big things happen on a global scale. Because our solutions are everywhere, our impact is everywhere.

We are Cisco, and our power starts with you.",Hardware / Embedded
linkedin,aggregator,https://am.linkedin.com/jobs/view/%D5%BF%D5%A5%D5%AD%D5%B6%D5%AB%D5%AF%D5%A1%D5%AF%D5%A1%D5%B6-%D5%B4%D5%A1%D5%BD%D5%B6%D5%A1%D5%A3%D5%A5%D5%BF-at-creedroomz-4373407870?refId=TgHkeKAIrPgQrznCgHdSUw%3D%3D&trackingId=3CdJ03pGsos2wJ%2FXxHP35A%3D%3D&position=7&pageNum=1,Տեխնիկական մասնագետ,CreedRoomz,"Yerevan, Armenia",Full-time,Associate,Gambling Facilities and Casinos,2026-03-20,,,"Աշխատանքի նկարագրությունCreedroomz-ը փնտրում է հմուտ և պատասխանատու մոնտաժային մասնագետ, ով ունի հեռահաղորդակցման և էլեկտրական համակարգերի հետ աշխատանքային փորձ, ինչպես նաև մալուխների անցկացման ,սարքավորումների տեղադրման և տեխնիկական փաստաթղթերի վարման գործառնական փորձ։
Պարտականություններ • Սարքերի, համակարգերի և սարքավորումների տեղադրում և միացում ,• Տեխնիկական գծագրերի, պլանների և ձեռնարկների ընթերցում և կիրառում,• Համակարգերի փորձարկում, ֆունկցիոնալ կարգավորումների կատարում և որակի ստուգում,• Սարքավորումների պարամետրերի ճշգրտում՝ օպտիմալ աշխատանք ապահովելու համար,• Տեղադրված համակարգերի ընթացիկ սպասարկում և վերանորոգում,• Անվտանգության բոլոր կանոնակարգերի պահպանում: Հմտություններ • Առնվազն 2 տարվա փորձ համապատասխան ոլորտում,• Հիմնական էլեկտրական սարքավորումներով աշխատելու ունակություն,• Անվտանգության ընթացակարգերի իմացություն,• Տեխնիկական կամ ենթակառուցվածքային նախագծերին մասնակցելու փորձ,• Համակարգչային գրագիտության տարրական գիտելիքներ,• Առաջադրանքները համակարգելու համար ինժեներների և այլ տեխնիկների հետ համագործակցելու ունակություն,• Էլեկտրատեխնիկայի կամ հեռահաղորդակցման համակարգերի հավաստագրում կամ մասնագիտական ուսուցումը կդիտարկվի առավելություն,• Կառուցվածքային մալուխային համակարգերի ստանդարտների և փորձարկման ընթացակարգերի իմացություն
Աշխատանքային օրեր և ժամեր՝ , երկուշաբթի-ուրբաթ, (09։00-18։00)։",Hardware / Embedded
linkedin,aggregator,https://am.linkedin.com/jobs/view/senior-engineer-i-rtl-design-at-microchip-technology-inc-4334825062?refId=Uj%2BITkQriDnusKk%2FaELxmQ%3D%3D&trackingId=TaQSe3Eu4QzqP%2BNPB6kaeg%3D%3D&position=4&pageNum=8,Senior Engineer I - RTL Design,Microchip Technology Inc.,"Yerevan, Yerevan, Armenia",Full-time,Mid-Senior level,"Appliances, Electrical, and Electronics Manufacturing and Semiconductor Manufacturing",2026-03-15,,,"Are you looking for a unique opportunity to be a part of something great? Want to join a 17,000-member team that works on the technology that powers the world around us? Looking for an atmosphere of trust, empowerment, respect, diversity, and communication? How about an opportunity to own a piece of a multi-billion dollar (with a B!) global organization? We offer all that and more at Microchip Technology Inc.

People come to work at Microchip because we help design the technology that runs the world. They stay because our culture supports their growth and stability. They are challenged and driven by an incredible array of products and solutions with unlimited career potential. Microchip’s nationally-recognized Leadership Passage Programs support career growth where we proudly enroll over a thousand people annually. We take pride in our commitment to employee development, values-based decision making, and strong sense of community, driven by our Vision, Mission, and 11 Guiding Values; we affectionately refer to it as the Aggregate System and it’s won us countless awards for diversity and workplace excellence.

Our company is built by dedicated team players who love to challenge the status quo; we did not achieve record revenue and over 30 years of quarterly profitability without a great team dedicated to empowering innovation. People like you.

Visit our careers page to see what exciting opportunities and company perks await!

Responsibilities

Job Description:

Participation in the development, simulation and RTL verification of Microchip FPGA/SoC products, ensuring the reliability and efficiency of designsIntegrate and validate IP blocks within the larger system, ensuring seamless functionality and compatibilityThoroughly comprehend both internal and external requirements, conducting Power, Performance, and Area (PPA) analysis to optimize design trade-offsCollaborate closely with the backend team, participating in RTL coding, implementation, and synthesis stages to ensure successful tapeoutDevelop and maintain reusable internal intellectual properties (IPs) tailored for computing applicationsProvide crucial support for testing and validation, diagnosing and rectifying issues to ensure the overall functionality and quality of the productContribute to design reviews and cross-functional discussions, offering insights and recommendations to enhance product performance and reliabilityStay up to date with industry trends and advancements in RTL design methodologies, integrating innovative techniques to improve product quality and efficiencyCollaborate with cross-functional teams, including software, architecture, and verification teams, to achieve cohesive and successful product development and delivery

Requirements/Qualifications

Requirements:

BS/MS with 5+ years of experience with emphasis on RTL/SoC/digital designExperience with Verilog and system VerilogExperience with Questa or other industry standard toolsExperience with hardware/software co-simulationUnderstanding of the design flow. Ability to work with the backend teamFamiliarity with AMBA family APB, AHB and AXI ProtocolsFamiliarity with RISC/Arm or other core architecturesAbility to work both independently and as a team player.Ability to write documentation for developed IP block

Experience in one or more of the following areas is considered a strong plus:

FPGA/ASIC design and implementationWorking knowledge of SoC architecture such as CPU, GPU or acceleratorsFamiliarity with: UVM, place-and-route, STA, EM/IR/PowerFamiliarity with: C/C++ programming languagesExperience with scripting languages such as Perl, Python, TCLPractical knowledge of Windows and Linux operating systems

Travel Time

0% - 25%

To all recruitment agencies: Microchip Technology Inc. does not accept unsolicited agency resumes. Please do not forward resumes to our recruiting team or other Microchip employees. Microchip is not responsible for any fees related to unsolicited resumes.",Hardware / Embedded
linkedin,aggregator,https://am.linkedin.com/jobs/view/asic-backend-designer-graduate-at-retym-inc-4346526900?refId=Ak0VoMPuyIpm%2Ba0uHH0MuQ%3D%3D&trackingId=Siz1x7pEL%2BDAS6Zxd7KDzA%3D%3D&position=9&pageNum=5,ASIC backend designer (Graduate),"Retym, Inc","Yerevan, Yerevan, Armenia",Full-time,Not Applicable,Semiconductor Manufacturing,2025-12-29,,,"FWe are looking for a Junior ASIC Back-End (Physical Design) Engineer to join our silicon design team. The ideal candidate is a recent graduate or early-career engineer with a strong foundation in VLSI concepts and an interest in ASIC physical implementation and timing closure.

You will work closely with seasoned physical design engineers on block- and chip-level implementation, learning industry-standard flows and tools on advanced 2nm and below tech nodes.

Requirements:

Minimum Qualifications

Bachelor’s degree in electrical engineering, Computer Engineering, or related fieldStrong understanding of:Digital logic and CMOS fundamentalsVLSI physical design conceptsSetup/hold timing and basic STAFamiliarity with the ASIC RTL2GDS flow: Synthesis → Floorplan → Placement → CTS → RoutingBasic experience with Linux environmentsBasic Tcl scripting skillsDFT awareness

Preferred Qualifications

Team playerHighly motivatedLearning abilitiesGood communication in English",Hardware / Embedded
linkedin,aggregator,https://am.linkedin.com/jobs/view/senior-backend-physical-design-engineer-at-retym-inc-4319076200?refId=Lf5qQ2Vo6Il3ZgpdTyPYaw%3D%3D&trackingId=slXlhKOhi94C%2BVM6%2FUvEIw%3D%3D&position=10&pageNum=2,Senior BackEnd (Physical design) Engineer,"Retym, Inc","Yerevan, Yerevan, Armenia",Full-time,Mid-Senior level,Semiconductor Manufacturing,2025-10-23,,,"For an exciting well-funded start-up, we are looking for a Backend Team member.

You will work on complex design, high frequency and low-power budget. Work on ramp-up full RTL2GDSII flow for leading technology and work with external vendors.

Requirements:

Key responsibilities:

RTL-to-GDSII Ownership: execute the complete backend implementation flow (Logic Synthesis, P&R, Tape-Out, IR-drop, etc.), ensuring timely, first-pass silicon success. Constraints & Timing Closure: Work with design and DFT engineers to write timing and physical constraints, and sign-off on the design using comprehensive Static

Timing Analysis (STA), timing eco implementation.

 Advanced Physical Implementation: Drive complex physical design tasks including Floorplanning, Power/Ground (PG) Mesh implementation, and handling advanced

clocking (CTS/Clock-Mesh) and Hierarchical Design flows.

 Low Power Expertise: Define, implement, and verify advanced low power design techniques to meet aggressive power consumption targets. Design for Manufacturability: Implement and verify Design-for-Test (DFT) strategies and close physical verification challenges, specifically focusing on IR-Drop

analysis.

 IP Integration & Automation: Execute complex IP integration, incorporating blocks generated by memory compilers and other automated tools.Collaboration: work closely with design team to understand the data path and correctly implement the floorplan, provide feedback on RTL changes required, Implement logical eco post RTL freeze with design team.CAD: Improve existing implementation flows to achieve better QOR, write scripts for supporting the P&R flows.

Minimum Qualifications

 Experience of 10+ years in backend design Strong expertise of full RTL2GDSII including: Logic synthesis & equivalence checking Constraints definition and writing Complicated IP integration Memory compilers and other automated block generators DFT Floorplanning, PG Mesh P&R Low power design including definition, implementation and verification Timing STA IR-Drop BS/MS in EE/CE from lead universities

Preferred Qualifications

 Team player Highly motivated Learning abilities Good communication Work with external vendors Experience in Synopsys/Cadence tools is an advantage Low power techniques Clock-mesh/ multi source cts Hierarchical design flow Experience in tape-out procedures RTL code reading",Hardware / Embedded
linkedin,aggregator,https://am.linkedin.com/jobs/view/pcb-layout-design-engineer-at-tauro-technologies-4375228545?refId=Oz95CMbxh%2BWdKCDSPBI4JA%3D%3D&trackingId=%2FMNasOuHQYXJhHU23Or%2FgA%3D%3D&position=15&pageNum=1,PCB Layout Design Engineer,Tauro Technologies,"Yerevan, Yerevan, Armenia",Full-time,Entry level,Information Technology & Services,2026-02-25,,,"Role DescriptionTauro Technologies is hiring a detail-oriented PCB Layout Design Engineer who enjoys turning complex schematics into production-ready, high-speed, high-quality PCB designs.If you care about signal integrity, clean routing, and manufacturable designs, we want to talk to you.
What You’ll DoDesign multi-layer PCBs (4–16+ layers) for high-speed embedded systemsWork closely with hardware engineers to optimize layout for SI/PI, EMI/EMCPrepare manufacturing outputs (Gerbers, ODB++, fabrication & assembly files)Support bring-up and debugging when layout-related issues arise
What We’re Looking For3+ years of PCB layout experienceStrong experience with Altium Designer (preferred)Experience with high-speed interfaces (DDR, PCIe, USB, Ethernet, MIPI, etc.)Understanding of stack-up design, impedance control, and differential routingKnowledge of DFM, DFT, and manufacturing constraints",Hardware / Embedded
epam,company_portal,https://careers.epam.com/en/vacancy/blt8bmhclh41dphpujd_en,Junior C++ Engineer (Video / WebRTC),EPAM Systems,"Armenia, Georgia",,Junior,Developer,2026-03-16,,"C++, WebRTC, GStreamer, Video Encoding, Video Streaming Standards","EPAM Systems is looking for a Junior C++ Engineer with basic WebRTC to join a video conferencing project in the unified communications domain, covering telephony, PBX, messaging, meetings, and contact center solutions. This role is suitable for junior specialists who have gained initial hands-on experience in video streaming or media processing through university projects, internships, or pet projects. Responsibilities Participate in development of video-conferencing components and backend services Work with real-time media streaming and communication features Collaborate with senior engineers on implementation, debugging, and optimization Contribute to testing, code reviews, and performance improvements Requirements Basic hands-on experience with C++ and/or Node.js Any practical exposure to video streaming or media processing, such as experience with WebRTC (preferred), or work with video/audio codecs, or media processing/conversion pipelines, or GStreamer/similar frameworks, or backend components for media/streaming systems Experience gained via university coursework, labs, internships, or pet projects is acceptable Basic understanding of networking fundamentals (TCP/UDP, real-time data flow) Strong motivation to learn and develop in the real-time communications domain Nice to have Exposure to real-time communication architectures Familiarity with Linux environments Understanding of media servers or streaming infrastructure

Responsibilities:
- Participate in development of video-conferencing components and backend services
- Work with real-time media streaming and communication features
- Collaborate with senior engineers on implementation, debugging, and optimization
- Contribute to testing, code reviews, and performance improvements

Requirements:
- Basic hands-on experience with C++ and/or Node.js
- Any practical exposure to video streaming or media processing, such as experience with WebRTC (preferred), or work with video/audio codecs, or media processing/conversion pipelines, or GStreamer/similar frameworks, or backend components for media/streaming systems
- Experience gained via university coursework, labs, internships, or pet projects is acceptable
- Basic understanding of networking fundamentals (TCP/UDP, real-time data flow)
- Strong motivation to learn and develop in the real-time communications domain

Nice To Have:
- Exposure to real-time communication architectures
- Familiarity with Linux environments
- Understanding of media servers or streaming infrastructure",Hardware / Embedded
softconstruct,company_portal,https://peopleforce.softconstruct.com/careers/v/2466-av-engineer,AV Engineer,SoftConstruct,Yerevan,,,Technology,,,,"AV Engineer
Description
Creedroomz is looking for an AV Engineer to join our team.
Requirements
Advanced knowledge of photography concepts (aperture, shutter speed, ISO, exposure, lenses).
Experience in electronic engineering and broadcast/communication equipment.
Advanced knowledge of video camera operation and production video switchers.
Experience with live chroma keying.
Strong understanding of SDI, HDMI, network systems, and AV infrastructure.
Excellent color vision and hearing.
Strong IT and production management skills.
Strong fault-detection and creative problem-solving abilities.
Excellent attention to detail, time management, flexibility, and teamwork skills.
Responsibilities
Participate in studio build processes by installing, configuring, and testing dedicated audio-visual equipment.
Maintain equipment used for audio-video production, broadcasting, signage, and media display.
Set up and monitor audio-visual transmission links between studio units.
Identify and repair technical faults promptly, implementing alternative solutions where possible to minimize interruptions.
Set up and operate equipment and transmission links during live broadcasts.
Install custom low-power audio-visual circuits, including data, video, and audio cabling.
Assemble and configure hardware systems and related AV infrastructure.
Adhere strictly to health and safety regulations in the workplace.
Interpret and implement technical instructions and requests from various departments.
Communicate effectively with team members and cross-functional colleagues.
Stay updated with industry trends and technological advancements, researching new systems and techniques.
Education:
Bachelor’s degree in Information Technology, Computer Science, or a related technical field.
Work Experience:
Minimum 2 years of experience in audio-visual engineering, broadcast production, or studio technical operations.
Professional Skills:
Installation and configuration of AV systems
Live broadcast technical support
Troubleshooting AV and transmission systems
Technical documentation
Personal Skills:
Strong analytical thinking
Responsibility and reliability
Ability to work under pressure during live operations
Team-oriented mindset
Location:
20 Garegin Hovsepyan St, Norq-Marash, Yerevan, Armenia
122/1 Gevorg Chaushi Highway, Proshyan Village, Nairi Community, Kotayk Province, Armenia
Department
Technical Production Department / Տեխնիկական նախագծման բաժին
Location
Yerevan",Hardware / Embedded
softconstruct,company_portal,https://peopleforce.softconstruct.com/careers/v/1824-,Տեխնիկական մասնագետ,SoftConstruct,Yerevan,,,Technology,,,,"Տեխնիկական մասնագետ
Աշխատանքի նկարագրություն
Creedroomz
-ը փնտրում է   հմուտ և պատասխանատու մոնտաժային մասնագետ, ով ունի հեռահաղորդակցման և էլեկտրական համակարգերի հետ աշխատանքային փորձ, ինչպես նաև մալուխների անցկացման ,սարքավորումների տեղադրման և տեխնիկական փաստաթղթերի վարման գործառնական փորձ։
Պարտականություններ
• Սարքերի, համակարգերի և սարքավորումների տեղադրում և միացում ,
• Տեխնիկական գծագրերի, պլանների և ձեռնարկների ընթերցում և կիրառում,
• Համակարգերի փորձարկում, ֆունկցիոնալ կարգավորումների կատարում և որակի ստուգում,
• Սարքավորումների պարամետրերի ճշգրտում՝ օպտիմալ աշխատանք ապահովելու համար,
• Տեղադրված համակարգերի ընթացիկ սպասարկում և վերանորոգում,
• Անվտանգության բոլոր կանոնակարգերի պահպանում:
Հմտություններ
• Առնվազն 2 տարվա փորձ համապատասխան ոլորտում,
• Հիմնական էլեկտրական սարքավորումներով աշխատելու ունակություն,
• Անվտանգության ընթացակարգերի իմացություն,
• Տեխնիկական կամ ենթակառուցվածքային նախագծերին մասնակցելու փորձ,
• Համակարգչային գրագիտության տարրական գիտելիքներ,
• Առաջադրանքները համակարգելու համար ինժեներների և այլ տեխնիկների հետ համագործակցելու ունակություն,
• Էլեկտրատեխնիկայի կամ հեռահաղորդակցման համակարգերի հավաստագրում կամ մասնագիտական ուսուցումը կդիտարկվի առավելություն,
• Կառուցվածքային մալուխային համակարգերի ստանդարտների և փորձարկման ընթացակարգերի իմացություն
Աշխատանքային օրեր և ժամեր՝
, երկուշաբթի-ուրբաթ, (09։00-18։00)։
Հասցե
՝ “Կովկաս” համալիր, գ․ Պռոշյան, Գևւորգ Չաուշի 122:
Department
Executive Office / Վարչակազմ
Location
Yerevan",Hardware / Embedded
softconstruct,company_portal,https://peopleforce.softconstruct.com/careers/v/1274-,Տեսահսկման համակարգի մասնագետ,SoftConstruct,Yerevan,,,Technology,,,,"Տեսահսկման համակարգի մասնագետ
Description
Իրականացնել տեսահսկում և գնահատել դիտարկվող իրավիճակն ու հնարավոր ռիսկերը
Requirements
Անհրաժեշտ հմտություններ
Տվյալ ոլորտում աշխատանքային փորձը ցանկալի է
Միջնակարգ /բարձրագույն կրթություն /ցանկալի է/
Հայերենի լավ  իմացություն, անգլերենի և ռուսերենի իմացությունը ցանկալի է
MS Office իմացություն, համակարգչով հայատառ տեքստեր հավաքելու հմտություն
Զգոնություն և գաղտնապահություն
Պատասխանատվության բարձր զգացում
Միտքը գրավոր շարադրելու ունակություն
Սթրեսային իրավիճակներում արագ կողմնորոշվելու ունակություն
Գիշերային/ցերեկային հերթափոխով աշխատելու պատրաստակամություն
Responsibilities
Աշխատանքային պարտականություններ
Հայտնաբերված խախտումների, տեղի ունեցող արտակարգ իրավիճակների, ինչպես նաև տեսահսկման համակարգի անսարքություններ վերաբերյալ տեղեկացնել անմիջական ղեկավարին
Սահմանել տեսախցիկների անընդմեջ հսկողություն
Պահպանել աշխատանքային գաղտնիքները
Իրականացնել հիմնական գործառույթների հետ կապված այլ պարտականություններ
Nice to have
Working conditions
Department
Internal Security Department / Ներքին անվտանգության բաժին
Location
Yerevan",Hardware / Embedded
softconstruct,company_portal,https://peopleforce.softconstruct.com/careers/v/2127-,Տեսահսկման մասնագետ,SoftConstruct,Yerevan,,,Technology,,,,"Տեսահսկման մասնագետ
Դուք պատրա՞ստ եք դառնալ մեր նոր Տեսահսկման Համակարգի Մասնագետը
SoftConstruct-ը նոր թիմակից է փնտրում
Աշխատանքը հերթափոխային է / 12 ժամ
Աշխատանքի նկարագրություն
Ստուգել և վերահսկել տեսահսկման համակարգերի աշխատանքը՝ հայտնաբերած թերությունների և խնդիրների մասին տեղեկացնել համապատասխան ՏՏ մասնագետին, և զեկուցել անմիջական ղեկավարին կամ հերթափոխի ղեկավարին
Իրականացնել տեսահսկման մշտադիտարկում՝ աշխատանքային գործընթացների անվտանգությունն ապահովելու նպատակով
Մոնիտորինգ իրականացնել ընկերության տարածքներում չթույլատրված մուտքերի և տրանսպորտային միջոցների տեղաշարժերը բացահայտելու համար
Վերլուծել տեսանյութերը և արձանագրել աշխատանքային օրակարգի խախտումները՝ հաղորդելով համապատասխան ղեկավարությանը
Ստուգել աշխատակիցների մուտքի և ելքի գործընթացը տվյալների համապատասխանությունը վերահսկելու նպատակով
Վերահսկել տարածքում տեղի ունեցող հատուկ իրադարձությունները՝ անհրաժեշտ դեպքում նախապատրաստել տեսանյութեր կազմել դրանց ուղեկցող հաշվետվություն
Ներկայացնել տեսահսկման աշխատանքների մասին հաշվետվություններ և առաջարկություններ՝ հետագա գործողությունների համար
Իրականացնել անմիջական ղեկավարի կողմից տրված այլ գործառույթներ, որոնք բխում են պաշտոնի նկարագրից և չեն հակասում աշխատանքային օրենսգրքին
Աշխատանքային պարտականություններ
Ցանկալի է բարձրագույն կրթություն տեխնիկական կամ անվտանգության ոլորտներում
Ցանկալի է 1-2 տարվա աշխատանքային փորձ տեսահսկման կամ անվտանգության ոլորտում
Տեսահսկման համակարգերի և տեխնիկական սարքավորումների գործառնական գիտելիքներ
Բարեխիղճ աշխատանք՝ անվտանգության և կարգապահության պահանջներին համապատասխան
Խնդիրների լուծման և շտապ գործողությունների կարողություն՝ աշխատանքային հարմարավետություն ապահովելու համար
Տեխնիկական խնդիրների լուծման կարողություն՝ արագ արձագանքելու համար
Հմտություն՝ աշխատակիցների մուտքի/ելքի վերահսկման համակարգի հետ աշխատելու և հաղորդակցման հմտություններ։
Ուշադիր լինել մանրամասներին՝ պատշաճ արձագանքներ տալու համար։
Հաղորդակցման հմտություններ՝ թիմում և ղեկավարության հետ արդյունավետ համագործակցություն հաստատելու նպատակով
Սթրեսին դիմակայելու և շտապ իրավիճակներում աշխատանք կատարելու կարողություն
Հավատարիմ լինել ընկերության անվտանգության և կարգապահական քաղաքականությանը
Ժամանակի կառավարման հմտություններ՝ բազմաբառարանական գործառույթներ իրականացնելու համար
Department
Internal Security Department / Ներքին անվտանգության բաժին
Location
Yerevan",Hardware / Embedded
